route_id,route_name,name2crawl,s_stop,e_stop,s_time,e_time,distance,avg_velocity,duration,orientation_coords,destination_coords,province,city,v_name,trip,destination,vehicle_type,grade_energy,stop_num,base_energy
410900010144,1路(胡乜--高铁公交客运中心),1,胡乜,高铁公交客运中心,2025-01-20 06:30:00,2025-01-20 07:38:33,20559.0,17.994748358862143,68.55,"(114.99302532155141, 35.75647107381662)","(115.14304645406683, 35.76764522575136)",河南省,濮阳市,1,1,15889,large,-0.18999999999999992,38,20.396767420568924
410900010143,1路(高铁公交客运中心--胡乜),1,高铁公交客运中心,胡乜,2025-01-20 06:30:00,2025-01-20 07:34:14,20335.0,18.994810586403737,64.23333333333333,"(115.14304445029791, 35.76764522240244)","(114.99315158176897, 35.758773790227096)",河南省,濮阳市,2,1,5335,large,0.15199999999999997,36,20.45381431292164
410900010144,1路(胡乜--高铁公交客运中心),1,胡乜,高铁公交客运中心,2025-01-20 06:44:00,2025-01-20 07:52:33,20559.0,17.994748358862143,68.55,"(114.99302532155141, 35.75647107381662)","(115.14304645406683, 35.76764522575136)",河南省,濮阳市,3,1,15889,large,-0.18999999999999992,38,20.396767420568924
410900010143,1路(高铁公交客运中心--胡乜),1,高铁公交客运中心,胡乜,2025-01-20 06:45:00,2025-01-20 07:49:14,20335.0,18.994810586403737,64.23333333333333,"(115.14304445029791, 35.76764522240244)","(114.99315158176897, 35.758773790227096)",河南省,濮阳市,4,1,5335,large,0.15199999999999997,36,20.45381431292164
410900010144,1路(胡乜--高铁公交客运中心),1,胡乜,高铁公交客运中心,2025-01-20 06:58:00,2025-01-20 08:06:33,20559.0,17.994748358862143,68.55,"(114.99302532155141, 35.75647107381662)","(115.14304645406683, 35.76764522575136)",河南省,濮阳市,5,1,15889,large,-0.18999999999999992,38,20.396767420568924
410900010143,1路(高铁公交客运中心--胡乜),1,高铁公交客运中心,胡乜,2025-01-20 06:59:00,2025-01-20 08:03:14,20335.0,18.994810586403737,64.23333333333333,"(115.14304445029791, 35.76764522240244)","(114.99315158176897, 35.758773790227096)",河南省,濮阳市,6,1,5335,large,0.15199999999999997,36,20.45381431292164
410900010144,1路(胡乜--高铁公交客运中心),1,胡乜,高铁公交客运中心,2025-01-20 07:12:00,2025-01-20 08:23:54,20559.0,17.15632823365786,71.9,"(114.99302532155141, 35.75647107381662)","(115.14304645406683, 35.76764522575136)",河南省,濮阳市,7,1,15889,large,-0.18999999999999992,38,20.276107865090403
410900010143,1路(高铁公交客运中心--胡乜),1,高铁公交客运中心,胡乜,2025-01-20 07:14:00,2025-01-20 08:29:26,20335.0,16.174547061422892,75.43333333333334,"(115.14304445029791, 35.76764522240244)","(114.99315158176897, 35.758773790227096)",河南省,濮阳市,8,1,5335,large,0.15199999999999997,36,20.052363901458243
410900010144,1路(胡乜--高铁公交客运中心),1,胡乜,高铁公交客运中心,2025-01-20 07:23:00,2025-01-20 08:34:54,20559.0,17.15632823365786,71.9,"(114.99302532155141, 35.75647107381662)","(115.14304645406683, 35.76764522575136)",河南省,濮阳市,9,1,15889,large,-0.18999999999999992,38,20.276107865090403
410900010143,1路(高铁公交客运中心--胡乜),1,高铁公交客运中心,胡乜,2025-01-20 07:27:00,2025-01-20 08:42:26,20335.0,16.174547061422892,75.43333333333334,"(115.14304445029791, 35.76764522240244)","(114.99315158176897, 35.758773790227096)",河南省,濮阳市,10,1,5335,large,0.15199999999999997,36,20.052363901458243
410900010144,1路(胡乜--高铁公交客运中心),1,胡乜,高铁公交客运中心,2025-01-20 07:36:00,2025-01-20 08:47:54,20559.0,17.15632823365786,71.9,"(114.99302532155141, 35.75647107381662)","(115.14304645406683, 35.76764522575136)",河南省,濮阳市,11,1,15889,large,-0.18999999999999992,38,20.276107865090403
410900010143,1路(高铁公交客运中心--胡乜),1,高铁公交客运中心,胡乜,2025-01-20 07:39:00,2025-01-20 08:54:26,20335.0,16.174547061422892,75.43333333333334,"(115.14304445029791, 35.76764522240244)","(114.99315158176897, 35.758773790227096)",河南省,濮阳市,12,1,5335,large,0.15199999999999997,36,20.052363901458243
410900010144,1路(胡乜--高铁公交客运中心),1,胡乜,高铁公交客运中心,2025-01-20 07:47:00,2025-01-20 08:58:54,20559.0,17.15632823365786,71.9,"(114.99302532155141, 35.75647107381662)","(115.14304645406683, 35.76764522575136)",河南省,濮阳市,2,2,15889,large,-0.18999999999999992,38,20.276107865090403
410900010143,1路(高铁公交客运中心--胡乜),1,高铁公交客运中心,胡乜,2025-01-20 07:50:00,2025-01-20 09:05:26,20335.0,16.174547061422892,75.43333333333334,"(115.14304445029791, 35.76764522240244)","(114.99315158176897, 35.758773790227096)",河南省,濮阳市,1,2,5335,large,0.15199999999999997,36,20.052363901458243
410900010144,1路(胡乜--高铁公交客运中心),1,胡乜,高铁公交客运中心,2025-01-20 07:59:00,2025-01-20 09:10:54,20559.0,17.15632823365786,71.9,"(114.99302532155141, 35.75647107381662)","(115.14304645406683, 35.76764522575136)",河南省,濮阳市,4,2,15889,large,-0.18999999999999992,38,20.276107865090403
410900010143,1路(高铁公交客运中心--胡乜),1,高铁公交客运中心,胡乜,2025-01-20 08:06:00,2025-01-20 09:21:26,20335.0,16.174547061422892,75.43333333333334,"(115.14304445029791, 35.76764522240244)","(114.99315158176897, 35.758773790227096)",河南省,濮阳市,3,2,5335,large,0.15199999999999997,36,20.052363901458243
410900010144,1路(胡乜--高铁公交客运中心),1,胡乜,高铁公交客运中心,2025-01-20 08:13:00,2025-01-20 09:24:54,20559.0,17.15632823365786,71.9,"(114.99302532155141, 35.75647107381662)","(115.14304645406683, 35.76764522575136)",河南省,濮阳市,6,2,15889,large,-0.18999999999999992,38,20.276107865090403
410900010143,1路(高铁公交客运中心--胡乜),1,高铁公交客运中心,胡乜,2025-01-20 08:20:00,2025-01-20 09:35:26,20335.0,16.174547061422892,75.43333333333334,"(115.14304445029791, 35.76764522240244)","(114.99315158176897, 35.758773790227096)",河南省,濮阳市,5,2,5335,large,0.15199999999999997,36,20.052363901458243
410900010144,1路(胡乜--高铁公交客运中心),1,胡乜,高铁公交客运中心,2025-01-20 08:28:00,2025-01-20 09:39:54,20559.0,17.15632823365786,71.9,"(114.99302532155141, 35.75647107381662)","(115.14304645406683, 35.76764522575136)",河南省,濮阳市,13,1,15889,large,-0.18999999999999992,38,20.276107865090403
410900010143,1路(高铁公交客运中心--胡乜),1,高铁公交客运中心,胡乜,2025-01-20 08:35:00,2025-01-20 09:50:26,20335.0,16.174547061422892,75.43333333333334,"(115.14304445029791, 35.76764522240244)","(114.99315158176897, 35.758773790227096)",河南省,濮阳市,7,2,5335,large,0.15199999999999997,36,20.052363901458243
410900010144,1路(胡乜--高铁公交客运中心),1,胡乜,高铁公交客运中心,2025-01-20 08:42:00,2025-01-20 09:53:54,20559.0,17.15632823365786,71.9,"(114.99302532155141, 35.75647107381662)","(115.14304645406683, 35.76764522575136)",河南省,濮阳市,8,2,15889,large,-0.18999999999999992,38,20.276107865090403
410900010143,1路(高铁公交客运中心--胡乜),1,高铁公交客运中心,胡乜,2025-01-20 08:51:00,2025-01-20 10:06:26,20335.0,16.174547061422892,75.43333333333334,"(115.14304445029791, 35.76764522240244)","(114.99315158176897, 35.758773790227096)",河南省,濮阳市,9,2,5335,large,0.15199999999999997,36,20.052363901458243
410900010144,1路(胡乜--高铁公交客运中心),1,胡乜,高铁公交客运中心,2025-01-20 08:55:00,2025-01-20 10:06:54,20559.0,17.15632823365786,71.9,"(114.99302532155141, 35.75647107381662)","(115.14304645406683, 35.76764522575136)",河南省,濮阳市,10,2,15889,large,-0.18999999999999992,38,20.276107865090403
410900010143,1路(高铁公交客运中心--胡乜),1,高铁公交客运中心,胡乜,2025-01-20 09:06:00,2025-01-20 10:10:14,20335.0,18.994810586403737,64.23333333333333,"(115.14304445029791, 35.76764522240244)","(114.99315158176897, 35.758773790227096)",河南省,濮阳市,11,2,5335,large,0.15199999999999997,36,20.45381431292164
410900010144,1路(胡乜--高铁公交客运中心),1,胡乜,高铁公交客运中心,2025-01-20 09:09:00,2025-01-20 10:17:33,20559.0,17.994748358862143,68.55,"(114.99302532155141, 35.75647107381662)","(115.14304645406683, 35.76764522575136)",河南省,濮阳市,12,2,15889,large,-0.18999999999999992,38,20.396767420568924
410900010143,1路(高铁公交客运中心--胡乜),1,高铁公交客运中心,胡乜,2025-01-20 09:20:00,2025-01-20 10:24:14,20335.0,18.994810586403737,64.23333333333333,"(115.14304445029791, 35.76764522240244)","(114.99315158176897, 35.758773790227096)",河南省,濮阳市,4,3,5335,large,0.15199999999999997,36,20.45381431292164
410900010144,1路(胡乜--高铁公交客运中心),1,胡乜,高铁公交客运中心,2025-01-20 09:25:00,2025-01-20 10:33:33,20559.0,17.994748358862143,68.55,"(114.99302532155141, 35.75647107381662)","(115.14304645406683, 35.76764522575136)",河南省,濮阳市,1,3,15889,large,-0.18999999999999992,38,20.396767420568924
410900010143,1路(高铁公交客运中心--胡乜),1,高铁公交客运中心,胡乜,2025-01-20 09:36:00,2025-01-20 10:40:14,20335.0,18.994810586403737,64.23333333333333,"(115.14304445029791, 35.76764522240244)","(114.99315158176897, 35.758773790227096)",河南省,濮阳市,6,3,5335,large,0.15199999999999997,36,20.45381431292164
410900010144,1路(胡乜--高铁公交客运中心),1,胡乜,高铁公交客运中心,2025-01-20 09:40:00,2025-01-20 10:48:33,20559.0,17.994748358862143,68.55,"(114.99302532155141, 35.75647107381662)","(115.14304645406683, 35.76764522575136)",河南省,濮阳市,3,3,15889,large,-0.18999999999999992,38,20.396767420568924
410900010143,1路(高铁公交客运中心--胡乜),1,高铁公交客运中心,胡乜,2025-01-20 09:50:00,2025-01-20 10:54:14,20335.0,18.994810586403737,64.23333333333333,"(115.14304445029791, 35.76764522240244)","(114.99315158176897, 35.758773790227096)",河南省,濮阳市,13,2,5335,large,0.15199999999999997,36,20.45381431292164
410900010144,1路(胡乜--高铁公交客运中心),1,胡乜,高铁公交客运中心,2025-01-20 09:55:00,2025-01-20 11:03:33,20559.0,17.994748358862143,68.55,"(114.99302532155141, 35.75647107381662)","(115.14304645406683, 35.76764522575136)",河南省,濮阳市,5,3,15889,large,-0.18999999999999992,38,20.396767420568924
410900010143,1路(高铁公交客运中心--胡乜),1,高铁公交客运中心,胡乜,2025-01-20 10:05:00,2025-01-20 11:09:14,20335.0,18.994810586403737,64.23333333333333,"(115.14304445029791, 35.76764522240244)","(114.99315158176897, 35.758773790227096)",河南省,濮阳市,8,3,5335,large,0.15199999999999997,36,20.45381431292164
410900010144,1路(胡乜--高铁公交客运中心),1,胡乜,高铁公交客运中心,2025-01-20 10:09:00,2025-01-20 11:17:33,20559.0,17.994748358862143,68.55,"(114.99302532155141, 35.75647107381662)","(115.14304645406683, 35.76764522575136)",河南省,濮阳市,7,3,15889,large,-0.18999999999999992,38,20.396767420568924
410900010143,1路(高铁公交客运中心--胡乜),1,高铁公交客运中心,胡乜,2025-01-20 10:20:00,2025-01-20 11:24:14,20335.0,18.994810586403737,64.23333333333333,"(115.14304445029791, 35.76764522240244)","(114.99315158176897, 35.758773790227096)",河南省,濮阳市,10,3,5335,large,0.15199999999999997,36,20.45381431292164
410900010144,1路(胡乜--高铁公交客运中心),1,胡乜,高铁公交客运中心,2025-01-20 10:25:00,2025-01-20 11:33:33,20559.0,17.994748358862143,68.55,"(114.99302532155141, 35.75647107381662)","(115.14304645406683, 35.76764522575136)",河南省,濮阳市,11,3,15889,large,-0.18999999999999992,38,20.396767420568924
410900010143,1路(高铁公交客运中心--胡乜),1,高铁公交客运中心,胡乜,2025-01-20 10:36:00,2025-01-20 11:40:14,20335.0,18.994810586403737,64.23333333333333,"(115.14304445029791, 35.76764522240244)","(114.99315158176897, 35.758773790227096)",河南省,濮阳市,12,3,5335,large,0.15199999999999997,36,20.45381431292164
410900010144,1路(胡乜--高铁公交客运中心),1,胡乜,高铁公交客运中心,2025-01-20 10:40:00,2025-01-20 11:48:33,20559.0,17.994748358862143,68.55,"(114.99302532155141, 35.75647107381662)","(115.14304645406683, 35.76764522575136)",河南省,濮阳市,4,4,15889,large,-0.18999999999999992,38,20.396767420568924
410900010143,1路(高铁公交客运中心--胡乜),1,高铁公交客运中心,胡乜,2025-01-20 10:50:00,2025-01-20 11:54:14,20335.0,18.994810586403737,64.23333333333333,"(115.14304445029791, 35.76764522240244)","(114.99315158176897, 35.758773790227096)",河南省,濮阳市,1,4,5335,large,0.15199999999999997,36,20.45381431292164
410900010144,1路(胡乜--高铁公交客运中心),1,胡乜,高铁公交客运中心,2025-01-20 10:54:00,2025-01-20 12:02:33,20559.0,17.994748358862143,68.55,"(114.99302532155141, 35.75647107381662)","(115.14304645406683, 35.76764522575136)",河南省,濮阳市,6,4,15889,large,-0.18999999999999992,38,20.396767420568924
410900010143,1路(高铁公交客运中心--胡乜),1,高铁公交客运中心,胡乜,2025-01-20 11:06:00,2025-01-20 12:10:14,20335.0,18.994810586403737,64.23333333333333,"(115.14304445029791, 35.76764522240244)","(114.99315158176897, 35.758773790227096)",河南省,濮阳市,3,4,5335,large,0.15199999999999997,36,20.45381431292164
410900010144,1路(胡乜--高铁公交客运中心),1,胡乜,高铁公交客运中心,2025-01-20 11:09:00,2025-01-20 12:17:33,20559.0,17.994748358862143,68.55,"(114.99302532155141, 35.75647107381662)","(115.14304645406683, 35.76764522575136)",河南省,濮阳市,13,3,15889,large,-0.18999999999999992,38,20.396767420568924
410900010143,1路(高铁公交客运中心--胡乜),1,高铁公交客运中心,胡乜,2025-01-20 11:22:00,2025-01-20 12:26:14,20335.0,18.994810586403737,64.23333333333333,"(115.14304445029791, 35.76764522240244)","(114.99315158176897, 35.758773790227096)",河南省,濮阳市,5,4,5335,large,0.15199999999999997,36,20.45381431292164
410900010144,1路(胡乜--高铁公交客运中心),1,胡乜,高铁公交客运中心,2025-01-20 11:24:00,2025-01-20 12:32:33,20559.0,17.994748358862143,68.55,"(114.99302532155141, 35.75647107381662)","(115.14304645406683, 35.76764522575136)",河南省,濮阳市,8,4,15889,large,-0.18999999999999992,38,20.396767420568924
410900010143,1路(高铁公交客运中心--胡乜),1,高铁公交客运中心,胡乜,2025-01-20 11:36:00,2025-01-20 12:40:14,20335.0,18.994810586403737,64.23333333333333,"(115.14304445029791, 35.76764522240244)","(114.99315158176897, 35.758773790227096)",河南省,濮阳市,7,4,5335,large,0.15199999999999997,36,20.45381431292164
410900010144,1路(胡乜--高铁公交客运中心),1,胡乜,高铁公交客运中心,2025-01-20 11:36:00,2025-01-20 12:44:33,20559.0,17.994748358862143,68.55,"(114.99302532155141, 35.75647107381662)","(115.14304645406683, 35.76764522575136)",河南省,濮阳市,10,4,15889,large,-0.18999999999999992,38,20.396767420568924
410900010143,1路(高铁公交客运中心--胡乜),1,高铁公交客运中心,胡乜,2025-01-20 11:48:00,2025-01-20 12:52:14,20335.0,18.994810586403737,64.23333333333333,"(115.14304445029791, 35.76764522240244)","(114.99315158176897, 35.758773790227096)",河南省,濮阳市,11,4,5335,large,0.15199999999999997,36,20.45381431292164
410900010144,1路(胡乜--高铁公交客运中心),1,胡乜,高铁公交客运中心,2025-01-20 11:48:00,2025-01-20 12:56:33,20559.0,17.994748358862143,68.55,"(114.99302532155141, 35.75647107381662)","(115.14304645406683, 35.76764522575136)",河南省,濮阳市,12,4,15889,large,-0.18999999999999992,38,20.396767420568924
410900010144,1路(胡乜--高铁公交客运中心),1,胡乜,高铁公交客运中心,2025-01-20 12:00:00,2025-01-20 13:08:33,20559.0,17.994748358862143,68.55,"(114.99302532155141, 35.75647107381662)","(115.14304645406683, 35.76764522575136)",河南省,濮阳市,1,5,15889,large,-0.18999999999999992,38,20.396767420568924
410900010143,1路(高铁公交客运中心--胡乜),1,高铁公交客运中心,胡乜,2025-01-20 12:01:00,2025-01-20 13:05:14,20335.0,18.994810586403737,64.23333333333333,"(115.14304445029791, 35.76764522240244)","(114.99315158176897, 35.758773790227096)",河南省,濮阳市,4,5,5335,large,0.15199999999999997,36,20.45381431292164
410900010144,1路(胡乜--高铁公交客运中心),1,胡乜,高铁公交客运中心,2025-01-20 12:14:00,2025-01-20 13:22:33,20559.0,17.994748358862143,68.55,"(114.99302532155141, 35.75647107381662)","(115.14304645406683, 35.76764522575136)",河南省,濮阳市,14,1,15889,large,-0.18999999999999992,38,20.396767420568924
410900010143,1路(高铁公交客运中心--胡乜),1,高铁公交客运中心,胡乜,2025-01-20 12:16:00,2025-01-20 13:20:14,20335.0,18.994810586403737,64.23333333333333,"(115.14304445029791, 35.76764522240244)","(114.99315158176897, 35.758773790227096)",河南省,濮阳市,6,5,5335,large,0.15199999999999997,36,20.45381431292164
410900010143,1路(高铁公交客运中心--胡乜),1,高铁公交客运中心,胡乜,2025-01-20 12:30:00,2025-01-20 13:34:14,20335.0,18.994810586403737,64.23333333333333,"(115.14304445029791, 35.76764522240244)","(114.99315158176897, 35.758773790227096)",河南省,濮阳市,13,4,5335,large,0.15199999999999997,36,20.45381431292164
410900010144,1路(胡乜--高铁公交客运中心),1,胡乜,高铁公交客运中心,2025-01-20 12:38:00,2025-01-20 13:46:33,20559.0,17.994748358862143,68.55,"(114.99302532155141, 35.75647107381662)","(115.14304645406683, 35.76764522575136)",河南省,濮阳市,5,5,15889,large,-0.18999999999999992,38,20.396767420568924
410900010143,1路(高铁公交客运中心--胡乜),1,高铁公交客运中心,胡乜,2025-01-20 12:44:00,2025-01-20 13:48:14,20335.0,18.994810586403737,64.23333333333333,"(115.14304445029791, 35.76764522240244)","(114.99315158176897, 35.758773790227096)",河南省,濮阳市,8,5,5335,large,0.15199999999999997,36,20.45381431292164
410900010144,1路(胡乜--高铁公交客运中心),1,胡乜,高铁公交客运中心,2025-01-20 12:54:00,2025-01-20 14:02:33,20559.0,17.994748358862143,68.55,"(114.99302532155141, 35.75647107381662)","(115.14304645406683, 35.76764522575136)",河南省,濮阳市,7,5,15889,large,-0.18999999999999992,38,20.396767420568924
410900010143,1路(高铁公交客运中心--胡乜),1,高铁公交客运中心,胡乜,2025-01-20 12:59:00,2025-01-20 14:03:14,20335.0,18.994810586403737,64.23333333333333,"(115.14304445029791, 35.76764522240244)","(114.99315158176897, 35.758773790227096)",河南省,濮阳市,10,5,5335,large,0.15199999999999997,36,20.45381431292164
410900010144,1路(胡乜--高铁公交客运中心),1,胡乜,高铁公交客运中心,2025-01-20 13:12:00,2025-01-20 14:20:33,20559.0,17.994748358862143,68.55,"(114.99302532155141, 35.75647107381662)","(115.14304645406683, 35.76764522575136)",河南省,濮阳市,11,5,15889,large,-0.18999999999999992,38,20.396767420568924
410900010143,1路(高铁公交客运中心--胡乜),1,高铁公交客运中心,胡乜,2025-01-20 13:16:00,2025-01-20 14:20:14,20335.0,18.994810586403737,64.23333333333333,"(115.14304445029791, 35.76764522240244)","(114.99315158176897, 35.758773790227096)",河南省,濮阳市,12,5,5335,large,0.15199999999999997,36,20.45381431292164
410900010144,1路(胡乜--高铁公交客运中心),1,胡乜,高铁公交客运中心,2025-01-20 13:27:00,2025-01-20 14:35:33,20559.0,17.994748358862143,68.55,"(114.99302532155141, 35.75647107381662)","(115.14304645406683, 35.76764522575136)",河南省,濮阳市,6,6,15889,large,-0.18999999999999992,38,20.396767420568924
410900010143,1路(高铁公交客运中心--胡乜),1,高铁公交客运中心,胡乜,2025-01-20 13:32:00,2025-01-20 14:36:14,20335.0,18.994810586403737,64.23333333333333,"(115.14304445029791, 35.76764522240244)","(114.99315158176897, 35.758773790227096)",河南省,濮阳市,14,2,5335,large,0.15199999999999997,36,20.45381431292164
410900010144,1路(胡乜--高铁公交客运中心),1,胡乜,高铁公交客运中心,2025-01-20 13:43:00,2025-01-20 14:51:33,20559.0,17.994748358862143,68.55,"(114.99302532155141, 35.75647107381662)","(115.14304645406683, 35.76764522575136)",河南省,濮阳市,13,5,15889,large,-0.18999999999999992,38,20.396767420568924
410900010143,1路(高铁公交客运中心--胡乜),1,高铁公交客运中心,胡乜,2025-01-20 13:46:00,2025-01-20 14:50:14,20335.0,18.994810586403737,64.23333333333333,"(115.14304445029791, 35.76764522240244)","(114.99315158176897, 35.758773790227096)",河南省,濮阳市,15,1,5335,large,0.15199999999999997,36,20.45381431292164
410900010144,1路(胡乜--高铁公交客运中心),1,胡乜,高铁公交客运中心,2025-01-20 13:57:00,2025-01-20 15:05:33,20559.0,17.994748358862143,68.55,"(114.99302532155141, 35.75647107381662)","(115.14304645406683, 35.76764522575136)",河南省,濮阳市,8,6,15889,large,-0.18999999999999992,38,20.396767420568924
410900010143,1路(高铁公交客运中心--胡乜),1,高铁公交客运中心,胡乜,2025-01-20 14:03:00,2025-01-20 15:07:14,20335.0,18.994810586403737,64.23333333333333,"(115.14304445029791, 35.76764522240244)","(114.99315158176897, 35.758773790227096)",河南省,濮阳市,5,6,5335,large,0.15199999999999997,36,20.45381431292164
410900010144,1路(胡乜--高铁公交客运中心),1,胡乜,高铁公交客运中心,2025-01-20 14:10:00,2025-01-20 15:18:33,20559.0,17.994748358862143,68.55,"(114.99302532155141, 35.75647107381662)","(115.14304645406683, 35.76764522575136)",河南省,濮阳市,10,6,15889,large,-0.18999999999999992,38,20.396767420568924
410900010143,1路(高铁公交客运中心--胡乜),1,高铁公交客运中心,胡乜,2025-01-20 14:18:00,2025-01-20 15:22:14,20335.0,18.994810586403737,64.23333333333333,"(115.14304445029791, 35.76764522240244)","(114.99315158176897, 35.758773790227096)",河南省,濮阳市,7,6,5335,large,0.15199999999999997,36,20.45381431292164
410900010144,1路(胡乜--高铁公交客运中心),1,胡乜,高铁公交客运中心,2025-01-20 14:21:00,2025-01-20 15:29:33,20559.0,17.994748358862143,68.55,"(114.99302532155141, 35.75647107381662)","(115.14304645406683, 35.76764522575136)",河南省,濮阳市,16,1,15889,large,-0.18999999999999992,38,20.396767420568924
410900010143,1路(高铁公交客运中心--胡乜),1,高铁公交客运中心,胡乜,2025-01-20 14:34:00,2025-01-20 15:38:14,20335.0,18.994810586403737,64.23333333333333,"(115.14304445029791, 35.76764522240244)","(114.99315158176897, 35.758773790227096)",河南省,濮阳市,11,6,5335,large,0.15199999999999997,36,20.45381431292164
410900010144,1路(胡乜--高铁公交客运中心),1,胡乜,高铁公交客运中心,2025-01-20 14:36:00,2025-01-20 15:44:33,20559.0,17.994748358862143,68.55,"(114.99302532155141, 35.75647107381662)","(115.14304645406683, 35.76764522575136)",河南省,濮阳市,12,6,15889,large,-0.18999999999999992,38,20.396767420568924
410900010143,1路(高铁公交客运中心--胡乜),1,高铁公交客运中心,胡乜,2025-01-20 14:50:00,2025-01-20 15:54:14,20335.0,18.994810586403737,64.23333333333333,"(115.14304445029791, 35.76764522240244)","(114.99315158176897, 35.758773790227096)",河南省,濮阳市,6,7,5335,large,0.15199999999999997,36,20.45381431292164
410900010144,1路(胡乜--高铁公交客运中心),1,胡乜,高铁公交客运中心,2025-01-20 14:55:00,2025-01-20 16:03:33,20559.0,17.994748358862143,68.55,"(114.99302532155141, 35.75647107381662)","(115.14304645406683, 35.76764522575136)",河南省,濮阳市,14,3,15889,large,-0.18999999999999992,38,20.396767420568924
410900010143,1路(高铁公交客运中心--胡乜),1,高铁公交客运中心,胡乜,2025-01-20 15:06:00,2025-01-20 16:10:14,20335.0,18.994810586403737,64.23333333333333,"(115.14304445029791, 35.76764522240244)","(114.99315158176897, 35.758773790227096)",河南省,濮阳市,13,6,5335,large,0.15199999999999997,36,20.45381431292164
410900010144,1路(胡乜--高铁公交客运中心),1,胡乜,高铁公交客运中心,2025-01-20 15:15:00,2025-01-20 16:23:33,20559.0,17.994748358862143,68.55,"(114.99302532155141, 35.75647107381662)","(115.14304645406683, 35.76764522575136)",河南省,濮阳市,15,2,15889,large,-0.18999999999999992,38,20.396767420568924
410900010143,1路(高铁公交客运中心--胡乜),1,高铁公交客运中心,胡乜,2025-01-20 15:23:00,2025-01-20 16:27:14,20335.0,18.994810586403737,64.23333333333333,"(115.14304445029791, 35.76764522240244)","(114.99315158176897, 35.758773790227096)",河南省,濮阳市,8,7,5335,large,0.15199999999999997,36,20.45381431292164
410900010144,1路(胡乜--高铁公交客运中心),1,胡乜,高铁公交客运中心,2025-01-20 15:35:00,2025-01-20 16:43:33,20559.0,17.994748358862143,68.55,"(114.99302532155141, 35.75647107381662)","(115.14304645406683, 35.76764522575136)",河南省,濮阳市,7,7,15889,large,-0.18999999999999992,38,20.396767420568924
410900010143,1路(高铁公交客运中心--胡乜),1,高铁公交客运中心,胡乜,2025-01-20 15:38:00,2025-01-20 16:42:14,20335.0,18.994810586403737,64.23333333333333,"(115.14304445029791, 35.76764522240244)","(114.99315158176897, 35.758773790227096)",河南省,濮阳市,16,2,5335,large,0.15199999999999997,36,20.45381431292164
410900010143,1路(高铁公交客运中心--胡乜),1,高铁公交客运中心,胡乜,2025-01-20 15:54:00,2025-01-20 16:58:14,20335.0,18.994810586403737,64.23333333333333,"(115.14304445029791, 35.76764522240244)","(114.99315158176897, 35.758773790227096)",河南省,濮阳市,12,7,5335,large,0.15199999999999997,36,20.45381431292164
410900010144,1路(胡乜--高铁公交客运中心),1,胡乜,高铁公交客运中心,2025-01-20 15:55:00,2025-01-20 17:03:33,20559.0,17.994748358862143,68.55,"(114.99302532155141, 35.75647107381662)","(115.14304645406683, 35.76764522575136)",河南省,濮阳市,11,7,15889,large,-0.18999999999999992,38,20.396767420568924
410900010143,1路(高铁公交客运中心--胡乜),1,高铁公交客运中心,胡乜,2025-01-20 16:10:00,2025-01-20 17:14:14,20335.0,18.994810586403737,64.23333333333333,"(115.14304445029791, 35.76764522240244)","(114.99315158176897, 35.758773790227096)",河南省,濮阳市,14,4,5335,large,0.15199999999999997,36,20.45381431292164
410900010144,1路(胡乜--高铁公交客运中心),1,胡乜,高铁公交客运中心,2025-01-20 16:16:00,2025-01-20 17:24:33,20559.0,17.994748358862143,68.55,"(114.99302532155141, 35.75647107381662)","(115.14304645406683, 35.76764522575136)",河南省,濮阳市,13,7,15889,large,-0.18999999999999992,38,20.396767420568924
410900010143,1路(高铁公交客运中心--胡乜),1,高铁公交客运中心,胡乜,2025-01-20 16:26:00,2025-01-20 17:30:14,20335.0,18.994810586403737,64.23333333333333,"(115.14304445029791, 35.76764522240244)","(114.99315158176897, 35.758773790227096)",河南省,濮阳市,17,1,5335,large,0.15199999999999997,36,20.45381431292164
410900010144,1路(胡乜--高铁公交客运中心),1,胡乜,高铁公交客运中心,2025-01-20 16:37:00,2025-01-20 17:45:33,20559.0,17.994748358862143,68.55,"(114.99302532155141, 35.75647107381662)","(115.14304645406683, 35.76764522575136)",河南省,濮阳市,8,8,15889,large,-0.18999999999999992,38,20.396767420568924
410900010143,1路(高铁公交客运中心--胡乜),1,高铁公交客运中心,胡乜,2025-01-20 16:43:00,2025-01-20 17:47:14,20335.0,18.994810586403737,64.23333333333333,"(115.14304445029791, 35.76764522240244)","(114.99315158176897, 35.758773790227096)",河南省,濮阳市,15,3,5335,large,0.15199999999999997,36,20.45381431292164
410900010144,1路(胡乜--高铁公交客运中心),1,胡乜,高铁公交客运中心,2025-01-20 16:54:00,2025-01-20 18:02:33,20559.0,17.994748358862143,68.55,"(114.99302532155141, 35.75647107381662)","(115.14304645406683, 35.76764522575136)",河南省,濮阳市,16,3,15889,large,-0.18999999999999992,38,20.396767420568924
410900010143,1路(高铁公交客运中心--胡乜),1,高铁公交客运中心,胡乜,2025-01-20 17:02:00,2025-01-20 18:17:26,20335.0,16.174547061422892,75.43333333333334,"(115.14304445029791, 35.76764522240244)","(114.99315158176897, 35.758773790227096)",河南省,濮阳市,7,8,5335,large,0.15199999999999997,36,20.052363901458243
410900010144,1路(胡乜--高铁公交客运中心),1,胡乜,高铁公交客运中心,2025-01-20 17:12:00,2025-01-20 18:23:54,20559.0,17.15632823365786,71.9,"(114.99302532155141, 35.75647107381662)","(115.14304645406683, 35.76764522575136)",河南省,濮阳市,12,8,15889,large,-0.18999999999999992,38,20.276107865090403
410900010143,1路(高铁公交客运中心--胡乜),1,高铁公交客运中心,胡乜,2025-01-20 17:22:00,2025-01-20 18:37:26,20335.0,16.174547061422892,75.43333333333334,"(115.14304445029791, 35.76764522240244)","(114.99315158176897, 35.758773790227096)",河南省,濮阳市,11,8,5335,large,0.15199999999999997,36,20.052363901458243
410900010144,1路(胡乜--高铁公交客运中心),1,胡乜,高铁公交客运中心,2025-01-20 17:31:00,2025-01-20 18:42:54,20559.0,17.15632823365786,71.9,"(114.99302532155141, 35.75647107381662)","(115.14304645406683, 35.76764522575136)",河南省,濮阳市,14,5,15889,large,-0.18999999999999992,38,20.276107865090403
410900010143,1路(高铁公交客运中心--胡乜),1,高铁公交客运中心,胡乜,2025-01-20 17:40:00,2025-01-20 18:55:26,20335.0,16.174547061422892,75.43333333333334,"(115.14304445029791, 35.76764522240244)","(114.99315158176897, 35.758773790227096)",河南省,濮阳市,13,8,5335,large,0.15199999999999997,36,20.052363901458243
410900010144,1路(胡乜--高铁公交客运中心),1,胡乜,高铁公交客运中心,2025-01-20 17:48:00,2025-01-20 18:59:54,20559.0,17.15632823365786,71.9,"(114.99302532155141, 35.75647107381662)","(115.14304645406683, 35.76764522575136)",河南省,濮阳市,17,2,15889,large,-0.18999999999999992,38,20.276107865090403
410900010143,1路(高铁公交客运中心--胡乜),1,高铁公交客运中心,胡乜,2025-01-20 17:59:00,2025-01-20 19:14:26,20335.0,16.174547061422892,75.43333333333334,"(115.14304445029791, 35.76764522240244)","(114.99315158176897, 35.758773790227096)",河南省,濮阳市,8,9,5335,large,0.15199999999999997,36,20.052363901458243
410900010144,1路(胡乜--高铁公交客运中心),1,胡乜,高铁公交客运中心,2025-01-20 18:06:00,2025-01-20 19:17:54,20559.0,17.15632823365786,71.9,"(114.99302532155141, 35.75647107381662)","(115.14304645406683, 35.76764522575136)",河南省,濮阳市,15,4,15889,large,-0.18999999999999992,38,20.276107865090403
410900010143,1路(高铁公交客运中心--胡乜),1,高铁公交客运中心,胡乜,2025-01-20 18:12:00,2025-01-20 19:27:26,20335.0,16.174547061422892,75.43333333333334,"(115.14304445029791, 35.76764522240244)","(114.99315158176897, 35.758773790227096)",河南省,濮阳市,16,4,5335,large,0.15199999999999997,36,20.052363901458243
410900010143,1路(高铁公交客运中心--胡乜),1,高铁公交客运中心,胡乜,2025-01-20 18:29:00,2025-01-20 19:44:26,20335.0,16.174547061422892,75.43333333333334,"(115.14304445029791, 35.76764522240244)","(114.99315158176897, 35.758773790227096)",河南省,濮阳市,12,9,5335,large,0.15199999999999997,36,20.052363901458243
410900010144,1路(胡乜--高铁公交客运中心),1,胡乜,高铁公交客运中心,2025-01-20 18:31:00,2025-01-20 19:42:54,20559.0,17.15632823365786,71.9,"(114.99302532155141, 35.75647107381662)","(115.14304645406683, 35.76764522575136)",河南省,濮阳市,7,9,15889,large,-0.18999999999999992,38,20.276107865090403
410900010143,1路(高铁公交客运中心--胡乜),1,高铁公交客运中心,胡乜,2025-01-20 18:44:00,2025-01-20 19:59:26,20335.0,16.174547061422892,75.43333333333334,"(115.14304445029791, 35.76764522240244)","(114.99315158176897, 35.758773790227096)",河南省,濮阳市,18,1,5335,large,0.15199999999999997,36,20.052363901458243
410900010143,1路(高铁公交客运中心--胡乜),1,高铁公交客运中心,胡乜,2025-01-20 18:59:00,2025-01-20 20:14:26,20335.0,16.174547061422892,75.43333333333334,"(115.14304445029791, 35.76764522240244)","(114.99315158176897, 35.758773790227096)",河南省,濮阳市,14,6,5335,large,0.15199999999999997,36,20.052363901458243
410900010144,1路(胡乜--高铁公交客运中心),1,胡乜,高铁公交客运中心,2025-01-20 19:00:00,2025-01-20 20:08:33,20559.0,17.994748358862143,68.55,"(114.99302532155141, 35.75647107381662)","(115.14304645406683, 35.76764522575136)",河南省,濮阳市,11,9,15889,large,-0.18999999999999992,38,20.396767420568924
410900010144,1路(胡乜--高铁公交客运中心),1,胡乜,高铁公交客运中心,2025-01-20 19:19:00,2025-01-20 20:27:33,20559.0,17.994748358862143,68.55,"(114.99302532155141, 35.75647107381662)","(115.14304645406683, 35.76764522575136)",河南省,濮阳市,13,9,15889,large,-0.18999999999999992,38,20.396767420568924
410900010143,1路(高铁公交客运中心--胡乜),1,高铁公交客运中心,胡乜,2025-01-20 19:24:00,2025-01-20 20:28:14,20335.0,18.994810586403737,64.23333333333333,"(115.14304445029791, 35.76764522240244)","(114.99315158176897, 35.758773790227096)",河南省,濮阳市,17,3,5335,large,0.15199999999999997,36,20.45381431292164
900000132407,11路(濮阳石油化工职业技术学院--工人文化宫),11,濮阳石油化工职业技术学院,工人文化宫,2025-01-20 06:30:00,2025-01-20 07:27:33,21400.0,22.31103388357949,57.55,"(115.16441023073762, 35.77641245292205)","(115.02206835210401, 35.8075357368671)",河南省,濮阳市,19,1,15908,large,-0.07600000000000001,39,21.9285128757602
900000132406,11路(工人文化宫--濮阳石油化工职业技术学院),11,工人文化宫,濮阳石油化工职业技术学院,2025-01-20 06:30:00,2025-01-20 07:34:43,21090.0,19.5529229976822,64.71666666666667,"(115.0216849376965, 35.805435506645026)","(115.16250817271008, 35.77633891686956)",河南省,濮阳市,20,1,16953,large,0.03800000000000001,38,21.260890022147823
900000132406,11路(工人文化宫--濮阳石油化工职业技术学院),11,工人文化宫,濮阳石油化工职业技术学院,2025-01-20 06:48:00,2025-01-20 07:52:43,21090.0,19.5529229976822,64.71666666666667,"(115.0216849376965, 35.805435506645026)","(115.16250817271008, 35.77633891686956)",河南省,濮阳市,21,1,16953,large,0.03800000000000001,38,21.260890022147823
900000132407,11路(濮阳石油化工职业技术学院--工人文化宫),11,濮阳石油化工职业技术学院,工人文化宫,2025-01-20 06:51:00,2025-01-20 07:48:33,21400.0,22.31103388357949,57.55,"(115.16441023073762, 35.77641245292205)","(115.02206835210401, 35.8075357368671)",河南省,濮阳市,22,1,15908,large,-0.07600000000000001,39,21.9285128757602
900000132406,11路(工人文化宫--濮阳石油化工职业技术学院),11,工人文化宫,濮阳石油化工职业技术学院,2025-01-20 07:10:00,2025-01-20 08:17:45,21090.0,18.67749077490775,67.75,"(115.0216849376965, 35.805435506645026)","(115.16250817271008, 35.77633891686956)",河南省,濮阳市,23,1,16953,large,0.03800000000000001,38,21.13164996309963
900000132407,11路(濮阳石油化工职业技术学院--工人文化宫),11,濮阳石油化工职业技术学院,工人文化宫,2025-01-20 07:13:00,2025-01-20 08:14:51,21400.0,20.75990299110752,61.85,"(115.16441023073762, 35.77641245292205)","(115.02206835210401, 35.8075357368671)",河南省,濮阳市,24,1,15908,large,-0.07600000000000001,39,21.6961534680679
900000132406,11路(工人文化宫--濮阳石油化工职业技术学院),11,工人文化宫,濮阳石油化工职业技术学院,2025-01-20 07:31:00,2025-01-20 08:38:45,21090.0,18.67749077490775,67.75,"(115.0216849376965, 35.805435506645026)","(115.16250817271008, 35.77633891686956)",河南省,濮阳市,25,1,16953,large,0.03800000000000001,38,21.13164996309963
900000132407,11路(濮阳石油化工职业技术学院--工人文化宫),11,濮阳石油化工职业技术学院,工人文化宫,2025-01-20 07:35:00,2025-01-20 08:36:51,21400.0,20.75990299110752,61.85,"(115.16441023073762, 35.77641245292205)","(115.02206835210401, 35.8075357368671)",河南省,濮阳市,26,1,15908,large,-0.07600000000000001,39,21.6961534680679
900000132406,11路(工人文化宫--濮阳石油化工职业技术学院),11,工人文化宫,濮阳石油化工职业技术学院,2025-01-20 07:46:00,2025-01-20 08:53:45,21090.0,18.67749077490775,67.75,"(115.0216849376965, 35.805435506645026)","(115.16250817271008, 35.77633891686956)",河南省,濮阳市,19,2,16953,large,0.03800000000000001,38,21.13164996309963
900000132407,11路(濮阳石油化工职业技术学院--工人文化宫),11,濮阳石油化工职业技术学院,工人文化宫,2025-01-20 07:57:00,2025-01-20 08:58:51,21400.0,20.75990299110752,61.85,"(115.16441023073762, 35.77641245292205)","(115.02206835210401, 35.8075357368671)",河南省,濮阳市,20,2,15908,large,-0.07600000000000001,39,21.6961534680679
900000132407,11路(濮阳石油化工职业技术学院--工人文化宫),11,濮阳石油化工职业技术学院,工人文化宫,2025-01-20 08:19:00,2025-01-20 09:20:51,21400.0,20.75990299110752,61.85,"(115.16441023073762, 35.77641245292205)","(115.02206835210401, 35.8075357368671)",河南省,濮阳市,21,2,15908,large,-0.07600000000000001,39,21.6961534680679
900000132406,11路(工人文化宫--濮阳石油化工职业技术学院),11,工人文化宫,濮阳石油化工职业技术学院,2025-01-20 08:19:00,2025-01-20 09:26:45,21090.0,18.67749077490775,67.75,"(115.0216849376965, 35.805435506645026)","(115.16250817271008, 35.77633891686956)",河南省,濮阳市,22,2,16953,large,0.03800000000000001,38,21.13164996309963
900000132406,11路(工人文化宫--濮阳石油化工职业技术学院),11,工人文化宫,濮阳石油化工职业技术学院,2025-01-20 08:39:00,2025-01-20 09:46:45,21090.0,18.67749077490775,67.75,"(115.0216849376965, 35.805435506645026)","(115.16250817271008, 35.77633891686956)",河南省,濮阳市,24,2,16953,large,0.03800000000000001,38,21.13164996309963
900000132407,11路(濮阳石油化工职业技术学院--工人文化宫),11,濮阳石油化工职业技术学院,工人文化宫,2025-01-20 08:42:00,2025-01-20 09:43:51,21400.0,20.75990299110752,61.85,"(115.16441023073762, 35.77641245292205)","(115.02206835210401, 35.8075357368671)",河南省,濮阳市,23,2,15908,large,-0.07600000000000001,39,21.6961534680679
900000132407,11路(濮阳石油化工职业技术学院--工人文化宫),11,濮阳石油化工职业技术学院,工人文化宫,2025-01-20 09:05:00,2025-01-20 10:02:33,21400.0,22.31103388357949,57.55,"(115.16441023073762, 35.77641245292205)","(115.02206835210401, 35.8075357368671)",河南省,濮阳市,25,2,15908,large,-0.07600000000000001,39,21.9285128757602
900000132406,11路(工人文化宫--濮阳石油化工职业技术学院),11,工人文化宫,濮阳石油化工职业技术学院,2025-01-20 09:07:00,2025-01-20 10:11:43,21090.0,19.5529229976822,64.71666666666667,"(115.0216849376965, 35.805435506645026)","(115.16250817271008, 35.77633891686956)",河南省,濮阳市,26,2,16953,large,0.03800000000000001,38,21.260890022147823
900000132407,11路(濮阳石油化工职业技术学院--工人文化宫),11,濮阳石油化工职业技术学院,工人文化宫,2025-01-20 09:28:00,2025-01-20 10:25:33,21400.0,22.31103388357949,57.55,"(115.16441023073762, 35.77641245292205)","(115.02206835210401, 35.8075357368671)",河南省,濮阳市,27,1,15908,large,-0.07600000000000001,39,21.9285128757602
900000132406,11路(工人文化宫--濮阳石油化工职业技术学院),11,工人文化宫,濮阳石油化工职业技术学院,2025-01-20 09:35:00,2025-01-20 10:39:43,21090.0,19.5529229976822,64.71666666666667,"(115.0216849376965, 35.805435506645026)","(115.16250817271008, 35.77633891686956)",河南省,濮阳市,21,3,16953,large,0.03800000000000001,38,21.260890022147823
900000132407,11路(濮阳石油化工职业技术学院--工人文化宫),11,濮阳石油化工职业技术学院,工人文化宫,2025-01-20 09:51:00,2025-01-20 10:48:33,21400.0,22.31103388357949,57.55,"(115.16441023073762, 35.77641245292205)","(115.02206835210401, 35.8075357368671)",河南省,濮阳市,22,3,15908,large,-0.07600000000000001,39,21.9285128757602
900000132406,11路(工人文化宫--濮阳石油化工职业技术学院),11,工人文化宫,濮阳石油化工职业技术学院,2025-01-20 10:01:00,2025-01-20 11:05:43,21090.0,19.5529229976822,64.71666666666667,"(115.0216849376965, 35.805435506645026)","(115.16250817271008, 35.77633891686956)",河南省,濮阳市,23,3,16953,large,0.03800000000000001,38,21.260890022147823
900000132407,11路(濮阳石油化工职业技术学院--工人文化宫),11,濮阳石油化工职业技术学院,工人文化宫,2025-01-20 10:14:00,2025-01-20 11:11:33,21400.0,22.31103388357949,57.55,"(115.16441023073762, 35.77641245292205)","(115.02206835210401, 35.8075357368671)",河南省,濮阳市,24,3,15908,large,-0.07600000000000001,39,21.9285128757602
900000132406,11路(工人文化宫--濮阳石油化工职业技术学院),11,工人文化宫,濮阳石油化工职业技术学院,2025-01-20 10:28:00,2025-01-20 11:32:43,21090.0,19.5529229976822,64.71666666666667,"(115.0216849376965, 35.805435506645026)","(115.16250817271008, 35.77633891686956)",河南省,濮阳市,25,3,16953,large,0.03800000000000001,38,21.260890022147823
900000132407,11路(濮阳石油化工职业技术学院--工人文化宫),11,濮阳石油化工职业技术学院,工人文化宫,2025-01-20 10:37:00,2025-01-20 11:34:33,21400.0,22.31103388357949,57.55,"(115.16441023073762, 35.77641245292205)","(115.02206835210401, 35.8075357368671)",河南省,濮阳市,26,3,15908,large,-0.07600000000000001,39,21.9285128757602
900000132406,11路(工人文化宫--濮阳石油化工职业技术学院),11,工人文化宫,濮阳石油化工职业技术学院,2025-01-20 10:55:00,2025-01-20 11:59:43,21090.0,19.5529229976822,64.71666666666667,"(115.0216849376965, 35.805435506645026)","(115.16250817271008, 35.77633891686956)",河南省,濮阳市,27,2,16953,large,0.03800000000000001,38,21.260890022147823
900000132407,11路(濮阳石油化工职业技术学院--工人文化宫),11,濮阳石油化工职业技术学院,工人文化宫,2025-01-20 11:08:00,2025-01-20 12:05:33,21400.0,22.31103388357949,57.55,"(115.16441023073762, 35.77641245292205)","(115.02206835210401, 35.8075357368671)",河南省,濮阳市,21,4,15908,large,-0.07600000000000001,39,21.9285128757602
900000132406,11路(工人文化宫--濮阳石油化工职业技术学院),11,工人文化宫,濮阳石油化工职业技术学院,2025-01-20 11:22:00,2025-01-20 12:26:43,21090.0,19.5529229976822,64.71666666666667,"(115.0216849376965, 35.805435506645026)","(115.16250817271008, 35.77633891686956)",河南省,濮阳市,24,4,16953,large,0.03800000000000001,38,21.260890022147823
900000132407,11路(濮阳石油化工职业技术学院--工人文化宫),11,濮阳石油化工职业技术学院,工人文化宫,2025-01-20 11:37:00,2025-01-20 12:34:33,21400.0,22.31103388357949,57.55,"(115.16441023073762, 35.77641245292205)","(115.02206835210401, 35.8075357368671)",河南省,濮阳市,23,4,15908,large,-0.07600000000000001,39,21.9285128757602
900000132406,11路(工人文化宫--濮阳石油化工职业技术学院),11,工人文化宫,濮阳石油化工职业技术学院,2025-01-20 11:50:00,2025-01-20 12:54:43,21090.0,19.5529229976822,64.71666666666667,"(115.0216849376965, 35.805435506645026)","(115.16250817271008, 35.77633891686956)",河南省,濮阳市,26,4,16953,large,0.03800000000000001,38,21.260890022147823
900000132407,11路(濮阳石油化工职业技术学院--工人文化宫),11,濮阳石油化工职业技术学院,工人文化宫,2025-01-20 12:07:00,2025-01-20 13:04:33,21400.0,22.31103388357949,57.55,"(115.16441023073762, 35.77641245292205)","(115.02206835210401, 35.8075357368671)",河南省,濮阳市,27,3,15908,large,-0.07600000000000001,39,21.9285128757602
900000132406,11路(工人文化宫--濮阳石油化工职业技术学院),11,工人文化宫,濮阳石油化工职业技术学院,2025-01-20 12:17:00,2025-01-20 13:21:43,21090.0,19.5529229976822,64.71666666666667,"(115.0216849376965, 35.805435506645026)","(115.16250817271008, 35.77633891686956)",河南省,濮阳市,21,5,16953,large,0.03800000000000001,38,21.260890022147823
900000132407,11路(濮阳石油化工职业技术学院--工人文化宫),11,濮阳石油化工职业技术学院,工人文化宫,2025-01-20 12:32:00,2025-01-20 13:29:33,21400.0,22.31103388357949,57.55,"(115.16441023073762, 35.77641245292205)","(115.02206835210401, 35.8075357368671)",河南省,濮阳市,24,5,15908,large,-0.07600000000000001,39,21.9285128757602
900000132406,11路(工人文化宫--濮阳石油化工职业技术学院),11,工人文化宫,濮阳石油化工职业技术学院,2025-01-20 12:47:00,2025-01-20 13:51:43,21090.0,19.5529229976822,64.71666666666667,"(115.0216849376965, 35.805435506645026)","(115.16250817271008, 35.77633891686956)",河南省,濮阳市,23,5,16953,large,0.03800000000000001,38,21.260890022147823
900000132407,11路(濮阳石油化工职业技术学院--工人文化宫),11,濮阳石油化工职业技术学院,工人文化宫,2025-01-20 12:57:00,2025-01-20 13:54:33,21400.0,22.31103388357949,57.55,"(115.16441023073762, 35.77641245292205)","(115.02206835210401, 35.8075357368671)",河南省,濮阳市,28,1,15908,large,-0.07600000000000001,39,21.9285128757602
900000132406,11路(工人文化宫--濮阳石油化工职业技术学院),11,工人文化宫,濮阳石油化工职业技术学院,2025-01-20 13:15:00,2025-01-20 14:19:43,21090.0,19.5529229976822,64.71666666666667,"(115.0216849376965, 35.805435506645026)","(115.16250817271008, 35.77633891686956)",河南省,濮阳市,27,4,16953,large,0.03800000000000001,38,21.260890022147823
900000132407,11路(濮阳石油化工职业技术学院--工人文化宫),11,濮阳石油化工职业技术学院,工人文化宫,2025-01-20 13:24:00,2025-01-20 14:21:33,21400.0,22.31103388357949,57.55,"(115.16441023073762, 35.77641245292205)","(115.02206835210401, 35.8075357368671)",河南省,濮阳市,26,5,15908,large,-0.07600000000000001,39,21.9285128757602
900000132406,11路(工人文化宫--濮阳石油化工职业技术学院),11,工人文化宫,濮阳石油化工职业技术学院,2025-01-20 13:44:00,2025-01-20 14:48:43,21090.0,19.5529229976822,64.71666666666667,"(115.0216849376965, 35.805435506645026)","(115.16250817271008, 35.77633891686956)",河南省,濮阳市,24,6,16953,large,0.03800000000000001,38,21.260890022147823
900000132407,11路(濮阳石油化工职业技术学院--工人文化宫),11,濮阳石油化工职业技术学院,工人文化宫,2025-01-20 13:54:00,2025-01-20 14:51:33,21400.0,22.31103388357949,57.55,"(115.16441023073762, 35.77641245292205)","(115.02206835210401, 35.8075357368671)",河南省,濮阳市,21,6,15908,large,-0.07600000000000001,39,21.9285128757602
900000132406,11路(工人文化宫--濮阳石油化工职业技术学院),11,工人文化宫,濮阳石油化工职业技术学院,2025-01-20 14:09:00,2025-01-20 15:13:43,21090.0,19.5529229976822,64.71666666666667,"(115.0216849376965, 35.805435506645026)","(115.16250817271008, 35.77633891686956)",河南省,濮阳市,28,2,16953,large,0.03800000000000001,38,21.260890022147823
900000132407,11路(濮阳石油化工职业技术学院--工人文化宫),11,濮阳石油化工职业技术学院,工人文化宫,2025-01-20 14:23:00,2025-01-20 15:20:33,21400.0,22.31103388357949,57.55,"(115.16441023073762, 35.77641245292205)","(115.02206835210401, 35.8075357368671)",河南省,濮阳市,23,6,15908,large,-0.07600000000000001,39,21.9285128757602
900000132406,11路(工人文化宫--濮阳石油化工职业技术学院),11,工人文化宫,濮阳石油化工职业技术学院,2025-01-20 14:35:00,2025-01-20 15:39:43,21090.0,19.5529229976822,64.71666666666667,"(115.0216849376965, 35.805435506645026)","(115.16250817271008, 35.77633891686956)",河南省,濮阳市,26,6,16953,large,0.03800000000000001,38,21.260890022147823
900000132407,11路(濮阳石油化工职业技术学院--工人文化宫),11,濮阳石油化工职业技术学院,工人文化宫,2025-01-20 14:54:00,2025-01-20 15:51:33,21400.0,22.31103388357949,57.55,"(115.16441023073762, 35.77641245292205)","(115.02206835210401, 35.8075357368671)",河南省,濮阳市,27,5,15908,large,-0.07600000000000001,39,21.9285128757602
900000132406,11路(工人文化宫--濮阳石油化工职业技术学院),11,工人文化宫,濮阳石油化工职业技术学院,2025-01-20 15:01:00,2025-01-20 16:05:43,21090.0,19.5529229976822,64.71666666666667,"(115.0216849376965, 35.805435506645026)","(115.16250817271008, 35.77633891686956)",河南省,濮阳市,21,7,16953,large,0.03800000000000001,38,21.260890022147823
900000132407,11路(濮阳石油化工职业技术学院--工人文化宫),11,濮阳石油化工职业技术学院,工人文化宫,2025-01-20 15:19:00,2025-01-20 16:16:33,21400.0,22.31103388357949,57.55,"(115.16441023073762, 35.77641245292205)","(115.02206835210401, 35.8075357368671)",河南省,濮阳市,28,3,15908,large,-0.07600000000000001,39,21.9285128757602
900000132406,11路(工人文化宫--濮阳石油化工职业技术学院),11,工人文化宫,濮阳石油化工职业技术学院,2025-01-20 15:27:00,2025-01-20 16:31:43,21090.0,19.5529229976822,64.71666666666667,"(115.0216849376965, 35.805435506645026)","(115.16250817271008, 35.77633891686956)",河南省,濮阳市,23,7,16953,large,0.03800000000000001,38,21.260890022147823
900000132407,11路(濮阳石油化工职业技术学院--工人文化宫),11,濮阳石油化工职业技术学院,工人文化宫,2025-01-20 15:44:00,2025-01-20 16:41:33,21400.0,22.31103388357949,57.55,"(115.16441023073762, 35.77641245292205)","(115.02206835210401, 35.8075357368671)",河南省,濮阳市,29,1,15908,large,-0.07600000000000001,39,21.9285128757602
900000132406,11路(工人文化宫--濮阳石油化工职业技术学院),11,工人文化宫,濮阳石油化工职业技术学院,2025-01-20 15:54:00,2025-01-20 16:58:43,21090.0,19.5529229976822,64.71666666666667,"(115.0216849376965, 35.805435506645026)","(115.16250817271008, 35.77633891686956)",河南省,濮阳市,30,1,16953,large,0.03800000000000001,38,21.260890022147823
900000132407,11路(濮阳石油化工职业技术学院--工人文化宫),11,濮阳石油化工职业技术学院,工人文化宫,2025-01-20 16:11:00,2025-01-20 17:08:33,21400.0,22.31103388357949,57.55,"(115.16441023073762, 35.77641245292205)","(115.02206835210401, 35.8075357368671)",河南省,濮阳市,26,7,15908,large,-0.07600000000000001,39,21.9285128757602
900000132406,11路(工人文化宫--濮阳石油化工职业技术学院),11,工人文化宫,濮阳石油化工职业技术学院,2025-01-20 16:22:00,2025-01-20 17:26:43,21090.0,19.5529229976822,64.71666666666667,"(115.0216849376965, 35.805435506645026)","(115.16250817271008, 35.77633891686956)",河南省,濮阳市,28,4,16953,large,0.03800000000000001,38,21.260890022147823
900000132407,11路(濮阳石油化工职业技术学院--工人文化宫),11,濮阳石油化工职业技术学院,工人文化宫,2025-01-20 16:39:00,2025-01-20 17:36:33,21400.0,22.31103388357949,57.55,"(115.16441023073762, 35.77641245292205)","(115.02206835210401, 35.8075357368671)",河南省,濮阳市,23,8,15908,large,-0.07600000000000001,39,21.9285128757602
900000132406,11路(工人文化宫--濮阳石油化工职业技术学院),11,工人文化宫,濮阳石油化工职业技术学院,2025-01-20 16:47:00,2025-01-20 17:51:43,21090.0,19.5529229976822,64.71666666666667,"(115.0216849376965, 35.805435506645026)","(115.16250817271008, 35.77633891686956)",河南省,濮阳市,29,2,16953,large,0.03800000000000001,38,21.260890022147823
900000132407,11路(濮阳石油化工职业技术学院--工人文化宫),11,濮阳石油化工职业技术学院,工人文化宫,2025-01-20 17:07:00,2025-01-20 18:08:51,21400.0,20.75990299110752,61.85,"(115.16441023073762, 35.77641245292205)","(115.02206835210401, 35.8075357368671)",河南省,濮阳市,30,2,15908,large,-0.07600000000000001,39,21.6961534680679
900000132406,11路(工人文化宫--濮阳石油化工职业技术学院),11,工人文化宫,濮阳石油化工职业技术学院,2025-01-20 17:15:00,2025-01-20 18:22:45,21090.0,18.67749077490775,67.75,"(115.0216849376965, 35.805435506645026)","(115.16250817271008, 35.77633891686956)",河南省,濮阳市,26,8,16953,large,0.03800000000000001,38,21.13164996309963
900000132407,11路(濮阳石油化工职业技术学院--工人文化宫),11,濮阳石油化工职业技术学院,工人文化宫,2025-01-20 17:36:00,2025-01-20 18:37:51,21400.0,20.75990299110752,61.85,"(115.16441023073762, 35.77641245292205)","(115.02206835210401, 35.8075357368671)",河南省,濮阳市,28,5,15908,large,-0.07600000000000001,39,21.6961534680679
900000132406,11路(工人文化宫--濮阳石油化工职业技术学院),11,工人文化宫,濮阳石油化工职业技术学院,2025-01-20 17:43:00,2025-01-20 18:50:45,21090.0,18.67749077490775,67.75,"(115.0216849376965, 35.805435506645026)","(115.16250817271008, 35.77633891686956)",河南省,濮阳市,23,9,16953,large,0.03800000000000001,38,21.13164996309963
900000132407,11路(濮阳石油化工职业技术学院--工人文化宫),11,濮阳石油化工职业技术学院,工人文化宫,2025-01-20 18:03:00,2025-01-20 19:04:51,21400.0,20.75990299110752,61.85,"(115.16441023073762, 35.77641245292205)","(115.02206835210401, 35.8075357368671)",河南省,濮阳市,29,3,15908,large,-0.07600000000000001,39,21.6961534680679
900000132406,11路(工人文化宫--濮阳石油化工职业技术学院),11,工人文化宫,濮阳石油化工职业技术学院,2025-01-20 18:06:00,2025-01-20 19:13:45,21090.0,18.67749077490775,67.75,"(115.0216849376965, 35.805435506645026)","(115.16250817271008, 35.77633891686956)",河南省,濮阳市,31,1,16953,large,0.03800000000000001,38,21.13164996309963
900000132406,11路(工人文化宫--濮阳石油化工职业技术学院),11,工人文化宫,濮阳石油化工职业技术学院,2025-01-20 18:32:00,2025-01-20 19:39:45,21090.0,18.67749077490775,67.75,"(115.0216849376965, 35.805435506645026)","(115.16250817271008, 35.77633891686956)",河南省,濮阳市,30,3,16953,large,0.03800000000000001,38,21.13164996309963
900000132407,11路(濮阳石油化工职业技术学院--工人文化宫),11,濮阳石油化工职业技术学院,工人文化宫,2025-01-20 18:32:00,2025-01-20 19:33:51,21400.0,20.75990299110752,61.85,"(115.16441023073762, 35.77641245292205)","(115.02206835210401, 35.8075357368671)",河南省,濮阳市,26,9,15908,large,-0.07600000000000001,39,21.6961534680679
900000132406,11路(工人文化宫--濮阳石油化工职业技术学院),11,工人文化宫,濮阳石油化工职业技术学院,2025-01-20 18:58:00,2025-01-20 20:05:45,21090.0,18.67749077490775,67.75,"(115.0216849376965, 35.805435506645026)","(115.16250817271008, 35.77633891686956)",河南省,濮阳市,28,6,16953,large,0.03800000000000001,38,21.13164996309963
900000132407,11路(濮阳石油化工职业技术学院--工人文化宫),11,濮阳石油化工职业技术学院,工人文化宫,2025-01-20 18:59:00,2025-01-20 20:00:51,21400.0,20.75990299110752,61.85,"(115.16441023073762, 35.77641245292205)","(115.02206835210401, 35.8075357368671)",河南省,濮阳市,23,10,15908,large,-0.07600000000000001,39,21.6961534680679
410900010137,12路(温泉花园--高铁公交客运中心),12,温泉花园,高铁公交客运中心,2025-01-20 06:30:00,2025-01-20 07:32:23,16122.0,15.50606465402084,62.38333333333333,"(115.00646953328115, 35.74961400467195)","(115.14304645406683, 35.76764522575136)",河南省,濮阳市,32,1,15889,large,-0.15200000000000005,33,16.120655020464866
410900010035,12路(高铁公交客运中心--温泉花园),12,高铁公交客运中心,温泉花园,2025-01-20 06:30:00,2025-01-20 07:30:00,16133.0,16.133,60.0,"(115.14304445029791, 35.76764522240244)","(115.00678331594008, 35.74969703423278)",河南省,濮阳市,33,1,4208,large,0.15200000000000016,32,16.375676223
410900010137,12路(温泉花园--高铁公交客运中心),12,温泉花园,高铁公交客运中心,2025-01-20 06:44:00,2025-01-20 07:46:23,16122.0,15.50606465402084,62.38333333333333,"(115.00646953328115, 35.74961400467195)","(115.14304645406683, 35.76764522575136)",河南省,濮阳市,34,1,15889,large,-0.15200000000000005,33,16.120655020464866
410900010035,12路(高铁公交客运中心--温泉花园),12,高铁公交客运中心,温泉花园,2025-01-20 06:45:00,2025-01-20 07:45:00,16133.0,16.133,60.0,"(115.14304445029791, 35.76764522240244)","(115.00678331594008, 35.74969703423278)",河南省,濮阳市,35,1,4208,large,0.15200000000000016,32,16.375676223
410900010137,12路(温泉花园--高铁公交客运中心),12,温泉花园,高铁公交客运中心,2025-01-20 06:59:00,2025-01-20 08:01:23,16122.0,15.50606465402084,62.38333333333333,"(115.00646953328115, 35.74961400467195)","(115.14304645406683, 35.76764522575136)",河南省,濮阳市,36,1,15889,large,-0.15200000000000005,33,16.120655020464866
410900010035,12路(高铁公交客运中心--温泉花园),12,高铁公交客运中心,温泉花园,2025-01-20 07:01:00,2025-01-20 08:07:22,16133.0,14.58533400301356,66.36666666666666,"(115.14304445029791, 35.76764522240244)","(115.00678331594008, 35.74969703423278)",河南省,濮阳市,37,1,4208,large,0.15200000000000016,32,16.200896754294323
410900010137,12路(温泉花园--高铁公交客运中心),12,温泉花园,高铁公交客运中心,2025-01-20 07:12:00,2025-01-20 08:14:23,16122.0,15.50606465402084,62.38333333333333,"(115.00646953328115, 35.74961400467195)","(115.14304645406683, 35.76764522575136)",河南省,濮阳市,38,1,15889,large,-0.15200000000000005,33,16.120655020464866
410900010035,12路(高铁公交客运中心--温泉花园),12,高铁公交客运中心,温泉花园,2025-01-20 07:15:00,2025-01-20 08:21:22,16133.0,14.58533400301356,66.36666666666666,"(115.14304445029791, 35.76764522240244)","(115.00678331594008, 35.74969703423278)",河南省,濮阳市,39,1,4208,large,0.15200000000000016,32,16.200896754294323
410900010137,12路(温泉花园--高铁公交客运中心),12,温泉花园,高铁公交客运中心,2025-01-20 07:25:00,2025-01-20 08:27:23,16122.0,15.50606465402084,62.38333333333333,"(115.00646953328115, 35.74961400467195)","(115.14304645406683, 35.76764522575136)",河南省,濮阳市,40,1,15889,large,-0.15200000000000005,33,16.120655020464866
410900010035,12路(高铁公交客运中心--温泉花园),12,高铁公交客运中心,温泉花园,2025-01-20 07:28:00,2025-01-20 08:34:22,16133.0,14.58533400301356,66.36666666666666,"(115.14304445029791, 35.76764522240244)","(115.00678331594008, 35.74969703423278)",河南省,濮阳市,41,1,4208,large,0.15200000000000016,32,16.200896754294323
410900010137,12路(温泉花园--高铁公交客运中心),12,温泉花园,高铁公交客运中心,2025-01-20 07:39:00,2025-01-20 08:41:23,16122.0,15.50606465402084,62.38333333333333,"(115.00646953328115, 35.74961400467195)","(115.14304645406683, 35.76764522575136)",河南省,濮阳市,33,2,15889,large,-0.15200000000000005,33,16.120655020464866
410900010035,12路(高铁公交客运中心--温泉花园),12,高铁公交客运中心,温泉花园,2025-01-20 07:41:00,2025-01-20 08:47:22,16133.0,14.58533400301356,66.36666666666666,"(115.14304445029791, 35.76764522240244)","(115.00678331594008, 35.74969703423278)",河南省,濮阳市,32,2,4208,large,0.15200000000000016,32,16.200896754294323
410900010137,12路(温泉花园--高铁公交客运中心),12,温泉花园,高铁公交客运中心,2025-01-20 07:51:00,2025-01-20 08:53:23,16122.0,15.50606465402084,62.38333333333333,"(115.00646953328115, 35.74961400467195)","(115.14304645406683, 35.76764522575136)",河南省,濮阳市,35,2,15889,large,-0.15200000000000005,33,16.120655020464866
410900010035,12路(高铁公交客运中心--温泉花园),12,高铁公交客运中心,温泉花园,2025-01-20 07:56:00,2025-01-20 09:02:22,16133.0,14.58533400301356,66.36666666666666,"(115.14304445029791, 35.76764522240244)","(115.00678331594008, 35.74969703423278)",河南省,濮阳市,34,2,4208,large,0.15200000000000016,32,16.200896754294323
410900010137,12路(温泉花园--高铁公交客运中心),12,温泉花园,高铁公交客运中心,2025-01-20 08:04:00,2025-01-20 09:06:23,16122.0,15.50606465402084,62.38333333333333,"(115.00646953328115, 35.74961400467195)","(115.14304645406683, 35.76764522575136)",河南省,濮阳市,42,1,15889,large,-0.15200000000000005,33,16.120655020464866
410900010035,12路(高铁公交客运中心--温泉花园),12,高铁公交客运中心,温泉花园,2025-01-20 08:12:00,2025-01-20 09:18:22,16133.0,14.58533400301356,66.36666666666666,"(115.14304445029791, 35.76764522240244)","(115.00678331594008, 35.74969703423278)",河南省,濮阳市,36,2,4208,large,0.15200000000000016,32,16.200896754294323
410900010137,12路(温泉花园--高铁公交客运中心),12,温泉花园,高铁公交客运中心,2025-01-20 08:19:00,2025-01-20 09:21:23,16122.0,15.50606465402084,62.38333333333333,"(115.00646953328115, 35.74961400467195)","(115.14304645406683, 35.76764522575136)",河南省,濮阳市,37,2,15889,large,-0.15200000000000005,33,16.120655020464866
410900010035,12路(高铁公交客运中心--温泉花园),12,高铁公交客运中心,温泉花园,2025-01-20 08:29:00,2025-01-20 09:35:22,16133.0,14.58533400301356,66.36666666666666,"(115.14304445029791, 35.76764522240244)","(115.00678331594008, 35.74969703423278)",河南省,濮阳市,38,2,4208,large,0.15200000000000016,32,16.200896754294323
410900010137,12路(温泉花园--高铁公交客运中心),12,温泉花园,高铁公交客运中心,2025-01-20 08:34:00,2025-01-20 09:36:23,16122.0,15.50606465402084,62.38333333333333,"(115.00646953328115, 35.74961400467195)","(115.14304645406683, 35.76764522575136)",河南省,濮阳市,39,2,15889,large,-0.15200000000000005,33,16.120655020464866
410900010035,12路(高铁公交客运中心--温泉花园),12,高铁公交客运中心,温泉花园,2025-01-20 08:45:00,2025-01-20 09:51:22,16133.0,14.58533400301356,66.36666666666666,"(115.14304445029791, 35.76764522240244)","(115.00678331594008, 35.74969703423278)",河南省,濮阳市,40,2,4208,large,0.15200000000000016,32,16.200896754294323
410900010137,12路(温泉花园--高铁公交客运中心),12,温泉花园,高铁公交客运中心,2025-01-20 08:49:00,2025-01-20 09:51:23,16122.0,15.50606465402084,62.38333333333333,"(115.00646953328115, 35.74961400467195)","(115.14304645406683, 35.76764522575136)",河南省,濮阳市,41,2,15889,large,-0.15200000000000005,33,16.120655020464866
410900010137,12路(温泉花园--高铁公交客运中心),12,温泉花园,高铁公交客运中心,2025-01-20 08:54:00,2025-01-20 09:56:23,16122.0,15.50606465402084,62.38333333333333,"(115.00646953328115, 35.74961400467195)","(115.14304645406683, 35.76764522575136)",河南省,濮阳市,32,3,15889,large,-0.15200000000000005,33,16.120655020464866
410900010035,12路(高铁公交客运中心--温泉花园),12,高铁公交客运中心,温泉花园,2025-01-20 09:00:00,2025-01-20 10:00:00,16133.0,16.133,60.0,"(115.14304445029791, 35.76764522240244)","(115.00678331594008, 35.74969703423278)",河南省,濮阳市,35,3,4208,large,0.15200000000000016,32,16.375676223
410900010137,12路(温泉花园--高铁公交客运中心),12,温泉花园,高铁公交客运中心,2025-01-20 09:05:00,2025-01-20 10:07:23,16122.0,15.50606465402084,62.38333333333333,"(115.00646953328115, 35.74961400467195)","(115.14304645406683, 35.76764522575136)",河南省,濮阳市,43,1,15889,large,-0.15200000000000005,33,16.120655020464866
410900010035,12路(高铁公交客运中心--温泉花园),12,高铁公交客运中心,温泉花园,2025-01-20 09:07:00,2025-01-20 10:07:00,16133.0,16.133,60.0,"(115.14304445029791, 35.76764522240244)","(115.00678331594008, 35.74969703423278)",河南省,濮阳市,44,1,4208,large,0.15200000000000016,32,16.375676223
410900010035,12路(高铁公交客运中心--温泉花园),12,高铁公交客运中心,温泉花园,2025-01-20 09:16:00,2025-01-20 10:16:00,16133.0,16.133,60.0,"(115.14304445029791, 35.76764522240244)","(115.00678331594008, 35.74969703423278)",河南省,濮阳市,42,2,4208,large,0.15200000000000016,32,16.375676223
410900010137,12路(温泉花园--高铁公交客运中心),12,温泉花园,高铁公交客运中心,2025-01-20 09:21:00,2025-01-20 10:23:23,16122.0,15.50606465402084,62.38333333333333,"(115.00646953328115, 35.74961400467195)","(115.14304645406683, 35.76764522575136)",河南省,濮阳市,34,3,15889,large,-0.15200000000000005,33,16.120655020464866
410900010035,12路(高铁公交客运中心--温泉花园),12,高铁公交客运中心,温泉花园,2025-01-20 09:32:00,2025-01-20 10:32:00,16133.0,16.133,60.0,"(115.14304445029791, 35.76764522240244)","(115.00678331594008, 35.74969703423278)",河南省,濮阳市,37,3,4208,large,0.15200000000000016,32,16.375676223
410900010137,12路(温泉花园--高铁公交客运中心),12,温泉花园,高铁公交客运中心,2025-01-20 09:37:00,2025-01-20 10:39:23,16122.0,15.50606465402084,62.38333333333333,"(115.00646953328115, 35.74961400467195)","(115.14304645406683, 35.76764522575136)",河南省,濮阳市,36,3,15889,large,-0.15200000000000005,33,16.120655020464866
410900010035,12路(高铁公交客运中心--温泉花园),12,高铁公交客运中心,温泉花园,2025-01-20 09:49:00,2025-01-20 10:49:00,16133.0,16.133,60.0,"(115.14304445029791, 35.76764522240244)","(115.00678331594008, 35.74969703423278)",河南省,濮阳市,39,3,4208,large,0.15200000000000016,32,16.375676223
410900010137,12路(温泉花园--高铁公交客运中心),12,温泉花园,高铁公交客运中心,2025-01-20 09:53:00,2025-01-20 10:55:23,16122.0,15.50606465402084,62.38333333333333,"(115.00646953328115, 35.74961400467195)","(115.14304645406683, 35.76764522575136)",河南省,濮阳市,38,3,15889,large,-0.15200000000000005,33,16.120655020464866
410900010035,12路(高铁公交客运中心--温泉花园),12,高铁公交客运中心,温泉花园,2025-01-20 10:05:00,2025-01-20 11:05:00,16133.0,16.133,60.0,"(115.14304445029791, 35.76764522240244)","(115.00678331594008, 35.74969703423278)",河南省,濮阳市,41,3,4208,large,0.15200000000000016,32,16.375676223
410900010137,12路(温泉花园--高铁公交客运中心),12,温泉花园,高铁公交客运中心,2025-01-20 10:09:00,2025-01-20 11:11:23,16122.0,15.50606465402084,62.38333333333333,"(115.00646953328115, 35.74961400467195)","(115.14304645406683, 35.76764522575136)",河南省,濮阳市,40,3,15889,large,-0.15200000000000005,33,16.120655020464866
410900010035,12路(高铁公交客运中心--温泉花园),12,高铁公交客运中心,温泉花园,2025-01-20 10:21:00,2025-01-20 11:21:00,16133.0,16.133,60.0,"(115.14304445029791, 35.76764522240244)","(115.00678331594008, 35.74969703423278)",河南省,濮阳市,43,2,4208,large,0.15200000000000016,32,16.375676223
410900010137,12路(温泉花园--高铁公交客运中心),12,温泉花园,高铁公交客运中心,2025-01-20 10:25:00,2025-01-20 11:27:23,16122.0,15.50606465402084,62.38333333333333,"(115.00646953328115, 35.74961400467195)","(115.14304645406683, 35.76764522575136)",河南省,濮阳市,44,2,15889,large,-0.15200000000000005,33,16.120655020464866
410900010035,12路(高铁公交客运中心--温泉花园),12,高铁公交客运中心,温泉花园,2025-01-20 10:36:00,2025-01-20 11:36:00,16133.0,16.133,60.0,"(115.14304445029791, 35.76764522240244)","(115.00678331594008, 35.74969703423278)",河南省,濮阳市,34,4,4208,large,0.15200000000000016,32,16.375676223
410900010137,12路(温泉花园--高铁公交客运中心),12,温泉花园,高铁公交客运中心,2025-01-20 10:41:00,2025-01-20 11:43:23,16122.0,15.50606465402084,62.38333333333333,"(115.00646953328115, 35.74961400467195)","(115.14304645406683, 35.76764522575136)",河南省,濮阳市,37,4,15889,large,-0.15200000000000005,33,16.120655020464866
410900010035,12路(高铁公交客运中心--温泉花园),12,高铁公交客运中心,温泉花园,2025-01-20 10:52:00,2025-01-20 11:52:00,16133.0,16.133,60.0,"(115.14304445029791, 35.76764522240244)","(115.00678331594008, 35.74969703423278)",河南省,濮阳市,36,4,4208,large,0.15200000000000016,32,16.375676223
410900010137,12路(温泉花园--高铁公交客运中心),12,温泉花园,高铁公交客运中心,2025-01-20 10:58:00,2025-01-20 12:00:23,16122.0,15.50606465402084,62.38333333333333,"(115.00646953328115, 35.74961400467195)","(115.14304645406683, 35.76764522575136)",河南省,濮阳市,39,4,15889,large,-0.15200000000000005,33,16.120655020464866
410900010035,12路(高铁公交客运中心--温泉花园),12,高铁公交客运中心,温泉花园,2025-01-20 11:08:00,2025-01-20 12:08:00,16133.0,16.133,60.0,"(115.14304445029791, 35.76764522240244)","(115.00678331594008, 35.74969703423278)",河南省,濮阳市,38,4,4208,large,0.15200000000000016,32,16.375676223
410900010137,12路(温泉花园--高铁公交客运中心),12,温泉花园,高铁公交客运中心,2025-01-20 11:13:00,2025-01-20 12:15:23,16122.0,15.50606465402084,62.38333333333333,"(115.00646953328115, 35.74961400467195)","(115.14304645406683, 35.76764522575136)",河南省,濮阳市,41,4,15889,large,-0.15200000000000005,33,16.120655020464866
410900010035,12路(高铁公交客运中心--温泉花园),12,高铁公交客运中心,温泉花园,2025-01-20 11:22:00,2025-01-20 12:22:00,16133.0,16.133,60.0,"(115.14304445029791, 35.76764522240244)","(115.00678331594008, 35.74969703423278)",河南省,濮阳市,40,4,4208,large,0.15200000000000016,32,16.375676223
410900010137,12路(温泉花园--高铁公交客运中心),12,温泉花园,高铁公交客运中心,2025-01-20 11:27:00,2025-01-20 12:29:23,16122.0,15.50606465402084,62.38333333333333,"(115.00646953328115, 35.74961400467195)","(115.14304645406683, 35.76764522575136)",河南省,濮阳市,43,3,15889,large,-0.15200000000000005,33,16.120655020464866
410900010035,12路(高铁公交客运中心--温泉花园),12,高铁公交客运中心,温泉花园,2025-01-20 11:34:00,2025-01-20 12:34:00,16133.0,16.133,60.0,"(115.14304445029791, 35.76764522240244)","(115.00678331594008, 35.74969703423278)",河南省,濮阳市,44,3,4208,large,0.15200000000000016,32,16.375676223
410900010137,12路(温泉花园--高铁公交客运中心),12,温泉花园,高铁公交客运中心,2025-01-20 11:39:00,2025-01-20 12:41:23,16122.0,15.50606465402084,62.38333333333333,"(115.00646953328115, 35.74961400467195)","(115.14304645406683, 35.76764522575136)",河南省,濮阳市,45,1,15889,large,-0.15200000000000005,33,16.120655020464866
410900010035,12路(高铁公交客运中心--温泉花园),12,高铁公交客运中心,温泉花园,2025-01-20 11:47:00,2025-01-20 12:47:00,16133.0,16.133,60.0,"(115.14304445029791, 35.76764522240244)","(115.00678331594008, 35.74969703423278)",河南省,濮阳市,46,1,4208,large,0.15200000000000016,32,16.375676223
410900010137,12路(温泉花园--高铁公交客运中心),12,温泉花园,高铁公交客运中心,2025-01-20 11:52:00,2025-01-20 12:54:23,16122.0,15.50606465402084,62.38333333333333,"(115.00646953328115, 35.74961400467195)","(115.14304645406683, 35.76764522575136)",河南省,濮阳市,34,5,15889,large,-0.15200000000000005,33,16.120655020464866
410900010035,12路(高铁公交客运中心--温泉花园),12,高铁公交客运中心,温泉花园,2025-01-20 12:00:00,2025-01-20 13:00:00,16133.0,16.133,60.0,"(115.14304445029791, 35.76764522240244)","(115.00678331594008, 35.74969703423278)",河南省,濮阳市,37,5,4208,large,0.15200000000000016,32,16.375676223
410900010137,12路(温泉花园--高铁公交客运中心),12,温泉花园,高铁公交客运中心,2025-01-20 12:05:00,2025-01-20 13:07:23,16122.0,15.50606465402084,62.38333333333333,"(115.00646953328115, 35.74961400467195)","(115.14304645406683, 35.76764522575136)",河南省,濮阳市,36,5,15889,large,-0.15200000000000005,33,16.120655020464866
410900010035,12路(高铁公交客运中心--温泉花园),12,高铁公交客运中心,温泉花园,2025-01-20 12:17:00,2025-01-20 13:17:00,16133.0,16.133,60.0,"(115.14304445029791, 35.76764522240244)","(115.00678331594008, 35.74969703423278)",河南省,濮阳市,39,5,4208,large,0.15200000000000016,32,16.375676223
410900010137,12路(温泉花园--高铁公交客运中心),12,温泉花园,高铁公交客运中心,2025-01-20 12:21:00,2025-01-20 13:23:23,16122.0,15.50606465402084,62.38333333333333,"(115.00646953328115, 35.74961400467195)","(115.14304645406683, 35.76764522575136)",河南省,濮阳市,38,5,15889,large,-0.15200000000000005,33,16.120655020464866
410900010035,12路(高铁公交客运中心--温泉花园),12,高铁公交客运中心,温泉花园,2025-01-20 12:34:00,2025-01-20 13:34:00,16133.0,16.133,60.0,"(115.14304445029791, 35.76764522240244)","(115.00678331594008, 35.74969703423278)",河南省,濮阳市,41,5,4208,large,0.15200000000000016,32,16.375676223
410900010137,12路(温泉花园--高铁公交客运中心),12,温泉花园,高铁公交客运中心,2025-01-20 12:38:00,2025-01-20 13:40:23,16122.0,15.50606465402084,62.38333333333333,"(115.00646953328115, 35.74961400467195)","(115.14304645406683, 35.76764522575136)",河南省,濮阳市,40,5,15889,large,-0.15200000000000005,33,16.120655020464866
410900010035,12路(高铁公交客运中心--温泉花园),12,高铁公交客运中心,温泉花园,2025-01-20 12:44:00,2025-01-20 13:44:00,16133.0,16.133,60.0,"(115.14304445029791, 35.76764522240244)","(115.00678331594008, 35.74969703423278)",河南省,濮阳市,43,4,4208,large,0.15200000000000016,32,16.375676223
410900010035,12路(高铁公交客运中心--温泉花园),12,高铁公交客运中心,温泉花园,2025-01-20 12:50:00,2025-01-20 13:50:00,16133.0,16.133,60.0,"(115.14304445029791, 35.76764522240244)","(115.00678331594008, 35.74969703423278)",河南省,濮阳市,45,2,4208,large,0.15200000000000016,32,16.375676223
410900010137,12路(温泉花园--高铁公交客运中心),12,温泉花园,高铁公交客运中心,2025-01-20 12:55:00,2025-01-20 13:57:23,16122.0,15.50606465402084,62.38333333333333,"(115.00646953328115, 35.74961400467195)","(115.14304645406683, 35.76764522575136)",河南省,濮阳市,46,2,15889,large,-0.15200000000000005,33,16.120655020464866
410900010035,12路(高铁公交客运中心--温泉花园),12,高铁公交客运中心,温泉花园,2025-01-20 13:07:00,2025-01-20 14:07:00,16133.0,16.133,60.0,"(115.14304445029791, 35.76764522240244)","(115.00678331594008, 35.74969703423278)",河南省,濮阳市,34,6,4208,large,0.15200000000000016,32,16.375676223
410900010035,12路(高铁公交客运中心--温泉花园),12,高铁公交客运中心,温泉花园,2025-01-20 13:10:00,2025-01-20 14:10:00,16133.0,16.133,60.0,"(115.14304445029791, 35.76764522240244)","(115.00678331594008, 35.74969703423278)",河南省,濮阳市,47,1,4208,large,0.15200000000000016,32,16.375676223
410900010137,12路(温泉花园--高铁公交客运中心),12,温泉花园,高铁公交客运中心,2025-01-20 13:12:00,2025-01-20 14:14:23,16122.0,15.50606465402084,62.38333333333333,"(115.00646953328115, 35.74961400467195)","(115.14304645406683, 35.76764522575136)",河南省,濮阳市,37,6,15889,large,-0.15200000000000005,33,16.120655020464866
410900010035,12路(高铁公交客运中心--温泉花园),12,高铁公交客运中心,温泉花园,2025-01-20 13:24:00,2025-01-20 14:24:00,16133.0,16.133,60.0,"(115.14304445029791, 35.76764522240244)","(115.00678331594008, 35.74969703423278)",河南省,濮阳市,36,6,4208,large,0.15200000000000016,32,16.375676223
410900010137,12路(温泉花园--高铁公交客运中心),12,温泉花园,高铁公交客运中心,2025-01-20 13:30:00,2025-01-20 14:32:23,16122.0,15.50606465402084,62.38333333333333,"(115.00646953328115, 35.74961400467195)","(115.14304645406683, 35.76764522575136)",河南省,濮阳市,39,6,15889,large,-0.15200000000000005,33,16.120655020464866
410900010035,12路(高铁公交客运中心--温泉花园),12,高铁公交客运中心,温泉花园,2025-01-20 13:41:00,2025-01-20 14:41:00,16133.0,16.133,60.0,"(115.14304445029791, 35.76764522240244)","(115.00678331594008, 35.74969703423278)",河南省,濮阳市,38,6,4208,large,0.15200000000000016,32,16.375676223
410900010137,12路(温泉花园--高铁公交客运中心),12,温泉花园,高铁公交客运中心,2025-01-20 13:46:00,2025-01-20 14:48:23,16122.0,15.50606465402084,62.38333333333333,"(115.00646953328115, 35.74961400467195)","(115.14304645406683, 35.76764522575136)",河南省,濮阳市,41,6,15889,large,-0.15200000000000005,33,16.120655020464866
410900010035,12路(高铁公交客运中心--温泉花园),12,高铁公交客运中心,温泉花园,2025-01-20 13:58:00,2025-01-20 14:58:00,16133.0,16.133,60.0,"(115.14304445029791, 35.76764522240244)","(115.00678331594008, 35.74969703423278)",河南省,濮阳市,40,6,4208,large,0.15200000000000016,32,16.375676223
410900010137,12路(温泉花园--高铁公交客运中心),12,温泉花园,高铁公交客运中心,2025-01-20 14:03:00,2025-01-20 15:05:23,16122.0,15.50606465402084,62.38333333333333,"(115.00646953328115, 35.74961400467195)","(115.14304645406683, 35.76764522575136)",河南省,濮阳市,45,3,15889,large,-0.15200000000000005,33,16.120655020464866
410900010035,12路(高铁公交客运中心--温泉花园),12,高铁公交客运中心,温泉花园,2025-01-20 14:15:00,2025-01-20 15:15:00,16133.0,16.133,60.0,"(115.14304445029791, 35.76764522240244)","(115.00678331594008, 35.74969703423278)",河南省,濮阳市,46,3,4208,large,0.15200000000000016,32,16.375676223
410900010137,12路(温泉花园--高铁公交客运中心),12,温泉花园,高铁公交客运中心,2025-01-20 14:20:00,2025-01-20 15:22:23,16122.0,15.50606465402084,62.38333333333333,"(115.00646953328115, 35.74961400467195)","(115.14304645406683, 35.76764522575136)",河南省,濮阳市,47,2,15889,large,-0.15200000000000005,33,16.120655020464866
410900010035,12路(高铁公交客运中心--温泉花园),12,高铁公交客运中心,温泉花园,2025-01-20 14:29:00,2025-01-20 15:29:00,16133.0,16.133,60.0,"(115.14304445029791, 35.76764522240244)","(115.00678331594008, 35.74969703423278)",河南省,濮阳市,37,7,4208,large,0.15200000000000016,32,16.375676223
410900010137,12路(温泉花园--高铁公交客运中心),12,温泉花园,高铁公交客运中心,2025-01-20 14:33:00,2025-01-20 15:35:23,16122.0,15.50606465402084,62.38333333333333,"(115.00646953328115, 35.74961400467195)","(115.14304645406683, 35.76764522575136)",河南省,濮阳市,36,7,15889,large,-0.15200000000000005,33,16.120655020464866
410900010035,12路(高铁公交客运中心--温泉花园),12,高铁公交客运中心,温泉花园,2025-01-20 14:41:00,2025-01-20 15:41:00,16133.0,16.133,60.0,"(115.14304445029791, 35.76764522240244)","(115.00678331594008, 35.74969703423278)",河南省,濮阳市,39,7,4208,large,0.15200000000000016,32,16.375676223
410900010137,12路(温泉花园--高铁公交客运中心),12,温泉花园,高铁公交客运中心,2025-01-20 14:46:00,2025-01-20 15:48:23,16122.0,15.50606465402084,62.38333333333333,"(115.00646953328115, 35.74961400467195)","(115.14304645406683, 35.76764522575136)",河南省,濮阳市,38,7,15889,large,-0.15200000000000005,33,16.120655020464866
410900010035,12路(高铁公交客运中心--温泉花园),12,高铁公交客运中心,温泉花园,2025-01-20 14:54:00,2025-01-20 15:54:00,16133.0,16.133,60.0,"(115.14304445029791, 35.76764522240244)","(115.00678331594008, 35.74969703423278)",河南省,濮阳市,41,7,4208,large,0.15200000000000016,32,16.375676223
410900010137,12路(温泉花园--高铁公交客运中心),12,温泉花园,高铁公交客运中心,2025-01-20 14:59:00,2025-01-20 16:01:23,16122.0,15.50606465402084,62.38333333333333,"(115.00646953328115, 35.74961400467195)","(115.14304645406683, 35.76764522575136)",河南省,濮阳市,48,1,15889,large,-0.15200000000000005,33,16.120655020464866
410900010035,12路(高铁公交客运中心--温泉花园),12,高铁公交客运中心,温泉花园,2025-01-20 15:13:00,2025-01-20 16:13:00,16133.0,16.133,60.0,"(115.14304445029791, 35.76764522240244)","(115.00678331594008, 35.74969703423278)",河南省,濮阳市,45,4,4208,large,0.15200000000000016,32,16.375676223
410900010137,12路(温泉花园--高铁公交客运中心),12,温泉花园,高铁公交客运中心,2025-01-20 15:17:00,2025-01-20 16:19:23,16122.0,15.50606465402084,62.38333333333333,"(115.00646953328115, 35.74961400467195)","(115.14304645406683, 35.76764522575136)",河南省,濮阳市,40,7,15889,large,-0.15200000000000005,33,16.120655020464866
410900010035,12路(高铁公交客运中心--温泉花园),12,高铁公交客运中心,温泉花园,2025-01-20 15:31:00,2025-01-20 16:31:00,16133.0,16.133,60.0,"(115.14304445029791, 35.76764522240244)","(115.00678331594008, 35.74969703423278)",河南省,濮阳市,47,3,4208,large,0.15200000000000016,32,16.375676223
410900010137,12路(温泉花园--高铁公交客运中心),12,温泉花园,高铁公交客运中心,2025-01-20 15:35:00,2025-01-20 16:37:23,16122.0,15.50606465402084,62.38333333333333,"(115.00646953328115, 35.74961400467195)","(115.14304645406683, 35.76764522575136)",河南省,濮阳市,46,4,15889,large,-0.15200000000000005,33,16.120655020464866
410900010035,12路(高铁公交客运中心--温泉花园),12,高铁公交客运中心,温泉花园,2025-01-20 15:48:00,2025-01-20 16:48:00,16133.0,16.133,60.0,"(115.14304445029791, 35.76764522240244)","(115.00678331594008, 35.74969703423278)",河南省,濮阳市,36,8,4208,large,0.15200000000000016,32,16.375676223
410900010137,12路(温泉花园--高铁公交客运中心),12,温泉花园,高铁公交客运中心,2025-01-20 15:53:00,2025-01-20 16:55:23,16122.0,15.50606465402084,62.38333333333333,"(115.00646953328115, 35.74961400467195)","(115.14304645406683, 35.76764522575136)",河南省,濮阳市,39,8,15889,large,-0.15200000000000005,33,16.120655020464866
410900010035,12路(高铁公交客运中心--温泉花园),12,高铁公交客运中心,温泉花园,2025-01-20 16:07:00,2025-01-20 17:07:00,16133.0,16.133,60.0,"(115.14304445029791, 35.76764522240244)","(115.00678331594008, 35.74969703423278)",河南省,濮阳市,48,2,4208,large,0.15200000000000016,32,16.375676223
410900010137,12路(温泉花园--高铁公交客运中心),12,温泉花园,高铁公交客运中心,2025-01-20 16:11:00,2025-01-20 17:13:23,16122.0,15.50606465402084,62.38333333333333,"(115.00646953328115, 35.74961400467195)","(115.14304645406683, 35.76764522575136)",河南省,濮阳市,41,8,15889,large,-0.15200000000000005,33,16.120655020464866
410900010035,12路(高铁公交客运中心--温泉花园),12,高铁公交客运中心,温泉花园,2025-01-20 16:25:00,2025-01-20 17:25:00,16133.0,16.133,60.0,"(115.14304445029791, 35.76764522240244)","(115.00678331594008, 35.74969703423278)",河南省,濮阳市,40,8,4208,large,0.15200000000000016,32,16.375676223
410900010137,12路(温泉花园--高铁公交客运中心),12,温泉花园,高铁公交客运中心,2025-01-20 16:29:00,2025-01-20 17:31:23,16122.0,15.50606465402084,62.38333333333333,"(115.00646953328115, 35.74961400467195)","(115.14304645406683, 35.76764522575136)",河南省,濮阳市,45,5,15889,large,-0.15200000000000005,33,16.120655020464866
410900010035,12路(高铁公交客运中心--温泉花园),12,高铁公交客运中心,温泉花园,2025-01-20 16:42:00,2025-01-20 17:42:00,16133.0,16.133,60.0,"(115.14304445029791, 35.76764522240244)","(115.00678331594008, 35.74969703423278)",河南省,濮阳市,49,1,4208,large,0.15200000000000016,32,16.375676223
410900010137,12路(温泉花园--高铁公交客运中心),12,温泉花园,高铁公交客运中心,2025-01-20 16:47:00,2025-01-20 17:49:23,16122.0,15.50606465402084,62.38333333333333,"(115.00646953328115, 35.74961400467195)","(115.14304645406683, 35.76764522575136)",河南省,濮阳市,47,4,15889,large,-0.15200000000000005,33,16.120655020464866
410900010035,12路(高铁公交客运中心--温泉花园),12,高铁公交客运中心,温泉花园,2025-01-20 16:57:00,2025-01-20 17:57:00,16133.0,16.133,60.0,"(115.14304445029791, 35.76764522240244)","(115.00678331594008, 35.74969703423278)",河南省,濮阳市,46,5,4208,large,0.15200000000000016,32,16.375676223
410900010137,12路(温泉花园--高铁公交客运中心),12,温泉花园,高铁公交客运中心,2025-01-20 17:05:00,2025-01-20 18:07:23,16122.0,15.50606465402084,62.38333333333333,"(115.00646953328115, 35.74961400467195)","(115.14304645406683, 35.76764522575136)",河南省,濮阳市,36,9,15889,large,-0.15200000000000005,33,16.120655020464866
410900010035,12路(高铁公交客运中心--温泉花园),12,高铁公交客运中心,温泉花园,2025-01-20 17:12:00,2025-01-20 18:18:22,16133.0,14.58533400301356,66.36666666666666,"(115.14304445029791, 35.76764522240244)","(115.00678331594008, 35.74969703423278)",河南省,濮阳市,39,9,4208,large,0.15200000000000016,32,16.200896754294323
410900010137,12路(温泉花园--高铁公交客运中心),12,温泉花园,高铁公交客运中心,2025-01-20 17:23:00,2025-01-20 18:25:23,16122.0,15.50606465402084,62.38333333333333,"(115.00646953328115, 35.74961400467195)","(115.14304645406683, 35.76764522575136)",河南省,濮阳市,48,3,15889,large,-0.15200000000000005,33,16.120655020464866
410900010035,12路(高铁公交客运中心--温泉花园),12,高铁公交客运中心,温泉花园,2025-01-20 17:27:00,2025-01-20 18:33:22,16133.0,14.58533400301356,66.36666666666666,"(115.14304445029791, 35.76764522240244)","(115.00678331594008, 35.74969703423278)",河南省,濮阳市,41,9,4208,large,0.15200000000000016,32,16.200896754294323
410900010137,12路(温泉花园--高铁公交客运中心),12,温泉花园,高铁公交客运中心,2025-01-20 17:41:00,2025-01-20 18:43:23,16122.0,15.50606465402084,62.38333333333333,"(115.00646953328115, 35.74961400467195)","(115.14304645406683, 35.76764522575136)",河南省,濮阳市,40,9,15889,large,-0.15200000000000005,33,16.120655020464866
410900010035,12路(高铁公交客运中心--温泉花园),12,高铁公交客运中心,温泉花园,2025-01-20 17:42:00,2025-01-20 18:48:22,16133.0,14.58533400301356,66.36666666666666,"(115.14304445029791, 35.76764522240244)","(115.00678331594008, 35.74969703423278)",河南省,濮阳市,45,6,4208,large,0.15200000000000016,32,16.200896754294323
410900010137,12路(温泉花园--高铁公交客运中心),12,温泉花园,高铁公交客运中心,2025-01-20 17:46:00,2025-01-20 18:48:23,16122.0,15.50606465402084,62.38333333333333,"(115.00646953328115, 35.74961400467195)","(115.14304645406683, 35.76764522575136)",河南省,濮阳市,50,1,15889,large,-0.15200000000000005,33,16.120655020464866
410900010035,12路(高铁公交客运中心--温泉花园),12,高铁公交客运中心,温泉花园,2025-01-20 17:58:00,2025-01-20 19:04:22,16133.0,14.58533400301356,66.36666666666666,"(115.14304445029791, 35.76764522240244)","(115.00678331594008, 35.74969703423278)",河南省,濮阳市,47,5,4208,large,0.15200000000000016,32,16.200896754294323
410900010137,12路(温泉花园--高铁公交客运中心),12,温泉花园,高铁公交客运中心,2025-01-20 18:00:00,2025-01-20 19:02:23,16122.0,15.50606465402084,62.38333333333333,"(115.00646953328115, 35.74961400467195)","(115.14304645406683, 35.76764522575136)",河南省,濮阳市,49,2,15889,large,-0.15200000000000005,33,16.120655020464866
410900010137,12路(温泉花园--高铁公交客运中心),12,温泉花园,高铁公交客运中心,2025-01-20 18:12:00,2025-01-20 19:14:23,16122.0,15.50606465402084,62.38333333333333,"(115.00646953328115, 35.74961400467195)","(115.14304645406683, 35.76764522575136)",河南省,濮阳市,46,6,15889,large,-0.15200000000000005,33,16.120655020464866
410900010035,12路(高铁公交客运中心--温泉花园),12,高铁公交客运中心,温泉花园,2025-01-20 18:12:00,2025-01-20 19:18:22,16133.0,14.58533400301356,66.36666666666666,"(115.14304445029791, 35.76764522240244)","(115.00678331594008, 35.74969703423278)",河南省,濮阳市,51,1,4208,large,0.15200000000000016,32,16.200896754294323
410900010137,12路(温泉花园--高铁公交客运中心),12,温泉花园,高铁公交客运中心,2025-01-20 18:25:00,2025-01-20 19:27:23,16122.0,15.50606465402084,62.38333333333333,"(115.00646953328115, 35.74961400467195)","(115.14304645406683, 35.76764522575136)",河南省,濮阳市,39,10,15889,large,-0.15200000000000005,33,16.120655020464866
410900010035,12路(高铁公交客运中心--温泉花园),12,高铁公交客运中心,温泉花园,2025-01-20 18:27:00,2025-01-20 19:33:22,16133.0,14.58533400301356,66.36666666666666,"(115.14304445029791, 35.76764522240244)","(115.00678331594008, 35.74969703423278)",河南省,濮阳市,36,10,4208,large,0.15200000000000016,32,16.200896754294323
410900010137,12路(温泉花园--高铁公交客运中心),12,温泉花园,高铁公交客运中心,2025-01-20 18:40:00,2025-01-20 19:42:23,16122.0,15.50606465402084,62.38333333333333,"(115.00646953328115, 35.74961400467195)","(115.14304645406683, 35.76764522575136)",河南省,濮阳市,41,10,15889,large,-0.15200000000000005,33,16.120655020464866
410900010035,12路(高铁公交客运中心--温泉花园),12,高铁公交客运中心,温泉花园,2025-01-20 18:42:00,2025-01-20 19:48:22,16133.0,14.58533400301356,66.36666666666666,"(115.14304445029791, 35.76764522240244)","(115.00678331594008, 35.74969703423278)",河南省,濮阳市,48,4,4208,large,0.15200000000000016,32,16.200896754294323
410900010137,12路(温泉花园--高铁公交客运中心),12,温泉花园,高铁公交客运中心,2025-01-20 19:00:00,2025-01-20 20:02:23,16122.0,15.50606465402084,62.38333333333333,"(115.00646953328115, 35.74961400467195)","(115.14304645406683, 35.76764522575136)",河南省,濮阳市,45,7,15889,large,-0.15200000000000005,33,16.120655020464866
410900010035,12路(高铁公交客运中心--温泉花园),12,高铁公交客运中心,温泉花园,2025-01-20 19:00:00,2025-01-20 20:00:00,16133.0,16.133,60.0,"(115.14304445029791, 35.76764522240244)","(115.00678331594008, 35.74969703423278)",河南省,濮阳市,50,2,4208,large,0.15200000000000016,32,16.375676223
410900010035,12路(高铁公交客运中心--温泉花园),12,高铁公交客运中心,温泉花园,2025-01-20 19:24:00,2025-01-20 20:24:00,16133.0,16.133,60.0,"(115.14304445029791, 35.76764522240244)","(115.00678331594008, 35.74969703423278)",河南省,濮阳市,49,3,4208,large,0.15200000000000016,32,16.375676223
410900010035,12路(高铁公交客运中心--温泉花园),12,高铁公交客运中心,温泉花园,2025-01-20 19:25:00,2025-01-20 20:25:00,16133.0,16.133,60.0,"(115.14304445029791, 35.76764522240244)","(115.00678331594008, 35.74969703423278)",河南省,濮阳市,52,1,4208,large,0.15200000000000016,32,16.375676223
410900010137,12路(温泉花园--高铁公交客运中心),12,温泉花园,高铁公交客运中心,2025-01-20 19:34:00,2025-01-20 20:36:23,16122.0,15.50606465402084,62.38333333333333,"(115.00646953328115, 35.74961400467195)","(115.14304645406683, 35.76764522575136)",河南省,濮阳市,51,2,15889,large,-0.15200000000000005,33,16.120655020464866
410900010139,15路(皇甫--滨河花园),15,皇甫,滨河花园,2025-01-20 06:10:00,2025-01-20 07:17:48,19734.0,17.463716814159294,67.8,"(114.92168207146369, 35.780020773981924)","(115.06007715173625, 35.78676939314565)",河南省,濮阳市,53,1,13609,large,-0.3039999999999998,37,19.450482113274337
410900010138,15路(滨河花园--皇甫),15,滨河花园,皇甫,2025-01-20 06:10:00,2025-01-20 07:10:43,18618.0,18.398243206148777,60.71666666666667,"(115.06041949812776, 35.78665694423186)","(114.92173800454383, 35.779819783699104)",河南省,濮阳市,54,1,13073,large,0.22799999999999995,37,19.254947844084544
410900010139,15路(皇甫--滨河花园),15,皇甫,滨河花园,2025-01-20 06:18:00,2025-01-20 07:25:48,19734.0,17.463716814159294,67.8,"(114.92168207146369, 35.780020773981924)","(115.06007715173625, 35.78676939314565)",河南省,濮阳市,55,1,13609,large,-0.3039999999999998,37,19.450482113274337
410900010138,15路(滨河花园--皇甫),15,滨河花园,皇甫,2025-01-20 06:21:00,2025-01-20 07:21:43,18618.0,18.398243206148777,60.71666666666667,"(115.06041949812776, 35.78665694423186)","(114.92173800454383, 35.779819783699104)",河南省,濮阳市,56,1,13073,large,0.22799999999999995,37,19.254947844084544
410900010139,15路(皇甫--滨河花园),15,皇甫,滨河花园,2025-01-20 06:25:00,2025-01-20 07:32:48,19734.0,17.463716814159294,67.8,"(114.92168207146369, 35.780020773981924)","(115.06007715173625, 35.78676939314565)",河南省,濮阳市,57,1,13609,large,-0.3039999999999998,37,19.450482113274337
410900010138,15路(滨河花园--皇甫),15,滨河花园,皇甫,2025-01-20 06:31:00,2025-01-20 07:31:43,18618.0,18.398243206148777,60.71666666666667,"(115.06041949812776, 35.78665694423186)","(114.92173800454383, 35.779819783699104)",河南省,濮阳市,58,1,13073,large,0.22799999999999995,37,19.254947844084544
410900010139,15路(皇甫--滨河花园),15,皇甫,滨河花园,2025-01-20 06:34:00,2025-01-20 07:41:48,19734.0,17.463716814159294,67.8,"(114.92168207146369, 35.780020773981924)","(115.06007715173625, 35.78676939314565)",河南省,濮阳市,59,1,13609,large,-0.3039999999999998,37,19.450482113274337
410900010138,15路(滨河花园--皇甫),15,滨河花园,皇甫,2025-01-20 06:42:00,2025-01-20 07:42:43,18618.0,18.398243206148777,60.71666666666667,"(115.06041949812776, 35.78665694423186)","(114.92173800454383, 35.779819783699104)",河南省,濮阳市,60,1,13073,large,0.22799999999999995,37,19.254947844084544
410900010139,15路(皇甫--滨河花园),15,皇甫,滨河花园,2025-01-20 06:43:00,2025-01-20 07:50:48,19734.0,17.463716814159294,67.8,"(114.92168207146369, 35.780020773981924)","(115.06007715173625, 35.78676939314565)",河南省,濮阳市,61,1,13609,large,-0.3039999999999998,37,19.450482113274337
410900010139,15路(皇甫--滨河花园),15,皇甫,滨河花园,2025-01-20 06:51:00,2025-01-20 07:58:48,19734.0,17.463716814159294,67.8,"(114.92168207146369, 35.780020773981924)","(115.06007715173625, 35.78676939314565)",河南省,濮阳市,62,1,13609,large,-0.3039999999999998,37,19.450482113274337
410900010138,15路(滨河花园--皇甫),15,滨河花园,皇甫,2025-01-20 06:53:00,2025-01-20 07:53:43,18618.0,18.398243206148777,60.71666666666667,"(115.06041949812776, 35.78665694423186)","(114.92173800454383, 35.779819783699104)",河南省,濮阳市,63,1,13073,large,0.22799999999999995,37,19.254947844084544
410900010139,15路(皇甫--滨河花园),15,皇甫,滨河花园,2025-01-20 07:01:00,2025-01-20 08:09:41,19734.0,17.239116719242904,68.68333333333334,"(114.92168207146369, 35.780020773981924)","(115.06007715173625, 35.78676939314565)",河南省,濮阳市,64,1,13609,large,-0.3039999999999998,37,19.41945630536278
410900010138,15路(滨河花园--皇甫),15,滨河花园,皇甫,2025-01-20 07:03:00,2025-01-20 08:15:40,18618.0,15.372660550458717,72.66666666666667,"(115.06041949812776, 35.78665694423186)","(114.92173800454383, 35.779819783699104)",河南省,濮阳市,65,1,13073,large,0.22799999999999995,37,18.86063575889908
410900010139,15路(皇甫--滨河花园),15,皇甫,滨河花园,2025-01-20 07:09:00,2025-01-20 08:17:41,19734.0,17.239116719242904,68.68333333333334,"(114.92168207146369, 35.780020773981924)","(115.06007715173625, 35.78676939314565)",河南省,濮阳市,66,1,13609,large,-0.3039999999999998,37,19.41945630536278
410900010138,15路(滨河花园--皇甫),15,滨河花园,皇甫,2025-01-20 07:13:00,2025-01-20 08:25:40,18618.0,15.372660550458717,72.66666666666667,"(115.06041949812776, 35.78665694423186)","(114.92173800454383, 35.779819783699104)",河南省,濮阳市,67,1,13073,large,0.22799999999999995,37,18.86063575889908
410900010139,15路(皇甫--滨河花园),15,皇甫,滨河花园,2025-01-20 07:18:00,2025-01-20 08:26:41,19734.0,17.239116719242904,68.68333333333334,"(114.92168207146369, 35.780020773981924)","(115.06007715173625, 35.78676939314565)",河南省,濮阳市,54,2,13609,large,-0.3039999999999998,37,19.41945630536278
410900010138,15路(滨河花园--皇甫),15,滨河花园,皇甫,2025-01-20 07:23:00,2025-01-20 08:35:40,18618.0,15.372660550458717,72.66666666666667,"(115.06041949812776, 35.78665694423186)","(114.92173800454383, 35.779819783699104)",河南省,濮阳市,53,2,13073,large,0.22799999999999995,37,18.86063575889908
410900010139,15路(皇甫--滨河花园),15,皇甫,滨河花园,2025-01-20 07:28:00,2025-01-20 08:36:41,19734.0,17.239116719242904,68.68333333333334,"(114.92168207146369, 35.780020773981924)","(115.06007715173625, 35.78676939314565)",河南省,濮阳市,56,2,13609,large,-0.3039999999999998,37,19.41945630536278
410900010138,15路(滨河花园--皇甫),15,滨河花园,皇甫,2025-01-20 07:33:00,2025-01-20 08:45:40,18618.0,15.372660550458717,72.66666666666667,"(115.06041949812776, 35.78665694423186)","(114.92173800454383, 35.779819783699104)",河南省,濮阳市,55,2,13073,large,0.22799999999999995,37,18.86063575889908
410900010139,15路(皇甫--滨河花园),15,皇甫,滨河花园,2025-01-20 07:36:00,2025-01-20 08:44:41,19734.0,17.239116719242904,68.68333333333334,"(114.92168207146369, 35.780020773981924)","(115.06007715173625, 35.78676939314565)",河南省,濮阳市,68,1,13609,large,-0.3039999999999998,37,19.41945630536278
410900010138,15路(滨河花园--皇甫),15,滨河花园,皇甫,2025-01-20 07:44:00,2025-01-20 08:56:40,18618.0,15.372660550458717,72.66666666666667,"(115.06041949812776, 35.78665694423186)","(114.92173800454383, 35.779819783699104)",河南省,濮阳市,57,2,13073,large,0.22799999999999995,37,18.86063575889908
410900010139,15路(皇甫--滨河花园),15,皇甫,滨河花园,2025-01-20 07:45:00,2025-01-20 08:53:41,19734.0,17.239116719242904,68.68333333333334,"(114.92168207146369, 35.780020773981924)","(115.06007715173625, 35.78676939314565)",河南省,濮阳市,58,2,13609,large,-0.3039999999999998,37,19.41945630536278
410900010138,15路(滨河花园--皇甫),15,滨河花园,皇甫,2025-01-20 07:53:00,2025-01-20 09:05:40,18618.0,15.372660550458717,72.66666666666667,"(115.06041949812776, 35.78665694423186)","(114.92173800454383, 35.779819783699104)",河南省,濮阳市,59,2,13073,large,0.22799999999999995,37,18.86063575889908
410900010139,15路(皇甫--滨河花园),15,皇甫,滨河花园,2025-01-20 07:54:00,2025-01-20 09:02:41,19734.0,17.239116719242904,68.68333333333334,"(114.92168207146369, 35.780020773981924)","(115.06007715173625, 35.78676939314565)",河南省,濮阳市,60,2,13609,large,-0.3039999999999998,37,19.41945630536278
410900010138,15路(滨河花园--皇甫),15,滨河花园,皇甫,2025-01-20 08:03:00,2025-01-20 09:15:40,18618.0,15.372660550458717,72.66666666666667,"(115.06041949812776, 35.78665694423186)","(114.92173800454383, 35.779819783699104)",河南省,濮阳市,61,2,13073,large,0.22799999999999995,37,18.86063575889908
410900010139,15路(皇甫--滨河花园),15,皇甫,滨河花园,2025-01-20 08:04:00,2025-01-20 09:12:41,19734.0,17.239116719242904,68.68333333333334,"(114.92168207146369, 35.780020773981924)","(115.06007715173625, 35.78676939314565)",河南省,濮阳市,63,2,13609,large,-0.3039999999999998,37,19.41945630536278
410900010138,15路(滨河花园--皇甫),15,滨河花园,皇甫,2025-01-20 08:13:00,2025-01-20 09:25:40,18618.0,15.372660550458717,72.66666666666667,"(115.06041949812776, 35.78665694423186)","(114.92173800454383, 35.779819783699104)",河南省,濮阳市,62,2,13073,large,0.22799999999999995,37,18.86063575889908
410900010139,15路(皇甫--滨河花园),15,皇甫,滨河花园,2025-01-20 08:15:00,2025-01-20 09:23:41,19734.0,17.239116719242904,68.68333333333334,"(114.92168207146369, 35.780020773981924)","(115.06007715173625, 35.78676939314565)",河南省,濮阳市,69,1,13609,large,-0.3039999999999998,37,19.41945630536278
410900010138,15路(滨河花园--皇甫),15,滨河花园,皇甫,2025-01-20 08:23:00,2025-01-20 09:35:40,18618.0,15.372660550458717,72.66666666666667,"(115.06041949812776, 35.78665694423186)","(114.92173800454383, 35.779819783699104)",河南省,濮阳市,66,2,13073,large,0.22799999999999995,37,18.86063575889908
410900010139,15路(皇甫--滨河花园),15,皇甫,滨河花园,2025-01-20 08:26:00,2025-01-20 09:34:41,19734.0,17.239116719242904,68.68333333333334,"(114.92168207146369, 35.780020773981924)","(115.06007715173625, 35.78676939314565)",河南省,濮阳市,65,2,13609,large,-0.3039999999999998,37,19.41945630536278
410900010138,15路(滨河花园--皇甫),15,滨河花园,皇甫,2025-01-20 08:32:00,2025-01-20 09:44:40,18618.0,15.372660550458717,72.66666666666667,"(115.06041949812776, 35.78665694423186)","(114.92173800454383, 35.779819783699104)",河南省,濮阳市,54,3,13073,large,0.22799999999999995,37,18.86063575889908
410900010139,15路(皇甫--滨河花园),15,皇甫,滨河花园,2025-01-20 08:38:00,2025-01-20 09:46:41,19734.0,17.239116719242904,68.68333333333334,"(114.92168207146369, 35.780020773981924)","(115.06007715173625, 35.78676939314565)",河南省,濮阳市,67,2,13609,large,-0.3039999999999998,37,19.41945630536278
410900010138,15路(滨河花园--皇甫),15,滨河花园,皇甫,2025-01-20 08:43:00,2025-01-20 09:55:40,18618.0,15.372660550458717,72.66666666666667,"(115.06041949812776, 35.78665694423186)","(114.92173800454383, 35.779819783699104)",河南省,濮阳市,56,3,13073,large,0.22799999999999995,37,18.86063575889908
410900010139,15路(皇甫--滨河花园),15,皇甫,滨河花园,2025-01-20 08:50:00,2025-01-20 09:58:41,19734.0,17.239116719242904,68.68333333333334,"(114.92168207146369, 35.780020773981924)","(115.06007715173625, 35.78676939314565)",河南省,濮阳市,53,3,13609,large,-0.3039999999999998,37,19.41945630536278
410900010138,15路(滨河花园--皇甫),15,滨河花园,皇甫,2025-01-20 08:52:00,2025-01-20 10:04:40,18618.0,15.372660550458717,72.66666666666667,"(115.06041949812776, 35.78665694423186)","(114.92173800454383, 35.779819783699104)",河南省,濮阳市,68,2,13073,large,0.22799999999999995,37,18.86063575889908
410900010139,15路(皇甫--滨河花园),15,皇甫,滨河花园,2025-01-20 09:01:00,2025-01-20 10:08:48,19734.0,17.463716814159294,67.8,"(114.92168207146369, 35.780020773981924)","(115.06007715173625, 35.78676939314565)",河南省,濮阳市,55,3,13609,large,-0.3039999999999998,37,19.450482113274337
410900010138,15路(滨河花园--皇甫),15,滨河花园,皇甫,2025-01-20 09:03:00,2025-01-20 10:03:43,18618.0,18.398243206148777,60.71666666666667,"(115.06041949812776, 35.78665694423186)","(114.92173800454383, 35.779819783699104)",河南省,濮阳市,58,3,13073,large,0.22799999999999995,37,19.254947844084544
410900010139,15路(皇甫--滨河花园),15,皇甫,滨河花园,2025-01-20 09:13:00,2025-01-20 10:20:48,19734.0,17.463716814159294,67.8,"(114.92168207146369, 35.780020773981924)","(115.06007715173625, 35.78676939314565)",河南省,濮阳市,59,3,13609,large,-0.3039999999999998,37,19.450482113274337
410900010138,15路(滨河花园--皇甫),15,滨河花园,皇甫,2025-01-20 09:19:00,2025-01-20 10:19:43,18618.0,18.398243206148777,60.71666666666667,"(115.06041949812776, 35.78665694423186)","(114.92173800454383, 35.779819783699104)",河南省,濮阳市,63,3,13073,large,0.22799999999999995,37,19.254947844084544
410900010139,15路(皇甫--滨河花园),15,皇甫,滨河花园,2025-01-20 09:26:00,2025-01-20 10:33:48,19734.0,17.463716814159294,67.8,"(114.92168207146369, 35.780020773981924)","(115.06007715173625, 35.78676939314565)",河南省,濮阳市,61,3,13609,large,-0.3039999999999998,37,19.450482113274337
410900010138,15路(滨河花园--皇甫),15,滨河花园,皇甫,2025-01-20 09:31:00,2025-01-20 10:31:43,18618.0,18.398243206148777,60.71666666666667,"(115.06041949812776, 35.78665694423186)","(114.92173800454383, 35.779819783699104)",河南省,濮阳市,69,2,13073,large,0.22799999999999995,37,19.254947844084544
410900010139,15路(皇甫--滨河花园),15,皇甫,滨河花园,2025-01-20 09:37:00,2025-01-20 10:44:48,19734.0,17.463716814159294,67.8,"(114.92168207146369, 35.780020773981924)","(115.06007715173625, 35.78676939314565)",河南省,濮阳市,62,3,13609,large,-0.3039999999999998,37,19.450482113274337
410900010138,15路(滨河花园--皇甫),15,滨河花园,皇甫,2025-01-20 09:44:00,2025-01-20 10:44:43,18618.0,18.398243206148777,60.71666666666667,"(115.06041949812776, 35.78665694423186)","(114.92173800454383, 35.779819783699104)",河南省,濮阳市,65,3,13073,large,0.22799999999999995,37,19.254947844084544
410900010139,15路(皇甫--滨河花园),15,皇甫,滨河花园,2025-01-20 09:49:00,2025-01-20 10:56:48,19734.0,17.463716814159294,67.8,"(114.92168207146369, 35.780020773981924)","(115.06007715173625, 35.78676939314565)",河南省,濮阳市,66,3,13609,large,-0.3039999999999998,37,19.450482113274337
410900010138,15路(滨河花园--皇甫),15,滨河花园,皇甫,2025-01-20 09:55:00,2025-01-20 10:55:43,18618.0,18.398243206148777,60.71666666666667,"(115.06041949812776, 35.78665694423186)","(114.92173800454383, 35.779819783699104)",河南省,濮阳市,67,3,13073,large,0.22799999999999995,37,19.254947844084544
410900010139,15路(皇甫--滨河花园),15,皇甫,滨河花园,2025-01-20 10:04:00,2025-01-20 11:11:48,19734.0,17.463716814159294,67.8,"(114.92168207146369, 35.780020773981924)","(115.06007715173625, 35.78676939314565)",河南省,濮阳市,56,4,13609,large,-0.3039999999999998,37,19.450482113274337
410900010138,15路(滨河花园--皇甫),15,滨河花园,皇甫,2025-01-20 10:06:00,2025-01-20 11:06:43,18618.0,18.398243206148777,60.71666666666667,"(115.06041949812776, 35.78665694423186)","(114.92173800454383, 35.779819783699104)",河南省,濮阳市,53,4,13073,large,0.22799999999999995,37,19.254947844084544
410900010138,15路(滨河花园--皇甫),15,滨河花园,皇甫,2025-01-20 10:17:00,2025-01-20 11:17:43,18618.0,18.398243206148777,60.71666666666667,"(115.06041949812776, 35.78665694423186)","(114.92173800454383, 35.779819783699104)",河南省,濮阳市,55,4,13073,large,0.22799999999999995,37,19.254947844084544
410900010139,15路(皇甫--滨河花园),15,皇甫,滨河花园,2025-01-20 10:18:00,2025-01-20 11:25:48,19734.0,17.463716814159294,67.8,"(114.92168207146369, 35.780020773981924)","(115.06007715173625, 35.78676939314565)",河南省,濮阳市,68,3,13609,large,-0.3039999999999998,37,19.450482113274337
410900010138,15路(滨河花园--皇甫),15,滨河花园,皇甫,2025-01-20 10:28:00,2025-01-20 11:28:43,18618.0,18.398243206148777,60.71666666666667,"(115.06041949812776, 35.78665694423186)","(114.92173800454383, 35.779819783699104)",河南省,濮阳市,59,4,13073,large,0.22799999999999995,37,19.254947844084544
410900010139,15路(皇甫--滨河花园),15,皇甫,滨河花园,2025-01-20 10:32:00,2025-01-20 11:39:48,19734.0,17.463716814159294,67.8,"(114.92168207146369, 35.780020773981924)","(115.06007715173625, 35.78676939314565)",河南省,濮阳市,63,4,13609,large,-0.3039999999999998,37,19.450482113274337
410900010138,15路(滨河花园--皇甫),15,滨河花园,皇甫,2025-01-20 10:39:00,2025-01-20 11:39:43,18618.0,18.398243206148777,60.71666666666667,"(115.06041949812776, 35.78665694423186)","(114.92173800454383, 35.779819783699104)",河南省,濮阳市,61,4,13073,large,0.22799999999999995,37,19.254947844084544
410900010139,15路(皇甫--滨河花园),15,皇甫,滨河花园,2025-01-20 10:46:00,2025-01-20 11:53:48,19734.0,17.463716814159294,67.8,"(114.92168207146369, 35.780020773981924)","(115.06007715173625, 35.78676939314565)",河南省,濮阳市,69,3,13609,large,-0.3039999999999998,37,19.450482113274337
410900010138,15路(滨河花园--皇甫),15,滨河花园,皇甫,2025-01-20 10:50:00,2025-01-20 11:50:43,18618.0,18.398243206148777,60.71666666666667,"(115.06041949812776, 35.78665694423186)","(114.92173800454383, 35.779819783699104)",河南省,濮阳市,62,4,13073,large,0.22799999999999995,37,19.254947844084544
410900010138,15路(滨河花园--皇甫),15,滨河花园,皇甫,2025-01-20 11:04:00,2025-01-20 12:04:43,18618.0,18.398243206148777,60.71666666666667,"(115.06041949812776, 35.78665694423186)","(114.92173800454383, 35.779819783699104)",河南省,濮阳市,66,4,13073,large,0.22799999999999995,37,19.254947844084544
410900010139,15路(皇甫--滨河花园),15,皇甫,滨河花园,2025-01-20 11:04:00,2025-01-20 12:11:48,19734.0,17.463716814159294,67.8,"(114.92168207146369, 35.780020773981924)","(115.06007715173625, 35.78676939314565)",河南省,濮阳市,67,4,13609,large,-0.3039999999999998,37,19.450482113274337
410900010138,15路(滨河花园--皇甫),15,滨河花园,皇甫,2025-01-20 11:19:00,2025-01-20 12:19:43,18618.0,18.398243206148777,60.71666666666667,"(115.06041949812776, 35.78665694423186)","(114.92173800454383, 35.779819783699104)",河南省,濮阳市,56,5,13073,large,0.22799999999999995,37,19.254947844084544
410900010139,15路(皇甫--滨河花园),15,皇甫,滨河花园,2025-01-20 11:24:00,2025-01-20 12:31:48,19734.0,17.463716814159294,67.8,"(114.92168207146369, 35.780020773981924)","(115.06007715173625, 35.78676939314565)",河南省,濮阳市,55,5,13609,large,-0.3039999999999998,37,19.450482113274337
410900010138,15路(滨河花园--皇甫),15,滨河花园,皇甫,2025-01-20 11:31:00,2025-01-20 12:31:43,18618.0,18.398243206148777,60.71666666666667,"(115.06041949812776, 35.78665694423186)","(114.92173800454383, 35.779819783699104)",河南省,濮阳市,68,4,13073,large,0.22799999999999995,37,19.254947844084544
410900010139,15路(皇甫--滨河花园),15,皇甫,滨河花园,2025-01-20 11:36:00,2025-01-20 12:43:48,19734.0,17.463716814159294,67.8,"(114.92168207146369, 35.780020773981924)","(115.06007715173625, 35.78676939314565)",河南省,濮阳市,59,5,13609,large,-0.3039999999999998,37,19.450482113274337
410900010138,15路(滨河花园--皇甫),15,滨河花园,皇甫,2025-01-20 11:46:00,2025-01-20 12:46:43,18618.0,18.398243206148777,60.71666666666667,"(115.06041949812776, 35.78665694423186)","(114.92173800454383, 35.779819783699104)",河南省,濮阳市,63,5,13073,large,0.22799999999999995,37,19.254947844084544
410900010139,15路(皇甫--滨河花园),15,皇甫,滨河花园,2025-01-20 11:47:00,2025-01-20 12:54:48,19734.0,17.463716814159294,67.8,"(114.92168207146369, 35.780020773981924)","(115.06007715173625, 35.78676939314565)",河南省,濮阳市,61,5,13609,large,-0.3039999999999998,37,19.450482113274337
410900010139,15路(皇甫--滨河花园),15,皇甫,滨河花园,2025-01-20 11:59:00,2025-01-20 13:06:48,19734.0,17.463716814159294,67.8,"(114.92168207146369, 35.780020773981924)","(115.06007715173625, 35.78676939314565)",河南省,濮阳市,62,5,13609,large,-0.3039999999999998,37,19.450482113274337
410900010138,15路(滨河花园--皇甫),15,滨河花园,皇甫,2025-01-20 12:00:00,2025-01-20 13:00:43,18618.0,18.398243206148777,60.71666666666667,"(115.06041949812776, 35.78665694423186)","(114.92173800454383, 35.779819783699104)",河南省,濮阳市,69,4,13073,large,0.22799999999999995,37,19.254947844084544
410900010139,15路(皇甫--滨河花园),15,皇甫,滨河花园,2025-01-20 12:12:00,2025-01-20 13:19:48,19734.0,17.463716814159294,67.8,"(114.92168207146369, 35.780020773981924)","(115.06007715173625, 35.78676939314565)",河南省,濮阳市,66,5,13609,large,-0.3039999999999998,37,19.450482113274337
410900010138,15路(滨河花园--皇甫),15,滨河花园,皇甫,2025-01-20 12:17:00,2025-01-20 13:17:43,18618.0,18.398243206148777,60.71666666666667,"(115.06041949812776, 35.78665694423186)","(114.92173800454383, 35.779819783699104)",河南省,濮阳市,67,5,13073,large,0.22799999999999995,37,19.254947844084544
410900010139,15路(皇甫--滨河花园),15,皇甫,滨河花园,2025-01-20 12:23:00,2025-01-20 13:30:48,19734.0,17.463716814159294,67.8,"(114.92168207146369, 35.780020773981924)","(115.06007715173625, 35.78676939314565)",河南省,濮阳市,70,1,13609,large,-0.3039999999999998,37,19.450482113274337
410900010138,15路(滨河花园--皇甫),15,滨河花园,皇甫,2025-01-20 12:29:00,2025-01-20 13:29:43,18618.0,18.398243206148777,60.71666666666667,"(115.06041949812776, 35.78665694423186)","(114.92173800454383, 35.779819783699104)",河南省,濮阳市,71,1,13073,large,0.22799999999999995,37,19.254947844084544
410900010139,15路(皇甫--滨河花园),15,皇甫,滨河花园,2025-01-20 12:35:00,2025-01-20 13:42:48,19734.0,17.463716814159294,67.8,"(114.92168207146369, 35.780020773981924)","(115.06007715173625, 35.78676939314565)",河南省,濮阳市,56,6,13609,large,-0.3039999999999998,37,19.450482113274337
410900010138,15路(滨河花园--皇甫),15,滨河花园,皇甫,2025-01-20 12:41:00,2025-01-20 13:41:43,18618.0,18.398243206148777,60.71666666666667,"(115.06041949812776, 35.78665694423186)","(114.92173800454383, 35.779819783699104)",河南省,濮阳市,55,6,13073,large,0.22799999999999995,37,19.254947844084544
410900010139,15路(皇甫--滨河花园),15,皇甫,滨河花园,2025-01-20 12:50:00,2025-01-20 13:57:48,19734.0,17.463716814159294,67.8,"(114.92168207146369, 35.780020773981924)","(115.06007715173625, 35.78676939314565)",河南省,濮阳市,68,5,13609,large,-0.3039999999999998,37,19.450482113274337
410900010138,15路(滨河花园--皇甫),15,滨河花园,皇甫,2025-01-20 12:53:00,2025-01-20 13:53:43,18618.0,18.398243206148777,60.71666666666667,"(115.06041949812776, 35.78665694423186)","(114.92173800454383, 35.779819783699104)",河南省,濮阳市,59,6,13073,large,0.22799999999999995,37,19.254947844084544
410900010139,15路(皇甫--滨河花园),15,皇甫,滨河花园,2025-01-20 13:04:00,2025-01-20 14:11:48,19734.0,17.463716814159294,67.8,"(114.92168207146369, 35.780020773981924)","(115.06007715173625, 35.78676939314565)",河南省,濮阳市,63,6,13609,large,-0.3039999999999998,37,19.450482113274337
410900010138,15路(滨河花园--皇甫),15,滨河花园,皇甫,2025-01-20 13:05:00,2025-01-20 14:05:43,18618.0,18.398243206148777,60.71666666666667,"(115.06041949812776, 35.78665694423186)","(114.92173800454383, 35.779819783699104)",河南省,濮阳市,61,6,13073,large,0.22799999999999995,37,19.254947844084544
410900010138,15路(滨河花园--皇甫),15,滨河花园,皇甫,2025-01-20 13:17:00,2025-01-20 14:17:43,18618.0,18.398243206148777,60.71666666666667,"(115.06041949812776, 35.78665694423186)","(114.92173800454383, 35.779819783699104)",河南省,濮阳市,62,6,13073,large,0.22799999999999995,37,19.254947844084544
410900010139,15路(皇甫--滨河花园),15,皇甫,滨河花园,2025-01-20 13:18:00,2025-01-20 14:25:48,19734.0,17.463716814159294,67.8,"(114.92168207146369, 35.780020773981924)","(115.06007715173625, 35.78676939314565)",河南省,濮阳市,69,5,13609,large,-0.3039999999999998,37,19.450482113274337
410900010138,15路(滨河花园--皇甫),15,滨河花园,皇甫,2025-01-20 13:29:00,2025-01-20 14:29:43,18618.0,18.398243206148777,60.71666666666667,"(115.06041949812776, 35.78665694423186)","(114.92173800454383, 35.779819783699104)",河南省,濮阳市,66,6,13073,large,0.22799999999999995,37,19.254947844084544
410900010139,15路(皇甫--滨河花园),15,皇甫,滨河花园,2025-01-20 13:31:00,2025-01-20 14:38:48,19734.0,17.463716814159294,67.8,"(114.92168207146369, 35.780020773981924)","(115.06007715173625, 35.78676939314565)",河南省,濮阳市,67,6,13609,large,-0.3039999999999998,37,19.450482113274337
410900010138,15路(滨河花园--皇甫),15,滨河花园,皇甫,2025-01-20 13:41:00,2025-01-20 14:41:43,18618.0,18.398243206148777,60.71666666666667,"(115.06041949812776, 35.78665694423186)","(114.92173800454383, 35.779819783699104)",河南省,濮阳市,70,2,13073,large,0.22799999999999995,37,19.254947844084544
410900010139,15路(皇甫--滨河花园),15,皇甫,滨河花园,2025-01-20 13:45:00,2025-01-20 14:52:48,19734.0,17.463716814159294,67.8,"(114.92168207146369, 35.780020773981924)","(115.06007715173625, 35.78676939314565)",河南省,濮阳市,71,2,13609,large,-0.3039999999999998,37,19.450482113274337
410900010138,15路(滨河花园--皇甫),15,滨河花园,皇甫,2025-01-20 13:55:00,2025-01-20 14:55:43,18618.0,18.398243206148777,60.71666666666667,"(115.06041949812776, 35.78665694423186)","(114.92173800454383, 35.779819783699104)",河南省,濮阳市,56,7,13073,large,0.22799999999999995,37,19.254947844084544
410900010139,15路(皇甫--滨河花园),15,皇甫,滨河花园,2025-01-20 13:59:00,2025-01-20 15:06:48,19734.0,17.463716814159294,67.8,"(114.92168207146369, 35.780020773981924)","(115.06007715173625, 35.78676939314565)",河南省,濮阳市,59,7,13609,large,-0.3039999999999998,37,19.450482113274337
410900010138,15路(滨河花园--皇甫),15,滨河花园,皇甫,2025-01-20 14:08:00,2025-01-20 15:08:43,18618.0,18.398243206148777,60.71666666666667,"(115.06041949812776, 35.78665694423186)","(114.92173800454383, 35.779819783699104)",河南省,濮阳市,68,6,13073,large,0.22799999999999995,37,19.254947844084544
410900010139,15路(皇甫--滨河花园),15,皇甫,滨河花园,2025-01-20 14:10:00,2025-01-20 15:17:48,19734.0,17.463716814159294,67.8,"(114.92168207146369, 35.780020773981924)","(115.06007715173625, 35.78676939314565)",河南省,濮阳市,72,1,13609,large,-0.3039999999999998,37,19.450482113274337
410900010138,15路(滨河花园--皇甫),15,滨河花园,皇甫,2025-01-20 14:22:00,2025-01-20 15:22:43,18618.0,18.398243206148777,60.71666666666667,"(115.06041949812776, 35.78665694423186)","(114.92173800454383, 35.779819783699104)",河南省,濮阳市,63,7,13073,large,0.22799999999999995,37,19.254947844084544
410900010139,15路(皇甫--滨河花园),15,皇甫,滨河花园,2025-01-20 14:22:00,2025-01-20 15:29:48,19734.0,17.463716814159294,67.8,"(114.92168207146369, 35.780020773981924)","(115.06007715173625, 35.78676939314565)",河南省,濮阳市,61,7,13609,large,-0.3039999999999998,37,19.450482113274337
410900010138,15路(滨河花园--皇甫),15,滨河花园,皇甫,2025-01-20 14:29:00,2025-01-20 15:29:43,18618.0,18.398243206148777,60.71666666666667,"(115.06041949812776, 35.78665694423186)","(114.92173800454383, 35.779819783699104)",河南省,濮阳市,73,1,13073,large,0.22799999999999995,37,19.254947844084544
410900010139,15路(皇甫--滨河花园),15,皇甫,滨河花园,2025-01-20 14:32:00,2025-01-20 15:39:48,19734.0,17.463716814159294,67.8,"(114.92168207146369, 35.780020773981924)","(115.06007715173625, 35.78676939314565)",河南省,濮阳市,62,7,13609,large,-0.3039999999999998,37,19.450482113274337
410900010138,15路(滨河花园--皇甫),15,滨河花园,皇甫,2025-01-20 14:43:00,2025-01-20 15:43:43,18618.0,18.398243206148777,60.71666666666667,"(115.06041949812776, 35.78665694423186)","(114.92173800454383, 35.779819783699104)",河南省,濮阳市,69,6,13073,large,0.22799999999999995,37,19.254947844084544
410900010139,15路(皇甫--滨河花园),15,皇甫,滨河花园,2025-01-20 14:43:00,2025-01-20 15:50:48,19734.0,17.463716814159294,67.8,"(114.92168207146369, 35.780020773981924)","(115.06007715173625, 35.78676939314565)",河南省,濮阳市,66,7,13609,large,-0.3039999999999998,37,19.450482113274337
410900010139,15路(皇甫--滨河花园),15,皇甫,滨河花园,2025-01-20 14:55:00,2025-01-20 16:02:48,19734.0,17.463716814159294,67.8,"(114.92168207146369, 35.780020773981924)","(115.06007715173625, 35.78676939314565)",河南省,濮阳市,70,3,13609,large,-0.3039999999999998,37,19.450482113274337
410900010138,15路(滨河花园--皇甫),15,滨河花园,皇甫,2025-01-20 14:57:00,2025-01-20 15:57:43,18618.0,18.398243206148777,60.71666666666667,"(115.06041949812776, 35.78665694423186)","(114.92173800454383, 35.779819783699104)",河南省,濮阳市,67,7,13073,large,0.22799999999999995,37,19.254947844084544
410900010139,15路(皇甫--滨河花园),15,皇甫,滨河花园,2025-01-20 15:05:00,2025-01-20 16:12:48,19734.0,17.463716814159294,67.8,"(114.92168207146369, 35.780020773981924)","(115.06007715173625, 35.78676939314565)",河南省,濮阳市,56,8,13609,large,-0.3039999999999998,37,19.450482113274337
410900010138,15路(滨河花园--皇甫),15,滨河花园,皇甫,2025-01-20 15:11:00,2025-01-20 16:11:43,18618.0,18.398243206148777,60.71666666666667,"(115.06041949812776, 35.78665694423186)","(114.92173800454383, 35.779819783699104)",河南省,濮阳市,71,3,13073,large,0.22799999999999995,37,19.254947844084544
410900010139,15路(皇甫--滨河花园),15,皇甫,滨河花园,2025-01-20 15:15:00,2025-01-20 16:22:48,19734.0,17.463716814159294,67.8,"(114.92168207146369, 35.780020773981924)","(115.06007715173625, 35.78676939314565)",河南省,濮阳市,68,7,13609,large,-0.3039999999999998,37,19.450482113274337
410900010138,15路(滨河花园--皇甫),15,滨河花园,皇甫,2025-01-20 15:23:00,2025-01-20 16:23:43,18618.0,18.398243206148777,60.71666666666667,"(115.06041949812776, 35.78665694423186)","(114.92173800454383, 35.779819783699104)",河南省,濮阳市,72,2,13073,large,0.22799999999999995,37,19.254947844084544
410900010139,15路(皇甫--滨河花园),15,皇甫,滨河花园,2025-01-20 15:29:00,2025-01-20 16:36:48,19734.0,17.463716814159294,67.8,"(114.92168207146369, 35.780020773981924)","(115.06007715173625, 35.78676939314565)",河南省,濮阳市,63,8,13609,large,-0.3039999999999998,37,19.450482113274337
410900010138,15路(滨河花园--皇甫),15,滨河花园,皇甫,2025-01-20 15:36:00,2025-01-20 16:36:43,18618.0,18.398243206148777,60.71666666666667,"(115.06041949812776, 35.78665694423186)","(114.92173800454383, 35.779819783699104)",河南省,濮阳市,61,8,13073,large,0.22799999999999995,37,19.254947844084544
410900010139,15路(皇甫--滨河花园),15,皇甫,滨河花园,2025-01-20 15:41:00,2025-01-20 16:48:48,19734.0,17.463716814159294,67.8,"(114.92168207146369, 35.780020773981924)","(115.06007715173625, 35.78676939314565)",河南省,濮阳市,73,2,13609,large,-0.3039999999999998,37,19.450482113274337
410900010138,15路(滨河花园--皇甫),15,滨河花园,皇甫,2025-01-20 15:48:00,2025-01-20 16:48:43,18618.0,18.398243206148777,60.71666666666667,"(115.06041949812776, 35.78665694423186)","(114.92173800454383, 35.779819783699104)",河南省,濮阳市,62,8,13073,large,0.22799999999999995,37,19.254947844084544
410900010139,15路(皇甫--滨河花园),15,皇甫,滨河花园,2025-01-20 15:55:00,2025-01-20 17:02:48,19734.0,17.463716814159294,67.8,"(114.92168207146369, 35.780020773981924)","(115.06007715173625, 35.78676939314565)",河南省,濮阳市,69,7,13609,large,-0.3039999999999998,37,19.450482113274337
410900010138,15路(滨河花园--皇甫),15,滨河花园,皇甫,2025-01-20 15:57:00,2025-01-20 16:57:43,18618.0,18.398243206148777,60.71666666666667,"(115.06041949812776, 35.78665694423186)","(114.92173800454383, 35.779819783699104)",河南省,濮阳市,66,8,13073,large,0.22799999999999995,37,19.254947844084544
410900010138,15路(滨河花园--皇甫),15,滨河花园,皇甫,2025-01-20 16:03:00,2025-01-20 17:03:43,18618.0,18.398243206148777,60.71666666666667,"(115.06041949812776, 35.78665694423186)","(114.92173800454383, 35.779819783699104)",河南省,濮阳市,74,1,13073,large,0.22799999999999995,37,19.254947844084544
410900010139,15路(皇甫--滨河花园),15,皇甫,滨河花园,2025-01-20 16:07:00,2025-01-20 17:14:48,19734.0,17.463716814159294,67.8,"(114.92168207146369, 35.780020773981924)","(115.06007715173625, 35.78676939314565)",河南省,濮阳市,67,8,13609,large,-0.3039999999999998,37,19.450482113274337
410900010138,15路(滨河花园--皇甫),15,滨河花园,皇甫,2025-01-20 16:14:00,2025-01-20 17:14:43,18618.0,18.398243206148777,60.71666666666667,"(115.06041949812776, 35.78665694423186)","(114.92173800454383, 35.779819783699104)",河南省,濮阳市,70,4,13073,large,0.22799999999999995,37,19.254947844084544
410900010139,15路(皇甫--滨河花园),15,皇甫,滨河花园,2025-01-20 16:18:00,2025-01-20 17:25:48,19734.0,17.463716814159294,67.8,"(114.92168207146369, 35.780020773981924)","(115.06007715173625, 35.78676939314565)",河南省,濮阳市,71,4,13609,large,-0.3039999999999998,37,19.450482113274337
410900010138,15路(滨河花园--皇甫),15,滨河花园,皇甫,2025-01-20 16:25:00,2025-01-20 17:25:43,18618.0,18.398243206148777,60.71666666666667,"(115.06041949812776, 35.78665694423186)","(114.92173800454383, 35.779819783699104)",河南省,濮阳市,56,9,13073,large,0.22799999999999995,37,19.254947844084544
410900010139,15路(皇甫--滨河花园),15,皇甫,滨河花园,2025-01-20 16:27:00,2025-01-20 17:34:48,19734.0,17.463716814159294,67.8,"(114.92168207146369, 35.780020773981924)","(115.06007715173625, 35.78676939314565)",河南省,濮阳市,75,1,13609,large,-0.3039999999999998,37,19.450482113274337
410900010138,15路(滨河花园--皇甫),15,滨河花园,皇甫,2025-01-20 16:36:00,2025-01-20 17:36:43,18618.0,18.398243206148777,60.71666666666667,"(115.06041949812776, 35.78665694423186)","(114.92173800454383, 35.779819783699104)",河南省,濮阳市,68,8,13073,large,0.22799999999999995,37,19.254947844084544
410900010139,15路(皇甫--滨河花园),15,皇甫,滨河花园,2025-01-20 16:37:00,2025-01-20 17:44:48,19734.0,17.463716814159294,67.8,"(114.92168207146369, 35.780020773981924)","(115.06007715173625, 35.78676939314565)",河南省,濮阳市,72,3,13609,large,-0.3039999999999998,37,19.450482113274337
410900010139,15路(皇甫--滨河花园),15,皇甫,滨河花园,2025-01-20 16:45:00,2025-01-20 17:52:48,19734.0,17.463716814159294,67.8,"(114.92168207146369, 35.780020773981924)","(115.06007715173625, 35.78676939314565)",河南省,濮阳市,61,9,13609,large,-0.3039999999999998,37,19.450482113274337
410900010138,15路(滨河花园--皇甫),15,滨河花园,皇甫,2025-01-20 16:47:00,2025-01-20 17:47:43,18618.0,18.398243206148777,60.71666666666667,"(115.06041949812776, 35.78665694423186)","(114.92173800454383, 35.779819783699104)",河南省,濮阳市,63,9,13073,large,0.22799999999999995,37,19.254947844084544
410900010139,15路(皇甫--滨河花园),15,皇甫,滨河花园,2025-01-20 16:55:00,2025-01-20 18:02:48,19734.0,17.463716814159294,67.8,"(114.92168207146369, 35.780020773981924)","(115.06007715173625, 35.78676939314565)",河南省,濮阳市,62,9,13609,large,-0.3039999999999998,37,19.450482113274337
410900010138,15路(滨河花园--皇甫),15,滨河花园,皇甫,2025-01-20 16:58:00,2025-01-20 17:58:43,18618.0,18.398243206148777,60.71666666666667,"(115.06041949812776, 35.78665694423186)","(114.92173800454383, 35.779819783699104)",河南省,濮阳市,73,3,13073,large,0.22799999999999995,37,19.254947844084544
410900010139,15路(皇甫--滨河花园),15,皇甫,滨河花园,2025-01-20 17:05:00,2025-01-20 18:13:41,19734.0,17.239116719242904,68.68333333333334,"(114.92168207146369, 35.780020773981924)","(115.06007715173625, 35.78676939314565)",河南省,濮阳市,66,9,13609,large,-0.3039999999999998,37,19.41945630536278
410900010138,15路(滨河花园--皇甫),15,滨河花园,皇甫,2025-01-20 17:08:00,2025-01-20 18:20:40,18618.0,15.372660550458717,72.66666666666667,"(115.06041949812776, 35.78665694423186)","(114.92173800454383, 35.779819783699104)",河南省,濮阳市,69,8,13073,large,0.22799999999999995,37,18.86063575889908
410900010139,15路(皇甫--滨河花园),15,皇甫,滨河花园,2025-01-20 17:15:00,2025-01-20 18:23:41,19734.0,17.239116719242904,68.68333333333334,"(114.92168207146369, 35.780020773981924)","(115.06007715173625, 35.78676939314565)",河南省,濮阳市,74,2,13609,large,-0.3039999999999998,37,19.41945630536278
410900010138,15路(滨河花园--皇甫),15,滨河花园,皇甫,2025-01-20 17:20:00,2025-01-20 18:32:40,18618.0,15.372660550458717,72.66666666666667,"(115.06041949812776, 35.78665694423186)","(114.92173800454383, 35.779819783699104)",河南省,濮阳市,67,9,13073,large,0.22799999999999995,37,18.86063575889908
410900010139,15路(皇甫--滨河花园),15,皇甫,滨河花园,2025-01-20 17:25:00,2025-01-20 18:33:41,19734.0,17.239116719242904,68.68333333333334,"(114.92168207146369, 35.780020773981924)","(115.06007715173625, 35.78676939314565)",河南省,濮阳市,70,5,13609,large,-0.3039999999999998,37,19.41945630536278
410900010138,15路(滨河花园--皇甫),15,滨河花园,皇甫,2025-01-20 17:31:00,2025-01-20 18:43:40,18618.0,15.372660550458717,72.66666666666667,"(115.06041949812776, 35.78665694423186)","(114.92173800454383, 35.779819783699104)",河南省,濮阳市,71,5,13073,large,0.22799999999999995,37,18.86063575889908
410900010139,15路(皇甫--滨河花园),15,皇甫,滨河花园,2025-01-20 17:36:00,2025-01-20 18:44:41,19734.0,17.239116719242904,68.68333333333334,"(114.92168207146369, 35.780020773981924)","(115.06007715173625, 35.78676939314565)",河南省,濮阳市,56,10,13609,large,-0.3039999999999998,37,19.41945630536278
410900010138,15路(滨河花园--皇甫),15,滨河花园,皇甫,2025-01-20 17:41:00,2025-01-20 18:53:40,18618.0,15.372660550458717,72.66666666666667,"(115.06041949812776, 35.78665694423186)","(114.92173800454383, 35.779819783699104)",河南省,濮阳市,75,2,13073,large,0.22799999999999995,37,18.86063575889908
410900010139,15路(皇甫--滨河花园),15,皇甫,滨河花园,2025-01-20 17:45:00,2025-01-20 18:53:41,19734.0,17.239116719242904,68.68333333333334,"(114.92168207146369, 35.780020773981924)","(115.06007715173625, 35.78676939314565)",河南省,濮阳市,68,9,13609,large,-0.3039999999999998,37,19.41945630536278
410900010138,15路(滨河花园--皇甫),15,滨河花园,皇甫,2025-01-20 17:53:00,2025-01-20 19:05:40,18618.0,15.372660550458717,72.66666666666667,"(115.06041949812776, 35.78665694423186)","(114.92173800454383, 35.779819783699104)",河南省,濮阳市,72,4,13073,large,0.22799999999999995,37,18.86063575889908
410900010139,15路(皇甫--滨河花园),15,皇甫,滨河花园,2025-01-20 17:55:00,2025-01-20 19:03:41,19734.0,17.239116719242904,68.68333333333334,"(114.92168207146369, 35.780020773981924)","(115.06007715173625, 35.78676939314565)",河南省,濮阳市,63,10,13609,large,-0.3039999999999998,37,19.41945630536278
410900010138,15路(滨河花园--皇甫),15,滨河花园,皇甫,2025-01-20 18:04:00,2025-01-20 19:16:40,18618.0,15.372660550458717,72.66666666666667,"(115.06041949812776, 35.78665694423186)","(114.92173800454383, 35.779819783699104)",河南省,濮阳市,61,10,13073,large,0.22799999999999995,37,18.86063575889908
410900010139,15路(皇甫--滨河花园),15,皇甫,滨河花园,2025-01-20 18:05:00,2025-01-20 19:13:41,19734.0,17.239116719242904,68.68333333333334,"(114.92168207146369, 35.780020773981924)","(115.06007715173625, 35.78676939314565)",河南省,濮阳市,73,4,13609,large,-0.3039999999999998,37,19.41945630536278
410900010139,15路(皇甫--滨河花园),15,皇甫,滨河花园,2025-01-20 18:16:00,2025-01-20 19:24:41,19734.0,17.239116719242904,68.68333333333334,"(114.92168207146369, 35.780020773981924)","(115.06007715173625, 35.78676939314565)",河南省,濮阳市,76,1,13609,large,-0.3039999999999998,37,19.41945630536278
410900010138,15路(滨河花园--皇甫),15,滨河花园,皇甫,2025-01-20 18:16:00,2025-01-20 19:28:40,18618.0,15.372660550458717,72.66666666666667,"(115.06041949812776, 35.78665694423186)","(114.92173800454383, 35.779819783699104)",河南省,濮阳市,62,10,13073,large,0.22799999999999995,37,18.86063575889908
410900010138,15路(滨河花园--皇甫),15,滨河花园,皇甫,2025-01-20 18:26:00,2025-01-20 19:38:40,18618.0,15.372660550458717,72.66666666666667,"(115.06041949812776, 35.78665694423186)","(114.92173800454383, 35.779819783699104)",河南省,濮阳市,66,10,13073,large,0.22799999999999995,37,18.86063575889908
410900010139,15路(皇甫--滨河花园),15,皇甫,滨河花园,2025-01-20 18:26:00,2025-01-20 19:34:41,19734.0,17.239116719242904,68.68333333333334,"(114.92168207146369, 35.780020773981924)","(115.06007715173625, 35.78676939314565)",河南省,濮阳市,69,9,13609,large,-0.3039999999999998,37,19.41945630536278
410900010139,15路(皇甫--滨河花园),15,皇甫,滨河花园,2025-01-20 18:37:00,2025-01-20 19:45:41,19734.0,17.239116719242904,68.68333333333334,"(114.92168207146369, 35.780020773981924)","(115.06007715173625, 35.78676939314565)",河南省,濮阳市,77,1,13609,large,-0.3039999999999998,37,19.41945630536278
410900010138,15路(滨河花园--皇甫),15,滨河花园,皇甫,2025-01-20 18:37:00,2025-01-20 19:49:40,18618.0,15.372660550458717,72.66666666666667,"(115.06041949812776, 35.78665694423186)","(114.92173800454383, 35.779819783699104)",河南省,濮阳市,74,3,13073,large,0.22799999999999995,37,18.86063575889908
410900010138,15路(滨河花园--皇甫),15,滨河花园,皇甫,2025-01-20 18:49:00,2025-01-20 20:01:40,18618.0,15.372660550458717,72.66666666666667,"(115.06041949812776, 35.78665694423186)","(114.92173800454383, 35.779819783699104)",河南省,濮阳市,70,6,13073,large,0.22799999999999995,37,18.86063575889908
410900010139,15路(皇甫--滨河花园),15,皇甫,滨河花园,2025-01-20 19:00:00,2025-01-20 20:07:48,19734.0,17.463716814159294,67.8,"(114.92168207146369, 35.780020773981924)","(115.06007715173625, 35.78676939314565)",河南省,濮阳市,75,3,13609,large,-0.3039999999999998,37,19.450482113274337
410900010138,15路(滨河花园--皇甫),15,滨河花园,皇甫,2025-01-20 19:00:00,2025-01-20 20:00:43,18618.0,18.398243206148777,60.71666666666667,"(115.06041949812776, 35.78665694423186)","(114.92173800454383, 35.779819783699104)",河南省,濮阳市,68,10,13073,large,0.22799999999999995,37,19.254947844084544
410900010141,16路(高速路口--高铁公交客运中心),16,高速路口,高铁公交客运中心,2025-01-20 06:30:00,2025-01-20 07:43:16,23187.0,18.9884440400364,73.26666666666667,"(114.94993554574914, 35.78774299227658)","(115.14304645406683, 35.76764522575136)",河南省,濮阳市,78,1,15889,large,-0.18999999999999986,42,23.079850963694263
410900010140,16路(高铁公交客运中心--高速路口),16,高铁公交客运中心,高速路口,2025-01-20 06:30:00,2025-01-20 07:42:01,23339.0,19.44466558666975,72.01666666666667,"(115.14304445029791, 35.76764522240244)","(114.94897631865581, 35.78814200862841)",河南省,濮阳市,79,1,13667,large,0.18999999999999997,43,23.779686550890993
410900010141,16路(高速路口--高铁公交客运中心),16,高速路口,高铁公交客运中心,2025-01-20 06:45:00,2025-01-20 07:58:16,23187.0,18.9884440400364,73.26666666666667,"(114.94993554574914, 35.78774299227658)","(115.14304645406683, 35.76764522575136)",河南省,濮阳市,80,1,15889,large,-0.18999999999999986,42,23.079850963694263
410900010140,16路(高铁公交客运中心--高速路口),16,高铁公交客运中心,高速路口,2025-01-20 06:47:00,2025-01-20 07:59:01,23339.0,19.44466558666975,72.01666666666667,"(115.14304445029791, 35.76764522240244)","(114.94897631865581, 35.78814200862841)",河南省,濮阳市,81,1,13667,large,0.18999999999999997,43,23.779686550890993
410900010141,16路(高速路口--高铁公交客运中心),16,高速路口,高铁公交客运中心,2025-01-20 07:01:00,2025-01-20 08:18:40,23187.0,17.912703862660944,77.66666666666667,"(114.94993554574914, 35.78774299227658)","(115.14304645406683, 35.76764522575136)",河南省,濮阳市,82,1,15889,large,-0.18999999999999986,42,22.905248651244634
410900010140,16路(高铁公交客运中心--高速路口),16,高铁公交客运中心,高速路口,2025-01-20 07:03:00,2025-01-20 08:20:15,23339.0,18.127378640776698,77.25,"(115.14304445029791, 35.76764522240244)","(114.94897631865581, 35.78814200862841)",河南省,濮阳市,83,1,13667,large,0.18999999999999997,43,23.564477430679606
410900010141,16路(高速路口--高铁公交客运中心),16,高速路口,高铁公交客运中心,2025-01-20 07:14:00,2025-01-20 08:31:40,23187.0,17.912703862660944,77.66666666666667,"(114.94993554574914, 35.78774299227658)","(115.14304645406683, 35.76764522575136)",河南省,濮阳市,84,1,15889,large,-0.18999999999999986,42,22.905248651244634
410900010140,16路(高铁公交客运中心--高速路口),16,高铁公交客运中心,高速路口,2025-01-20 07:16:00,2025-01-20 08:33:15,23339.0,18.127378640776698,77.25,"(115.14304445029791, 35.76764522240244)","(114.94897631865581, 35.78814200862841)",河南省,濮阳市,85,1,13667,large,0.18999999999999997,43,23.564477430679606
410900010141,16路(高速路口--高铁公交客运中心),16,高速路口,高铁公交客运中心,2025-01-20 07:27:00,2025-01-20 08:44:40,23187.0,17.912703862660944,77.66666666666667,"(114.94993554574914, 35.78774299227658)","(115.14304645406683, 35.76764522575136)",河南省,濮阳市,86,1,15889,large,-0.18999999999999986,42,22.905248651244634
410900010140,16路(高铁公交客运中心--高速路口),16,高铁公交客运中心,高速路口,2025-01-20 07:28:00,2025-01-20 08:45:15,23339.0,18.127378640776698,77.25,"(115.14304445029791, 35.76764522240244)","(114.94897631865581, 35.78814200862841)",河南省,濮阳市,87,1,13667,large,0.18999999999999997,43,23.564477430679606
410900010141,16路(高速路口--高铁公交客运中心),16,高速路口,高铁公交客运中心,2025-01-20 07:40:00,2025-01-20 08:57:40,23187.0,17.912703862660944,77.66666666666667,"(114.94993554574914, 35.78774299227658)","(115.14304645406683, 35.76764522575136)",河南省,濮阳市,88,1,15889,large,-0.18999999999999986,42,22.905248651244634
410900010140,16路(高铁公交客运中心--高速路口),16,高铁公交客运中心,高速路口,2025-01-20 07:42:00,2025-01-20 08:59:15,23339.0,18.127378640776698,77.25,"(115.14304445029791, 35.76764522240244)","(114.94897631865581, 35.78814200862841)",河南省,濮阳市,89,1,13667,large,0.18999999999999997,43,23.564477430679606
410900010141,16路(高速路口--高铁公交客运中心),16,高速路口,高铁公交客运中心,2025-01-20 07:53:00,2025-01-20 09:10:40,23187.0,17.912703862660944,77.66666666666667,"(114.94993554574914, 35.78774299227658)","(115.14304645406683, 35.76764522575136)",河南省,濮阳市,79,2,15889,large,-0.18999999999999986,42,22.905248651244634
410900010140,16路(高铁公交客运中心--高速路口),16,高铁公交客运中心,高速路口,2025-01-20 07:56:00,2025-01-20 09:13:15,23339.0,18.127378640776698,77.25,"(115.14304445029791, 35.76764522240244)","(114.94897631865581, 35.78814200862841)",河南省,濮阳市,78,2,13667,large,0.18999999999999997,43,23.564477430679606
410900010141,16路(高速路口--高铁公交客运中心),16,高速路口,高铁公交客运中心,2025-01-20 08:09:00,2025-01-20 09:26:40,23187.0,17.912703862660944,77.66666666666667,"(114.94993554574914, 35.78774299227658)","(115.14304645406683, 35.76764522575136)",河南省,濮阳市,81,2,15889,large,-0.18999999999999986,42,22.905248651244634
410900010140,16路(高铁公交客运中心--高速路口),16,高铁公交客运中心,高速路口,2025-01-20 08:12:00,2025-01-20 09:29:15,23339.0,18.127378640776698,77.25,"(115.14304445029791, 35.76764522240244)","(114.94897631865581, 35.78814200862841)",河南省,濮阳市,80,2,13667,large,0.18999999999999997,43,23.564477430679606
410900010141,16路(高速路口--高铁公交客运中心),16,高速路口,高铁公交客运中心,2025-01-20 08:24:00,2025-01-20 09:41:40,23187.0,17.912703862660944,77.66666666666667,"(114.94993554574914, 35.78774299227658)","(115.14304645406683, 35.76764522575136)",河南省,濮阳市,90,1,15889,large,-0.18999999999999986,42,22.905248651244634
410900010140,16路(高铁公交客运中心--高速路口),16,高铁公交客运中心,高速路口,2025-01-20 08:30:00,2025-01-20 09:47:15,23339.0,18.127378640776698,77.25,"(115.14304445029791, 35.76764522240244)","(114.94897631865581, 35.78814200862841)",河南省,濮阳市,82,2,13667,large,0.18999999999999997,43,23.564477430679606
410900010141,16路(高速路口--高铁公交客运中心),16,高速路口,高铁公交客运中心,2025-01-20 08:41:00,2025-01-20 09:58:40,23187.0,17.912703862660944,77.66666666666667,"(114.94993554574914, 35.78774299227658)","(115.14304645406683, 35.76764522575136)",河南省,濮阳市,85,2,15889,large,-0.18999999999999986,42,22.905248651244634
410900010140,16路(高铁公交客运中心--高速路口),16,高铁公交客运中心,高速路口,2025-01-20 08:47:00,2025-01-20 10:04:15,23339.0,18.127378640776698,77.25,"(115.14304445029791, 35.76764522240244)","(114.94897631865581, 35.78814200862841)",河南省,濮阳市,84,2,13667,large,0.18999999999999997,43,23.564477430679606
410900010141,16路(高速路口--高铁公交客运中心),16,高速路口,高铁公交客运中心,2025-01-20 08:57:00,2025-01-20 10:14:40,23187.0,17.912703862660944,77.66666666666667,"(114.94993554574914, 35.78774299227658)","(115.14304645406683, 35.76764522575136)",河南省,濮阳市,87,2,15889,large,-0.18999999999999986,42,22.905248651244634
410900010140,16路(高铁公交客运中心--高速路口),16,高铁公交客运中心,高速路口,2025-01-20 09:04:00,2025-01-20 10:16:01,23339.0,19.44466558666975,72.01666666666667,"(115.14304445029791, 35.76764522240244)","(114.94897631865581, 35.78814200862841)",河南省,濮阳市,88,2,13667,large,0.18999999999999997,43,23.779686550890993
410900010141,16路(高速路口--高铁公交客运中心),16,高速路口,高铁公交客运中心,2025-01-20 09:12:00,2025-01-20 10:25:16,23187.0,18.9884440400364,73.26666666666667,"(114.94993554574914, 35.78774299227658)","(115.14304645406683, 35.76764522575136)",河南省,濮阳市,89,2,15889,large,-0.18999999999999986,42,23.079850963694263
410900010140,16路(高铁公交客运中心--高速路口),16,高铁公交客运中心,高速路口,2025-01-20 09:20:00,2025-01-20 10:32:01,23339.0,19.44466558666975,72.01666666666667,"(115.14304445029791, 35.76764522240244)","(114.94897631865581, 35.78814200862841)",河南省,濮阳市,79,3,13667,large,0.18999999999999997,43,23.779686550890993
410900010141,16路(高速路口--高铁公交客运中心),16,高速路口,高铁公交客运中心,2025-01-20 09:30:00,2025-01-20 10:43:16,23187.0,18.9884440400364,73.26666666666667,"(114.94993554574914, 35.78774299227658)","(115.14304645406683, 35.76764522575136)",河南省,濮阳市,78,3,15889,large,-0.18999999999999986,42,23.079850963694263
410900010140,16路(高铁公交客运中心--高速路口),16,高铁公交客运中心,高速路口,2025-01-20 09:37:00,2025-01-20 10:49:01,23339.0,19.44466558666975,72.01666666666667,"(115.14304445029791, 35.76764522240244)","(114.94897631865581, 35.78814200862841)",河南省,濮阳市,81,3,13667,large,0.18999999999999997,43,23.779686550890993
410900010141,16路(高速路口--高铁公交客运中心),16,高速路口,高铁公交客运中心,2025-01-20 09:47:00,2025-01-20 11:00:16,23187.0,18.9884440400364,73.26666666666667,"(114.94993554574914, 35.78774299227658)","(115.14304645406683, 35.76764522575136)",河南省,濮阳市,80,3,15889,large,-0.18999999999999986,42,23.079850963694263
410900010140,16路(高铁公交客运中心--高速路口),16,高铁公交客运中心,高速路口,2025-01-20 09:54:00,2025-01-20 11:06:01,23339.0,19.44466558666975,72.01666666666667,"(115.14304445029791, 35.76764522240244)","(114.94897631865581, 35.78814200862841)",河南省,濮阳市,90,2,13667,large,0.18999999999999997,43,23.779686550890993
410900010141,16路(高速路口--高铁公交客运中心),16,高速路口,高铁公交客运中心,2025-01-20 10:04:00,2025-01-20 11:17:16,23187.0,18.9884440400364,73.26666666666667,"(114.94993554574914, 35.78774299227658)","(115.14304645406683, 35.76764522575136)",河南省,濮阳市,82,3,15889,large,-0.18999999999999986,42,23.079850963694263
410900010140,16路(高铁公交客运中心--高速路口),16,高铁公交客运中心,高速路口,2025-01-20 10:11:00,2025-01-20 11:23:01,23339.0,19.44466558666975,72.01666666666667,"(115.14304445029791, 35.76764522240244)","(114.94897631865581, 35.78814200862841)",河南省,濮阳市,85,3,13667,large,0.18999999999999997,43,23.779686550890993
410900010141,16路(高速路口--高铁公交客运中心),16,高速路口,高铁公交客运中心,2025-01-20 10:21:00,2025-01-20 11:34:16,23187.0,18.9884440400364,73.26666666666667,"(114.94993554574914, 35.78774299227658)","(115.14304645406683, 35.76764522575136)",河南省,濮阳市,84,3,15889,large,-0.18999999999999986,42,23.079850963694263
410900010140,16路(高铁公交客运中心--高速路口),16,高铁公交客运中心,高速路口,2025-01-20 10:28:00,2025-01-20 11:40:01,23339.0,19.44466558666975,72.01666666666667,"(115.14304445029791, 35.76764522240244)","(114.94897631865581, 35.78814200862841)",河南省,濮阳市,87,3,13667,large,0.18999999999999997,43,23.779686550890993
410900010141,16路(高速路口--高铁公交客运中心),16,高速路口,高铁公交客运中心,2025-01-20 10:38:00,2025-01-20 11:51:16,23187.0,18.9884440400364,73.26666666666667,"(114.94993554574914, 35.78774299227658)","(115.14304645406683, 35.76764522575136)",河南省,濮阳市,88,3,15889,large,-0.18999999999999986,42,23.079850963694263
410900010140,16路(高铁公交客运中心--高速路口),16,高铁公交客运中心,高速路口,2025-01-20 10:45:00,2025-01-20 11:57:01,23339.0,19.44466558666975,72.01666666666667,"(115.14304445029791, 35.76764522240244)","(114.94897631865581, 35.78814200862841)",河南省,濮阳市,89,3,13667,large,0.18999999999999997,43,23.779686550890993
410900010141,16路(高速路口--高铁公交客运中心),16,高速路口,高铁公交客运中心,2025-01-20 10:55:00,2025-01-20 12:08:16,23187.0,18.9884440400364,73.26666666666667,"(114.94993554574914, 35.78774299227658)","(115.14304645406683, 35.76764522575136)",河南省,濮阳市,81,4,15889,large,-0.18999999999999986,42,23.079850963694263
410900010140,16路(高铁公交客运中心--高速路口),16,高铁公交客运中心,高速路口,2025-01-20 11:02:00,2025-01-20 12:14:01,23339.0,19.44466558666975,72.01666666666667,"(115.14304445029791, 35.76764522240244)","(114.94897631865581, 35.78814200862841)",河南省,濮阳市,78,4,13667,large,0.18999999999999997,43,23.779686550890993
410900010141,16路(高速路口--高铁公交客运中心),16,高速路口,高铁公交客运中心,2025-01-20 11:12:00,2025-01-20 12:25:16,23187.0,18.9884440400364,73.26666666666667,"(114.94993554574914, 35.78774299227658)","(115.14304645406683, 35.76764522575136)",河南省,濮阳市,90,3,15889,large,-0.18999999999999986,42,23.079850963694263
410900010140,16路(高铁公交客运中心--高速路口),16,高铁公交客运中心,高速路口,2025-01-20 11:16:00,2025-01-20 12:28:01,23339.0,19.44466558666975,72.01666666666667,"(115.14304445029791, 35.76764522240244)","(114.94897631865581, 35.78814200862841)",河南省,濮阳市,80,4,13667,large,0.18999999999999997,43,23.779686550890993
410900010141,16路(高速路口--高铁公交客运中心),16,高速路口,高铁公交客运中心,2025-01-20 11:29:00,2025-01-20 12:42:16,23187.0,18.9884440400364,73.26666666666667,"(114.94993554574914, 35.78774299227658)","(115.14304645406683, 35.76764522575136)",河南省,濮阳市,85,4,15889,large,-0.18999999999999986,42,23.079850963694263
410900010140,16路(高铁公交客运中心--高速路口),16,高铁公交客运中心,高速路口,2025-01-20 11:30:00,2025-01-20 12:42:01,23339.0,19.44466558666975,72.01666666666667,"(115.14304445029791, 35.76764522240244)","(114.94897631865581, 35.78814200862841)",河南省,濮阳市,82,4,13667,large,0.18999999999999997,43,23.779686550890993
410900010141,16路(高速路口--高铁公交客运中心),16,高速路口,高铁公交客运中心,2025-01-20 11:42:00,2025-01-20 12:55:16,23187.0,18.9884440400364,73.26666666666667,"(114.94993554574914, 35.78774299227658)","(115.14304645406683, 35.76764522575136)",河南省,濮阳市,91,1,15889,large,-0.18999999999999986,42,23.079850963694263
410900010140,16路(高铁公交客运中心--高速路口),16,高铁公交客运中心,高速路口,2025-01-20 11:45:00,2025-01-20 12:57:01,23339.0,19.44466558666975,72.01666666666667,"(115.14304445029791, 35.76764522240244)","(114.94897631865581, 35.78814200862841)",河南省,濮阳市,84,4,13667,large,0.18999999999999997,43,23.779686550890993
410900010141,16路(高速路口--高铁公交客运中心),16,高速路口,高铁公交客运中心,2025-01-20 11:55:00,2025-01-20 13:08:16,23187.0,18.9884440400364,73.26666666666667,"(114.94993554574914, 35.78774299227658)","(115.14304645406683, 35.76764522575136)",河南省,濮阳市,87,4,15889,large,-0.18999999999999986,42,23.079850963694263
410900010140,16路(高铁公交客运中心--高速路口),16,高铁公交客运中心,高速路口,2025-01-20 11:59:00,2025-01-20 13:11:01,23339.0,19.44466558666975,72.01666666666667,"(115.14304445029791, 35.76764522240244)","(114.94897631865581, 35.78814200862841)",河南省,濮阳市,88,4,13667,large,0.18999999999999997,43,23.779686550890993
410900010141,16路(高速路口--高铁公交客运中心),16,高速路口,高铁公交客运中心,2025-01-20 12:11:00,2025-01-20 13:24:16,23187.0,18.9884440400364,73.26666666666667,"(114.94993554574914, 35.78774299227658)","(115.14304645406683, 35.76764522575136)",河南省,濮阳市,89,4,15889,large,-0.18999999999999986,42,23.079850963694263
410900010140,16路(高铁公交客运中心--高速路口),16,高铁公交客运中心,高速路口,2025-01-20 12:18:00,2025-01-20 13:30:01,23339.0,19.44466558666975,72.01666666666667,"(115.14304445029791, 35.76764522240244)","(114.94897631865581, 35.78814200862841)",河南省,濮阳市,81,5,13667,large,0.18999999999999997,43,23.779686550890993
410900010141,16路(高速路口--高铁公交客运中心),16,高速路口,高铁公交客运中心,2025-01-20 12:28:00,2025-01-20 13:41:16,23187.0,18.9884440400364,73.26666666666667,"(114.94993554574914, 35.78774299227658)","(115.14304645406683, 35.76764522575136)",河南省,濮阳市,78,5,15889,large,-0.18999999999999986,42,23.079850963694263
410900010140,16路(高铁公交客运中心--高速路口),16,高铁公交客运中心,高速路口,2025-01-20 12:37:00,2025-01-20 13:49:01,23339.0,19.44466558666975,72.01666666666667,"(115.14304445029791, 35.76764522240244)","(114.94897631865581, 35.78814200862841)",河南省,濮阳市,90,4,13667,large,0.18999999999999997,43,23.779686550890993
410900010141,16路(高速路口--高铁公交客运中心),16,高速路口,高铁公交客运中心,2025-01-20 12:46:00,2025-01-20 13:59:16,23187.0,18.9884440400364,73.26666666666667,"(114.94993554574914, 35.78774299227658)","(115.14304645406683, 35.76764522575136)",河南省,濮阳市,80,5,15889,large,-0.18999999999999986,42,23.079850963694263
410900010140,16路(高铁公交客运中心--高速路口),16,高铁公交客运中心,高速路口,2025-01-20 12:55:00,2025-01-20 14:07:01,23339.0,19.44466558666975,72.01666666666667,"(115.14304445029791, 35.76764522240244)","(114.94897631865581, 35.78814200862841)",河南省,濮阳市,85,5,13667,large,0.18999999999999997,43,23.779686550890993
410900010141,16路(高速路口--高铁公交客运中心),16,高速路口,高铁公交客运中心,2025-01-20 13:05:00,2025-01-20 14:18:16,23187.0,18.9884440400364,73.26666666666667,"(114.94993554574914, 35.78774299227658)","(115.14304645406683, 35.76764522575136)",河南省,濮阳市,84,5,15889,large,-0.18999999999999986,42,23.079850963694263
410900010140,16路(高铁公交客运中心--高速路口),16,高铁公交客运中心,高速路口,2025-01-20 13:14:00,2025-01-20 14:26:01,23339.0,19.44466558666975,72.01666666666667,"(115.14304445029791, 35.76764522240244)","(114.94897631865581, 35.78814200862841)",河南省,濮阳市,91,2,13667,large,0.18999999999999997,43,23.779686550890993
410900010141,16路(高速路口--高铁公交客运中心),16,高速路口,高铁公交客运中心,2025-01-20 13:22:00,2025-01-20 14:35:16,23187.0,18.9884440400364,73.26666666666667,"(114.94993554574914, 35.78774299227658)","(115.14304645406683, 35.76764522575136)",河南省,濮阳市,88,5,15889,large,-0.18999999999999986,42,23.079850963694263
410900010140,16路(高铁公交客运中心--高速路口),16,高铁公交客运中心,高速路口,2025-01-20 13:33:00,2025-01-20 14:45:01,23339.0,19.44466558666975,72.01666666666667,"(115.14304445029791, 35.76764522240244)","(114.94897631865581, 35.78814200862841)",河南省,濮阳市,89,5,13667,large,0.18999999999999997,43,23.779686550890993
410900010141,16路(高速路口--高铁公交客运中心),16,高速路口,高铁公交客运中心,2025-01-20 13:41:00,2025-01-20 14:54:16,23187.0,18.9884440400364,73.26666666666667,"(114.94993554574914, 35.78774299227658)","(115.14304645406683, 35.76764522575136)",河南省,濮阳市,81,6,15889,large,-0.18999999999999986,42,23.079850963694263
410900010140,16路(高铁公交客运中心--高速路口),16,高铁公交客运中心,高速路口,2025-01-20 13:52:00,2025-01-20 15:04:01,23339.0,19.44466558666975,72.01666666666667,"(115.14304445029791, 35.76764522240244)","(114.94897631865581, 35.78814200862841)",河南省,濮阳市,78,6,13667,large,0.18999999999999997,43,23.779686550890993
410900010141,16路(高速路口--高铁公交客运中心),16,高速路口,高铁公交客运中心,2025-01-20 13:59:00,2025-01-20 15:12:16,23187.0,18.9884440400364,73.26666666666667,"(114.94993554574914, 35.78774299227658)","(115.14304645406683, 35.76764522575136)",河南省,濮阳市,90,5,15889,large,-0.18999999999999986,42,23.079850963694263
410900010140,16路(高铁公交客运中心--高速路口),16,高铁公交客运中心,高速路口,2025-01-20 14:07:00,2025-01-20 15:19:01,23339.0,19.44466558666975,72.01666666666667,"(115.14304445029791, 35.76764522240244)","(114.94897631865581, 35.78814200862841)",河南省,濮阳市,80,6,13667,large,0.18999999999999997,43,23.779686550890993
410900010141,16路(高速路口--高铁公交客运中心),16,高速路口,高铁公交客运中心,2025-01-20 14:11:00,2025-01-20 15:24:16,23187.0,18.9884440400364,73.26666666666667,"(114.94993554574914, 35.78774299227658)","(115.14304645406683, 35.76764522575136)",河南省,濮阳市,92,1,15889,large,-0.18999999999999986,42,23.079850963694263
410900010140,16路(高铁公交客运中心--高速路口),16,高铁公交客运中心,高速路口,2025-01-20 14:22:00,2025-01-20 15:34:01,23339.0,19.44466558666975,72.01666666666667,"(115.14304445029791, 35.76764522240244)","(114.94897631865581, 35.78814200862841)",河南省,濮阳市,93,1,13667,large,0.18999999999999997,43,23.779686550890993
410900010141,16路(高速路口--高铁公交客运中心),16,高速路口,高铁公交客运中心,2025-01-20 14:26:00,2025-01-20 15:39:16,23187.0,18.9884440400364,73.26666666666667,"(114.94993554574914, 35.78774299227658)","(115.14304645406683, 35.76764522575136)",河南省,濮阳市,85,6,15889,large,-0.18999999999999986,42,23.079850963694263
410900010140,16路(高铁公交客运中心--高速路口),16,高铁公交客运中心,高速路口,2025-01-20 14:37:00,2025-01-20 15:49:01,23339.0,19.44466558666975,72.01666666666667,"(115.14304445029791, 35.76764522240244)","(114.94897631865581, 35.78814200862841)",河南省,濮阳市,84,6,13667,large,0.18999999999999997,43,23.779686550890993
410900010141,16路(高速路口--高铁公交客运中心),16,高速路口,高铁公交客运中心,2025-01-20 14:40:00,2025-01-20 15:53:16,23187.0,18.9884440400364,73.26666666666667,"(114.94993554574914, 35.78774299227658)","(115.14304645406683, 35.76764522575136)",河南省,濮阳市,91,3,15889,large,-0.18999999999999986,42,23.079850963694263
410900010140,16路(高铁公交客运中心--高速路口),16,高铁公交客运中心,高速路口,2025-01-20 14:52:00,2025-01-20 16:04:01,23339.0,19.44466558666975,72.01666666666667,"(115.14304445029791, 35.76764522240244)","(114.94897631865581, 35.78814200862841)",河南省,濮阳市,88,6,13667,large,0.18999999999999997,43,23.779686550890993
410900010141,16路(高速路口--高铁公交客运中心),16,高速路口,高铁公交客运中心,2025-01-20 14:54:00,2025-01-20 16:07:16,23187.0,18.9884440400364,73.26666666666667,"(114.94993554574914, 35.78774299227658)","(115.14304645406683, 35.76764522575136)",河南省,濮阳市,89,6,15889,large,-0.18999999999999986,42,23.079850963694263
410900010141,16路(高速路口--高铁公交客运中心),16,高速路口,高铁公交客运中心,2025-01-20 15:08:00,2025-01-20 16:21:16,23187.0,18.9884440400364,73.26666666666667,"(114.94993554574914, 35.78774299227658)","(115.14304645406683, 35.76764522575136)",河南省,濮阳市,94,1,15889,large,-0.18999999999999986,42,23.079850963694263
410900010140,16路(高铁公交客运中心--高速路口),16,高铁公交客运中心,高速路口,2025-01-20 15:09:00,2025-01-20 16:21:01,23339.0,19.44466558666975,72.01666666666667,"(115.14304445029791, 35.76764522240244)","(114.94897631865581, 35.78814200862841)",河南省,濮阳市,81,7,13667,large,0.18999999999999997,43,23.779686550890993
410900010140,16路(高铁公交客运中心--高速路口),16,高铁公交客运中心,高速路口,2025-01-20 15:26:00,2025-01-20 16:38:01,23339.0,19.44466558666975,72.01666666666667,"(115.14304445029791, 35.76764522240244)","(114.94897631865581, 35.78814200862841)",河南省,濮阳市,90,6,13667,large,0.18999999999999997,43,23.779686550890993
410900010141,16路(高速路口--高铁公交客运中心),16,高速路口,高铁公交客运中心,2025-01-20 15:26:00,2025-01-20 16:39:16,23187.0,18.9884440400364,73.26666666666667,"(114.94993554574914, 35.78774299227658)","(115.14304645406683, 35.76764522575136)",河南省,濮阳市,80,7,15889,large,-0.18999999999999986,42,23.079850963694263
410900010140,16路(高铁公交客运中心--高速路口),16,高铁公交客运中心,高速路口,2025-01-20 15:43:00,2025-01-20 16:55:01,23339.0,19.44466558666975,72.01666666666667,"(115.14304445029791, 35.76764522240244)","(114.94897631865581, 35.78814200862841)",河南省,濮阳市,92,2,13667,large,0.18999999999999997,43,23.779686550890993
410900010141,16路(高速路口--高铁公交客运中心),16,高速路口,高铁公交客运中心,2025-01-20 15:45:00,2025-01-20 16:58:16,23187.0,18.9884440400364,73.26666666666667,"(114.94993554574914, 35.78774299227658)","(115.14304645406683, 35.76764522575136)",河南省,濮阳市,93,2,15889,large,-0.18999999999999986,42,23.079850963694263
410900010140,16路(高铁公交客运中心--高速路口),16,高铁公交客运中心,高速路口,2025-01-20 16:00:00,2025-01-20 17:12:01,23339.0,19.44466558666975,72.01666666666667,"(115.14304445029791, 35.76764522240244)","(114.94897631865581, 35.78814200862841)",河南省,濮阳市,91,4,13667,large,0.18999999999999997,43,23.779686550890993
410900010141,16路(高速路口--高铁公交客运中心),16,高速路口,高铁公交客运中心,2025-01-20 16:05:00,2025-01-20 17:18:16,23187.0,18.9884440400364,73.26666666666667,"(114.94993554574914, 35.78774299227658)","(115.14304645406683, 35.76764522575136)",河南省,濮阳市,84,7,15889,large,-0.18999999999999986,42,23.079850963694263
410900010140,16路(高铁公交客运中心--高速路口),16,高铁公交客运中心,高速路口,2025-01-20 16:17:00,2025-01-20 17:29:01,23339.0,19.44466558666975,72.01666666666667,"(115.14304445029791, 35.76764522240244)","(114.94897631865581, 35.78814200862841)",河南省,濮阳市,89,7,13667,large,0.18999999999999997,43,23.779686550890993
410900010141,16路(高速路口--高铁公交客运中心),16,高速路口,高铁公交客运中心,2025-01-20 16:24:00,2025-01-20 17:37:16,23187.0,18.9884440400364,73.26666666666667,"(114.94993554574914, 35.78774299227658)","(115.14304645406683, 35.76764522575136)",河南省,濮阳市,88,7,15889,large,-0.18999999999999986,42,23.079850963694263
410900010140,16路(高铁公交客运中心--高速路口),16,高铁公交客运中心,高速路口,2025-01-20 16:35:00,2025-01-20 17:47:01,23339.0,19.44466558666975,72.01666666666667,"(115.14304445029791, 35.76764522240244)","(114.94897631865581, 35.78814200862841)",河南省,濮阳市,94,2,13667,large,0.18999999999999997,43,23.779686550890993
410900010141,16路(高速路口--高铁公交客运中心),16,高速路口,高铁公交客运中心,2025-01-20 16:43:00,2025-01-20 17:56:16,23187.0,18.9884440400364,73.26666666666667,"(114.94993554574914, 35.78774299227658)","(115.14304645406683, 35.76764522575136)",河南省,濮阳市,81,8,15889,large,-0.18999999999999986,42,23.079850963694263
410900010140,16路(高铁公交客运中心--高速路口),16,高铁公交客运中心,高速路口,2025-01-20 16:51:00,2025-01-20 18:03:01,23339.0,19.44466558666975,72.01666666666667,"(115.14304445029791, 35.76764522240244)","(114.94897631865581, 35.78814200862841)",河南省,濮阳市,80,8,13667,large,0.18999999999999997,43,23.779686550890993
410900010141,16路(高速路口--高铁公交客运中心),16,高速路口,高铁公交客运中心,2025-01-20 17:02:00,2025-01-20 18:19:40,23187.0,17.912703862660944,77.66666666666667,"(114.94993554574914, 35.78774299227658)","(115.14304645406683, 35.76764522575136)",河南省,濮阳市,92,3,15889,large,-0.18999999999999986,42,22.905248651244634
410900010140,16路(高铁公交客运中心--高速路口),16,高铁公交客运中心,高速路口,2025-01-20 17:09:00,2025-01-20 18:26:15,23339.0,18.127378640776698,77.25,"(115.14304445029791, 35.76764522240244)","(114.94897631865581, 35.78814200862841)",河南省,濮阳市,93,3,13667,large,0.18999999999999997,43,23.564477430679606
410900010141,16路(高速路口--高铁公交客运中心),16,高速路口,高铁公交客运中心,2025-01-20 17:20:00,2025-01-20 18:37:40,23187.0,17.912703862660944,77.66666666666667,"(114.94993554574914, 35.78774299227658)","(115.14304645406683, 35.76764522575136)",河南省,濮阳市,91,5,15889,large,-0.18999999999999986,42,22.905248651244634
410900010140,16路(高铁公交客运中心--高速路口),16,高铁公交客运中心,高速路口,2025-01-20 17:25:00,2025-01-20 18:42:15,23339.0,18.127378640776698,77.25,"(115.14304445029791, 35.76764522240244)","(114.94897631865581, 35.78814200862841)",河南省,濮阳市,84,8,13667,large,0.18999999999999997,43,23.564477430679606
410900010141,16路(高速路口--高铁公交客运中心),16,高速路口,高铁公交客运中心,2025-01-20 17:40:00,2025-01-20 18:57:40,23187.0,17.912703862660944,77.66666666666667,"(114.94993554574914, 35.78774299227658)","(115.14304645406683, 35.76764522575136)",河南省,濮阳市,89,8,15889,large,-0.18999999999999986,42,22.905248651244634
410900010140,16路(高铁公交客运中心--高速路口),16,高铁公交客运中心,高速路口,2025-01-20 17:42:00,2025-01-20 18:59:15,23339.0,18.127378640776698,77.25,"(115.14304445029791, 35.76764522240244)","(114.94897631865581, 35.78814200862841)",河南省,濮阳市,95,1,13667,large,0.18999999999999997,43,23.564477430679606
410900010141,16路(高速路口--高铁公交客运中心),16,高速路口,高铁公交客运中心,2025-01-20 17:59:00,2025-01-20 19:16:40,23187.0,17.912703862660944,77.66666666666667,"(114.94993554574914, 35.78774299227658)","(115.14304645406683, 35.76764522575136)",河南省,濮阳市,94,3,15889,large,-0.18999999999999986,42,22.905248651244634
410900010140,16路(高铁公交客运中心--高速路口),16,高铁公交客运中心,高速路口,2025-01-20 17:59:00,2025-01-20 19:16:15,23339.0,18.127378640776698,77.25,"(115.14304445029791, 35.76764522240244)","(114.94897631865581, 35.78814200862841)",河南省,濮阳市,88,8,13667,large,0.18999999999999997,43,23.564477430679606
410900010141,16路(高速路口--高铁公交客运中心),16,高速路口,高铁公交客运中心,2025-01-20 18:13:00,2025-01-20 19:30:40,23187.0,17.912703862660944,77.66666666666667,"(114.94993554574914, 35.78774299227658)","(115.14304645406683, 35.76764522575136)",河南省,濮阳市,80,9,15889,large,-0.18999999999999986,42,22.905248651244634
410900010140,16路(高铁公交客运中心--高速路口),16,高铁公交客运中心,高速路口,2025-01-20 18:14:00,2025-01-20 19:31:15,23339.0,18.127378640776698,77.25,"(115.14304445029791, 35.76764522240244)","(114.94897631865581, 35.78814200862841)",河南省,濮阳市,81,9,13667,large,0.18999999999999997,43,23.564477430679606
410900010141,16路(高速路口--高铁公交客运中心),16,高速路口,高铁公交客运中心,2025-01-20 18:28:00,2025-01-20 19:45:40,23187.0,17.912703862660944,77.66666666666667,"(114.94993554574914, 35.78774299227658)","(115.14304645406683, 35.76764522575136)",河南省,濮阳市,96,1,15889,large,-0.18999999999999986,42,22.905248651244634
410900010140,16路(高铁公交客运中心--高速路口),16,高铁公交客运中心,高速路口,2025-01-20 18:29:00,2025-01-20 19:46:15,23339.0,18.127378640776698,77.25,"(115.14304445029791, 35.76764522240244)","(114.94897631865581, 35.78814200862841)",河南省,濮阳市,92,4,13667,large,0.18999999999999997,43,23.564477430679606
410900010140,16路(高铁公交客运中心--高速路口),16,高铁公交客运中心,高速路口,2025-01-20 18:44:00,2025-01-20 20:01:15,23339.0,18.127378640776698,77.25,"(115.14304445029791, 35.76764522240244)","(114.94897631865581, 35.78814200862841)",河南省,濮阳市,91,6,13667,large,0.18999999999999997,43,23.564477430679606
410900010141,16路(高速路口--高铁公交客运中心),16,高速路口,高铁公交客运中心,2025-01-20 18:44:00,2025-01-20 20:01:40,23187.0,17.912703862660944,77.66666666666667,"(114.94993554574914, 35.78774299227658)","(115.14304645406683, 35.76764522575136)",河南省,濮阳市,93,4,15889,large,-0.18999999999999986,42,22.905248651244634
410900010141,16路(高速路口--高铁公交客运中心),16,高速路口,高铁公交客运中心,2025-01-20 18:57:00,2025-01-20 20:14:40,23187.0,17.912703862660944,77.66666666666667,"(114.94993554574914, 35.78774299227658)","(115.14304645406683, 35.76764522575136)",河南省,濮阳市,84,9,15889,large,-0.18999999999999986,42,22.905248651244634
410900010140,16路(高铁公交客运中心--高速路口),16,高铁公交客运中心,高速路口,2025-01-20 19:00:00,2025-01-20 20:12:01,23339.0,19.44466558666975,72.01666666666667,"(115.14304445029791, 35.76764522240244)","(114.94897631865581, 35.78814200862841)",河南省,濮阳市,97,1,13667,large,0.18999999999999997,43,23.779686550890993
410900010141,16路(高速路口--高铁公交客运中心),16,高速路口,高铁公交客运中心,2025-01-20 19:18:00,2025-01-20 20:31:16,23187.0,18.9884440400364,73.26666666666667,"(114.94993554574914, 35.78774299227658)","(115.14304645406683, 35.76764522575136)",河南省,濮阳市,95,2,15889,large,-0.18999999999999986,42,23.079850963694263
410900010140,16路(高铁公交客运中心--高速路口),16,高铁公交客运中心,高速路口,2025-01-20 19:45:00,2025-01-20 20:57:01,23339.0,19.44466558666975,72.01666666666667,"(115.14304445029791, 35.76764522240244)","(114.94897631865581, 35.78814200862841)",河南省,濮阳市,94,4,13667,large,0.18999999999999997,43,23.779686550890993
410900010024,17路(王什--特车厂),17,王什,特车厂,2025-01-20 06:30:00,2025-01-20 07:28:32,19615.0,20.10649202733485,58.538,"(114.99649028620898, 35.83577146552151)","(115.06443071934245, 35.73544238213214)",河南省,濮阳市,98,1,13327,large,-0.07599999999999996,35,19.694783887813205
410900010065,17路(特车厂--王什),17,特车厂,王什,2025-01-20 06:31:00,2025-01-20 07:29:34,19639.0,20.11963574274331,58.56680000000001,"(115.06454051468467, 35.735589184596336)","(114.99656399639653, 35.835772240472416)",河南省,濮阳市,99,1,15944,large,0.07600000000000007,35,19.867299884462145
410900010024,17路(王什--特车厂),17,王什,特车厂,2025-01-20 06:43:00,2025-01-20 07:41:32,19615.0,20.10649202733485,58.538,"(114.99649028620898, 35.83577146552151)","(115.06443071934245, 35.73544238213214)",河南省,濮阳市,100,1,13327,large,-0.07599999999999996,35,19.694783887813205
410900010065,17路(特车厂--王什),17,特车厂,王什,2025-01-20 06:44:00,2025-01-20 07:42:34,19639.0,20.11963574274331,58.56680000000001,"(115.06454051468467, 35.735589184596336)","(114.99656399639653, 35.835772240472416)",河南省,濮阳市,101,1,15944,large,0.07600000000000007,35,19.867299884462145
410900010024,17路(王什--特车厂),17,王什,特车厂,2025-01-20 06:56:00,2025-01-20 07:54:32,19615.0,20.10649202733485,58.538,"(114.99649028620898, 35.83577146552151)","(115.06443071934245, 35.73544238213214)",河南省,濮阳市,102,1,13327,large,-0.07599999999999996,35,19.694783887813205
410900010065,17路(特车厂--王什),17,特车厂,王什,2025-01-20 06:59:00,2025-01-20 07:57:34,19639.0,20.11963574274331,58.56680000000001,"(115.06454051468467, 35.735589184596336)","(114.99656399639653, 35.835772240472416)",河南省,濮阳市,103,1,15944,large,0.07600000000000007,35,19.867299884462145
410900010024,17路(王什--特车厂),17,王什,特车厂,2025-01-20 07:09:00,2025-01-20 08:07:32,19615.0,20.10649202733485,58.538,"(114.99649028620898, 35.83577146552151)","(115.06443071934245, 35.73544238213214)",河南省,濮阳市,104,1,13327,large,-0.07599999999999996,35,19.694783887813205
410900010065,17路(特车厂--王什),17,特车厂,王什,2025-01-20 07:13:00,2025-01-20 08:11:34,19639.0,20.11963574274331,58.56680000000001,"(115.06454051468467, 35.735589184596336)","(114.99656399639653, 35.835772240472416)",河南省,濮阳市,105,1,15944,large,0.07600000000000007,35,19.867299884462145
410900010024,17路(王什--特车厂),17,王什,特车厂,2025-01-20 07:22:00,2025-01-20 08:20:32,19615.0,20.10649202733485,58.538,"(114.99649028620898, 35.83577146552151)","(115.06443071934245, 35.73544238213214)",河南省,濮阳市,106,1,13327,large,-0.07599999999999996,35,19.694783887813205
410900010065,17路(特车厂--王什),17,特车厂,王什,2025-01-20 07:26:00,2025-01-20 08:24:34,19639.0,20.11963574274331,58.56680000000001,"(115.06454051468467, 35.735589184596336)","(114.99656399639653, 35.835772240472416)",河南省,濮阳市,107,1,15944,large,0.07600000000000007,35,19.867299884462145
410900010024,17路(王什--特车厂),17,王什,特车厂,2025-01-20 07:35:00,2025-01-20 08:33:32,19615.0,20.10649202733485,58.538,"(114.99649028620898, 35.83577146552151)","(115.06443071934245, 35.73544238213214)",河南省,濮阳市,99,2,13327,large,-0.07599999999999996,35,19.694783887813205
410900010065,17路(特车厂--王什),17,特车厂,王什,2025-01-20 07:40:00,2025-01-20 08:38:34,19639.0,20.11963574274331,58.56680000000001,"(115.06454051468467, 35.735589184596336)","(114.99656399639653, 35.835772240472416)",河南省,濮阳市,98,2,15944,large,0.07600000000000007,35,19.867299884462145
410900010024,17路(王什--特车厂),17,王什,特车厂,2025-01-20 07:48:00,2025-01-20 08:46:32,19615.0,20.10649202733485,58.538,"(114.99649028620898, 35.83577146552151)","(115.06443071934245, 35.73544238213214)",河南省,濮阳市,101,2,13327,large,-0.07599999999999996,35,19.694783887813205
410900010065,17路(特车厂--王什),17,特车厂,王什,2025-01-20 07:55:00,2025-01-20 08:53:34,19639.0,20.11963574274331,58.56680000000001,"(115.06454051468467, 35.735589184596336)","(114.99656399639653, 35.835772240472416)",河南省,濮阳市,100,2,15944,large,0.07600000000000007,35,19.867299884462145
410900010024,17路(王什--特车厂),17,王什,特车厂,2025-01-20 08:00:00,2025-01-20 08:58:32,19615.0,20.10649202733485,58.538,"(114.99649028620898, 35.83577146552151)","(115.06443071934245, 35.73544238213214)",河南省,濮阳市,108,1,13327,large,-0.07599999999999996,35,19.694783887813205
410900010065,17路(特车厂--王什),17,特车厂,王什,2025-01-20 08:08:00,2025-01-20 09:06:34,19639.0,20.11963574274331,58.56680000000001,"(115.06454051468467, 35.735589184596336)","(114.99656399639653, 35.835772240472416)",河南省,濮阳市,102,2,15944,large,0.07600000000000007,35,19.867299884462145
410900010024,17路(王什--特车厂),17,王什,特车厂,2025-01-20 08:13:00,2025-01-20 09:11:32,19615.0,20.10649202733485,58.538,"(114.99649028620898, 35.83577146552151)","(115.06443071934245, 35.73544238213214)",河南省,濮阳市,103,2,13327,large,-0.07599999999999996,35,19.694783887813205
410900010065,17路(特车厂--王什),17,特车厂,王什,2025-01-20 08:22:00,2025-01-20 09:20:34,19639.0,20.11963574274331,58.56680000000001,"(115.06454051468467, 35.735589184596336)","(114.99656399639653, 35.835772240472416)",河南省,濮阳市,104,2,15944,large,0.07600000000000007,35,19.867299884462145
410900010024,17路(王什--特车厂),17,王什,特车厂,2025-01-20 08:26:00,2025-01-20 09:24:32,19615.0,20.10649202733485,58.538,"(114.99649028620898, 35.83577146552151)","(115.06443071934245, 35.73544238213214)",河南省,濮阳市,105,2,13327,large,-0.07599999999999996,35,19.694783887813205
410900010065,17路(特车厂--王什),17,特车厂,王什,2025-01-20 08:38:00,2025-01-20 09:36:34,19639.0,20.11963574274331,58.56680000000001,"(115.06454051468467, 35.735589184596336)","(114.99656399639653, 35.835772240472416)",河南省,濮阳市,106,2,15944,large,0.07600000000000007,35,19.867299884462145
410900010024,17路(王什--特车厂),17,王什,特车厂,2025-01-20 08:40:00,2025-01-20 09:38:32,19615.0,20.10649202733485,58.538,"(114.99649028620898, 35.83577146552151)","(115.06443071934245, 35.73544238213214)",河南省,濮阳市,107,2,13327,large,-0.07599999999999996,35,19.694783887813205
410900010065,17路(特车厂--王什),17,特车厂,王什,2025-01-20 08:51:00,2025-01-20 09:49:34,19639.0,20.11963574274331,58.56680000000001,"(115.06454051468467, 35.735589184596336)","(114.99656399639653, 35.835772240472416)",河南省,濮阳市,99,3,15944,large,0.07600000000000007,35,19.867299884462145
410900010024,17路(王什--特车厂),17,王什,特车厂,2025-01-20 08:55:00,2025-01-20 09:53:32,19615.0,20.10649202733485,58.538,"(114.99649028620898, 35.83577146552151)","(115.06443071934245, 35.73544238213214)",河南省,濮阳市,98,3,13327,large,-0.07599999999999996,35,19.694783887813205
410900010065,17路(特车厂--王什),17,特车厂,王什,2025-01-20 09:07:00,2025-01-20 10:05:34,19639.0,20.11963574274331,58.56680000000001,"(115.06454051468467, 35.735589184596336)","(114.99656399639653, 35.835772240472416)",河南省,濮阳市,108,2,15944,large,0.07600000000000007,35,19.867299884462145
410900010024,17路(王什--特车厂),17,王什,特车厂,2025-01-20 09:09:00,2025-01-20 10:07:32,19615.0,20.10649202733485,58.538,"(114.99649028620898, 35.83577146552151)","(115.06443071934245, 35.73544238213214)",河南省,濮阳市,100,3,13327,large,-0.07599999999999996,35,19.694783887813205
410900010024,17路(王什--特车厂),17,王什,特车厂,2025-01-20 09:22:00,2025-01-20 10:20:32,19615.0,20.10649202733485,58.538,"(114.99649028620898, 35.83577146552151)","(115.06443071934245, 35.73544238213214)",河南省,濮阳市,102,3,13327,large,-0.07599999999999996,35,19.694783887813205
410900010065,17路(特车厂--王什),17,特车厂,王什,2025-01-20 09:22:00,2025-01-20 10:20:34,19639.0,20.11963574274331,58.56680000000001,"(115.06454051468467, 35.735589184596336)","(114.99656399639653, 35.835772240472416)",河南省,濮阳市,103,3,15944,large,0.07600000000000007,35,19.867299884462145
410900010024,17路(王什--特车厂),17,王什,特车厂,2025-01-20 09:37:00,2025-01-20 10:35:32,19615.0,20.10649202733485,58.538,"(114.99649028620898, 35.83577146552151)","(115.06443071934245, 35.73544238213214)",河南省,濮阳市,104,3,13327,large,-0.07599999999999996,35,19.694783887813205
410900010065,17路(特车厂--王什),17,特车厂,王什,2025-01-20 09:39:00,2025-01-20 10:37:34,19639.0,20.11963574274331,58.56680000000001,"(115.06454051468467, 35.735589184596336)","(114.99656399639653, 35.835772240472416)",河南省,濮阳市,105,3,15944,large,0.07600000000000007,35,19.867299884462145
410900010024,17路(王什--特车厂),17,王什,特车厂,2025-01-20 09:51:00,2025-01-20 10:49:32,19615.0,20.10649202733485,58.538,"(114.99649028620898, 35.83577146552151)","(115.06443071934245, 35.73544238213214)",河南省,濮阳市,106,3,13327,large,-0.07599999999999996,35,19.694783887813205
410900010065,17路(特车厂--王什),17,特车厂,王什,2025-01-20 09:56:00,2025-01-20 10:54:34,19639.0,20.11963574274331,58.56680000000001,"(115.06454051468467, 35.735589184596336)","(114.99656399639653, 35.835772240472416)",河南省,濮阳市,107,3,15944,large,0.07600000000000007,35,19.867299884462145
410900010024,17路(王什--特车厂),17,王什,特车厂,2025-01-20 10:06:00,2025-01-20 11:04:32,19615.0,20.10649202733485,58.538,"(114.99649028620898, 35.83577146552151)","(115.06443071934245, 35.73544238213214)",河南省,濮阳市,99,4,13327,large,-0.07599999999999996,35,19.694783887813205
410900010065,17路(特车厂--王什),17,特车厂,王什,2025-01-20 10:12:00,2025-01-20 11:10:34,19639.0,20.11963574274331,58.56680000000001,"(115.06454051468467, 35.735589184596336)","(114.99656399639653, 35.835772240472416)",河南省,濮阳市,98,4,15944,large,0.07600000000000007,35,19.867299884462145
410900010024,17路(王什--特车厂),17,王什,特车厂,2025-01-20 10:22:00,2025-01-20 11:20:32,19615.0,20.10649202733485,58.538,"(114.99649028620898, 35.83577146552151)","(115.06443071934245, 35.73544238213214)",河南省,濮阳市,108,3,13327,large,-0.07599999999999996,35,19.694783887813205
410900010065,17路(特车厂--王什),17,特车厂,王什,2025-01-20 10:29:00,2025-01-20 11:27:34,19639.0,20.11963574274331,58.56680000000001,"(115.06454051468467, 35.735589184596336)","(114.99656399639653, 35.835772240472416)",河南省,濮阳市,102,4,15944,large,0.07600000000000007,35,19.867299884462145
410900010024,17路(王什--特车厂),17,王什,特车厂,2025-01-20 10:37:00,2025-01-20 11:35:32,19615.0,20.10649202733485,58.538,"(114.99649028620898, 35.83577146552151)","(115.06443071934245, 35.73544238213214)",河南省,濮阳市,103,4,13327,large,-0.07599999999999996,35,19.694783887813205
410900010065,17路(特车厂--王什),17,特车厂,王什,2025-01-20 10:45:00,2025-01-20 11:43:34,19639.0,20.11963574274331,58.56680000000001,"(115.06454051468467, 35.735589184596336)","(114.99656399639653, 35.835772240472416)",河南省,濮阳市,104,4,15944,large,0.07600000000000007,35,19.867299884462145
410900010024,17路(王什--特车厂),17,王什,特车厂,2025-01-20 10:53:00,2025-01-20 11:51:32,19615.0,20.10649202733485,58.538,"(114.99649028620898, 35.83577146552151)","(115.06443071934245, 35.73544238213214)",河南省,濮阳市,105,4,13327,large,-0.07599999999999996,35,19.694783887813205
410900010065,17路(特车厂--王什),17,特车厂,王什,2025-01-20 11:02:00,2025-01-20 12:00:34,19639.0,20.11963574274331,58.56680000000001,"(115.06454051468467, 35.735589184596336)","(114.99656399639653, 35.835772240472416)",河南省,濮阳市,106,4,15944,large,0.07600000000000007,35,19.867299884462145
410900010024,17路(王什--特车厂),17,王什,特车厂,2025-01-20 11:11:00,2025-01-20 12:09:32,19615.0,20.10649202733485,58.538,"(114.99649028620898, 35.83577146552151)","(115.06443071934245, 35.73544238213214)",河南省,濮阳市,107,4,13327,large,-0.07599999999999996,35,19.694783887813205
410900010065,17路(特车厂--王什),17,特车厂,王什,2025-01-20 11:19:00,2025-01-20 12:17:34,19639.0,20.11963574274331,58.56680000000001,"(115.06454051468467, 35.735589184596336)","(114.99656399639653, 35.835772240472416)",河南省,濮阳市,99,5,15944,large,0.07600000000000007,35,19.867299884462145
410900010024,17路(王什--特车厂),17,王什,特车厂,2025-01-20 11:27:00,2025-01-20 12:25:32,19615.0,20.10649202733485,58.538,"(114.99649028620898, 35.83577146552151)","(115.06443071934245, 35.73544238213214)",河南省,濮阳市,98,5,13327,large,-0.07599999999999996,35,19.694783887813205
410900010065,17路(特车厂--王什),17,特车厂,王什,2025-01-20 11:38:00,2025-01-20 12:36:34,19639.0,20.11963574274331,58.56680000000001,"(115.06454051468467, 35.735589184596336)","(114.99656399639653, 35.835772240472416)",河南省,濮阳市,108,4,15944,large,0.07600000000000007,35,19.867299884462145
410900010024,17路(王什--特车厂),17,王什,特车厂,2025-01-20 11:45:00,2025-01-20 12:43:32,19615.0,20.10649202733485,58.538,"(114.99649028620898, 35.83577146552151)","(115.06443071934245, 35.73544238213214)",河南省,濮阳市,102,5,13327,large,-0.07599999999999996,35,19.694783887813205
410900010065,17路(特车厂--王什),17,特车厂,王什,2025-01-20 11:53:00,2025-01-20 12:51:34,19639.0,20.11963574274331,58.56680000000001,"(115.06454051468467, 35.735589184596336)","(114.99656399639653, 35.835772240472416)",河南省,濮阳市,103,5,15944,large,0.07600000000000007,35,19.867299884462145
410900010024,17路(王什--特车厂),17,王什,特车厂,2025-01-20 12:01:00,2025-01-20 12:59:32,19615.0,20.10649202733485,58.538,"(114.99649028620898, 35.83577146552151)","(115.06443071934245, 35.73544238213214)",河南省,濮阳市,104,5,13327,large,-0.07599999999999996,35,19.694783887813205
410900010065,17路(特车厂--王什),17,特车厂,王什,2025-01-20 12:10:00,2025-01-20 13:08:34,19639.0,20.11963574274331,58.56680000000001,"(115.06454051468467, 35.735589184596336)","(114.99656399639653, 35.835772240472416)",河南省,濮阳市,105,5,15944,large,0.07600000000000007,35,19.867299884462145
410900010024,17路(王什--特车厂),17,王什,特车厂,2025-01-20 12:19:00,2025-01-20 13:17:32,19615.0,20.10649202733485,58.538,"(114.99649028620898, 35.83577146552151)","(115.06443071934245, 35.73544238213214)",河南省,濮阳市,106,5,13327,large,-0.07599999999999996,35,19.694783887813205
410900010065,17路(特车厂--王什),17,特车厂,王什,2025-01-20 12:27:00,2025-01-20 13:25:34,19639.0,20.11963574274331,58.56680000000001,"(115.06454051468467, 35.735589184596336)","(114.99656399639653, 35.835772240472416)",河南省,濮阳市,107,5,15944,large,0.07600000000000007,35,19.867299884462145
410900010024,17路(王什--特车厂),17,王什,特车厂,2025-01-20 12:35:00,2025-01-20 13:33:32,19615.0,20.10649202733485,58.538,"(114.99649028620898, 35.83577146552151)","(115.06443071934245, 35.73544238213214)",河南省,濮阳市,99,6,13327,large,-0.07599999999999996,35,19.694783887813205
410900010065,17路(特车厂--王什),17,特车厂,王什,2025-01-20 12:44:00,2025-01-20 13:42:34,19639.0,20.11963574274331,58.56680000000001,"(115.06454051468467, 35.735589184596336)","(114.99656399639653, 35.835772240472416)",河南省,濮阳市,98,6,15944,large,0.07600000000000007,35,19.867299884462145
410900010024,17路(王什--特车厂),17,王什,特车厂,2025-01-20 12:53:00,2025-01-20 13:51:32,19615.0,20.10649202733485,58.538,"(114.99649028620898, 35.83577146552151)","(115.06443071934245, 35.73544238213214)",河南省,濮阳市,108,5,13327,large,-0.07599999999999996,35,19.694783887813205
410900010065,17路(特车厂--王什),17,特车厂,王什,2025-01-20 13:01:00,2025-01-20 13:59:34,19639.0,20.11963574274331,58.56680000000001,"(115.06454051468467, 35.735589184596336)","(114.99656399639653, 35.835772240472416)",河南省,濮阳市,102,6,15944,large,0.07600000000000007,35,19.867299884462145
410900010024,17路(王什--特车厂),17,王什,特车厂,2025-01-20 13:10:00,2025-01-20 14:08:32,19615.0,20.10649202733485,58.538,"(114.99649028620898, 35.83577146552151)","(115.06443071934245, 35.73544238213214)",河南省,濮阳市,103,6,13327,large,-0.07599999999999996,35,19.694783887813205
410900010065,17路(特车厂--王什),17,特车厂,王什,2025-01-20 13:18:00,2025-01-20 14:16:34,19639.0,20.11963574274331,58.56680000000001,"(115.06454051468467, 35.735589184596336)","(114.99656399639653, 35.835772240472416)",河南省,濮阳市,104,6,15944,large,0.07600000000000007,35,19.867299884462145
410900010024,17路(王什--特车厂),17,王什,特车厂,2025-01-20 13:27:00,2025-01-20 14:25:32,19615.0,20.10649202733485,58.538,"(114.99649028620898, 35.83577146552151)","(115.06443071934245, 35.73544238213214)",河南省,濮阳市,105,6,13327,large,-0.07599999999999996,35,19.694783887813205
410900010065,17路(特车厂--王什),17,特车厂,王什,2025-01-20 13:35:00,2025-01-20 14:33:34,19639.0,20.11963574274331,58.56680000000001,"(115.06454051468467, 35.735589184596336)","(114.99656399639653, 35.835772240472416)",河南省,濮阳市,106,6,15944,large,0.07600000000000007,35,19.867299884462145
410900010024,17路(王什--特车厂),17,王什,特车厂,2025-01-20 13:43:00,2025-01-20 14:41:32,19615.0,20.10649202733485,58.538,"(114.99649028620898, 35.83577146552151)","(115.06443071934245, 35.73544238213214)",河南省,濮阳市,107,6,13327,large,-0.07599999999999996,35,19.694783887813205
410900010065,17路(特车厂--王什),17,特车厂,王什,2025-01-20 13:52:00,2025-01-20 14:50:34,19639.0,20.11963574274331,58.56680000000001,"(115.06454051468467, 35.735589184596336)","(114.99656399639653, 35.835772240472416)",河南省,濮阳市,99,7,15944,large,0.07600000000000007,35,19.867299884462145
410900010024,17路(王什--特车厂),17,王什,特车厂,2025-01-20 14:00:00,2025-01-20 14:58:32,19615.0,20.10649202733485,58.538,"(114.99649028620898, 35.83577146552151)","(115.06443071934245, 35.73544238213214)",河南省,濮阳市,98,7,13327,large,-0.07599999999999996,35,19.694783887813205
410900010065,17路(特车厂--王什),17,特车厂,王什,2025-01-20 14:09:00,2025-01-20 15:07:34,19639.0,20.11963574274331,58.56680000000001,"(115.06454051468467, 35.735589184596336)","(114.99656399639653, 35.835772240472416)",河南省,濮阳市,108,6,15944,large,0.07600000000000007,35,19.867299884462145
410900010024,17路(王什--特车厂),17,王什,特车厂,2025-01-20 14:18:00,2025-01-20 15:16:32,19615.0,20.10649202733485,58.538,"(114.99649028620898, 35.83577146552151)","(115.06443071934245, 35.73544238213214)",河南省,濮阳市,102,7,13327,large,-0.07599999999999996,35,19.694783887813205
410900010065,17路(特车厂--王什),17,特车厂,王什,2025-01-20 14:24:00,2025-01-20 15:22:34,19639.0,20.11963574274331,58.56680000000001,"(115.06454051468467, 35.735589184596336)","(114.99656399639653, 35.835772240472416)",河南省,濮阳市,103,7,15944,large,0.07600000000000007,35,19.867299884462145
410900010024,17路(王什--特车厂),17,王什,特车厂,2025-01-20 14:35:00,2025-01-20 15:33:32,19615.0,20.10649202733485,58.538,"(114.99649028620898, 35.83577146552151)","(115.06443071934245, 35.73544238213214)",河南省,濮阳市,104,7,13327,large,-0.07599999999999996,35,19.694783887813205
410900010065,17路(特车厂--王什),17,特车厂,王什,2025-01-20 14:39:00,2025-01-20 15:37:34,19639.0,20.11963574274331,58.56680000000001,"(115.06454051468467, 35.735589184596336)","(114.99656399639653, 35.835772240472416)",河南省,濮阳市,105,7,15944,large,0.07600000000000007,35,19.867299884462145
410900010024,17路(王什--特车厂),17,王什,特车厂,2025-01-20 14:51:00,2025-01-20 15:49:32,19615.0,20.10649202733485,58.538,"(114.99649028620898, 35.83577146552151)","(115.06443071934245, 35.73544238213214)",河南省,濮阳市,106,7,13327,large,-0.07599999999999996,35,19.694783887813205
410900010065,17路(特车厂--王什),17,特车厂,王什,2025-01-20 14:55:00,2025-01-20 15:53:34,19639.0,20.11963574274331,58.56680000000001,"(115.06454051468467, 35.735589184596336)","(114.99656399639653, 35.835772240472416)",河南省,濮阳市,107,7,15944,large,0.07600000000000007,35,19.867299884462145
410900010024,17路(王什--特车厂),17,王什,特车厂,2025-01-20 15:09:00,2025-01-20 16:07:32,19615.0,20.10649202733485,58.538,"(114.99649028620898, 35.83577146552151)","(115.06443071934245, 35.73544238213214)",河南省,濮阳市,99,8,13327,large,-0.07599999999999996,35,19.694783887813205
410900010065,17路(特车厂--王什),17,特车厂,王什,2025-01-20 15:09:00,2025-01-20 16:07:34,19639.0,20.11963574274331,58.56680000000001,"(115.06454051468467, 35.735589184596336)","(114.99656399639653, 35.835772240472416)",河南省,濮阳市,98,8,15944,large,0.07600000000000007,35,19.867299884462145
410900010065,17路(特车厂--王什),17,特车厂,王什,2025-01-20 15:24:00,2025-01-20 16:22:34,19639.0,20.11963574274331,58.56680000000001,"(115.06454051468467, 35.735589184596336)","(114.99656399639653, 35.835772240472416)",河南省,濮阳市,102,8,15944,large,0.07600000000000007,35,19.867299884462145
410900010024,17路(王什--特车厂),17,王什,特车厂,2025-01-20 15:25:00,2025-01-20 16:23:32,19615.0,20.10649202733485,58.538,"(114.99649028620898, 35.83577146552151)","(115.06443071934245, 35.73544238213214)",河南省,濮阳市,108,7,13327,large,-0.07599999999999996,35,19.694783887813205
410900010065,17路(特车厂--王什),17,特车厂,王什,2025-01-20 15:40:00,2025-01-20 16:38:34,19639.0,20.11963574274331,58.56680000000001,"(115.06454051468467, 35.735589184596336)","(114.99656399639653, 35.835772240472416)",河南省,濮阳市,104,8,15944,large,0.07600000000000007,35,19.867299884462145
410900010024,17路(王什--特车厂),17,王什,特车厂,2025-01-20 15:41:00,2025-01-20 16:39:32,19615.0,20.10649202733485,58.538,"(114.99649028620898, 35.83577146552151)","(115.06443071934245, 35.73544238213214)",河南省,濮阳市,103,8,13327,large,-0.07599999999999996,35,19.694783887813205
410900010065,17路(特车厂--王什),17,特车厂,王什,2025-01-20 15:54:00,2025-01-20 16:52:34,19639.0,20.11963574274331,58.56680000000001,"(115.06454051468467, 35.735589184596336)","(114.99656399639653, 35.835772240472416)",河南省,濮阳市,109,1,15944,large,0.07600000000000007,35,19.867299884462145
410900010024,17路(王什--特车厂),17,王什,特车厂,2025-01-20 15:56:00,2025-01-20 16:54:32,19615.0,20.10649202733485,58.538,"(114.99649028620898, 35.83577146552151)","(115.06443071934245, 35.73544238213214)",河南省,濮阳市,105,8,13327,large,-0.07599999999999996,35,19.694783887813205
410900010065,17路(特车厂--王什),17,特车厂,王什,2025-01-20 16:09:00,2025-01-20 17:07:34,19639.0,20.11963574274331,58.56680000000001,"(115.06454051468467, 35.735589184596336)","(114.99656399639653, 35.835772240472416)",河南省,濮阳市,106,8,15944,large,0.07600000000000007,35,19.867299884462145
410900010024,17路(王什--特车厂),17,王什,特车厂,2025-01-20 16:12:00,2025-01-20 17:10:32,19615.0,20.10649202733485,58.538,"(114.99649028620898, 35.83577146552151)","(115.06443071934245, 35.73544238213214)",河南省,濮阳市,107,8,13327,large,-0.07599999999999996,35,19.694783887813205
410900010065,17路(特车厂--王什),17,特车厂,王什,2025-01-20 16:24:00,2025-01-20 17:22:34,19639.0,20.11963574274331,58.56680000000001,"(115.06454051468467, 35.735589184596336)","(114.99656399639653, 35.835772240472416)",河南省,濮阳市,99,9,15944,large,0.07600000000000007,35,19.867299884462145
410900010024,17路(王什--特车厂),17,王什,特车厂,2025-01-20 16:28:00,2025-01-20 17:26:32,19615.0,20.10649202733485,58.538,"(114.99649028620898, 35.83577146552151)","(115.06443071934245, 35.73544238213214)",河南省,濮阳市,102,9,13327,large,-0.07599999999999996,35,19.694783887813205
410900010065,17路(特车厂--王什),17,特车厂,王什,2025-01-20 16:39:00,2025-01-20 17:37:34,19639.0,20.11963574274331,58.56680000000001,"(115.06454051468467, 35.735589184596336)","(114.99656399639653, 35.835772240472416)",河南省,濮阳市,108,8,15944,large,0.07600000000000007,35,19.867299884462145
410900010024,17路(王什--特车厂),17,王什,特车厂,2025-01-20 16:46:00,2025-01-20 17:44:32,19615.0,20.10649202733485,58.538,"(114.99649028620898, 35.83577146552151)","(115.06443071934245, 35.73544238213214)",河南省,濮阳市,104,9,13327,large,-0.07599999999999996,35,19.694783887813205
410900010065,17路(特车厂--王什),17,特车厂,王什,2025-01-20 16:55:00,2025-01-20 17:53:34,19639.0,20.11963574274331,58.56680000000001,"(115.06454051468467, 35.735589184596336)","(114.99656399639653, 35.835772240472416)",河南省,濮阳市,103,9,15944,large,0.07600000000000007,35,19.867299884462145
410900010024,17路(王什--特车厂),17,王什,特车厂,2025-01-20 17:02:00,2025-01-20 18:00:32,19615.0,20.10649202733485,58.538,"(114.99649028620898, 35.83577146552151)","(115.06443071934245, 35.73544238213214)",河南省,濮阳市,109,2,13327,large,-0.07599999999999996,35,19.694783887813205
410900010065,17路(特车厂--王什),17,特车厂,王什,2025-01-20 17:09:00,2025-01-20 18:07:34,19639.0,20.11963574274331,58.56680000000001,"(115.06454051468467, 35.735589184596336)","(114.99656399639653, 35.835772240472416)",河南省,濮阳市,105,9,15944,large,0.07600000000000007,35,19.867299884462145
410900010024,17路(王什--特车厂),17,王什,特车厂,2025-01-20 17:18:00,2025-01-20 18:16:32,19615.0,20.10649202733485,58.538,"(114.99649028620898, 35.83577146552151)","(115.06443071934245, 35.73544238213214)",河南省,濮阳市,106,9,13327,large,-0.07599999999999996,35,19.694783887813205
410900010065,17路(特车厂--王什),17,特车厂,王什,2025-01-20 17:25:00,2025-01-20 18:23:34,19639.0,20.11963574274331,58.56680000000001,"(115.06454051468467, 35.735589184596336)","(114.99656399639653, 35.835772240472416)",河南省,濮阳市,107,9,15944,large,0.07600000000000007,35,19.867299884462145
410900010024,17路(王什--特车厂),17,王什,特车厂,2025-01-20 17:33:00,2025-01-20 18:31:32,19615.0,20.10649202733485,58.538,"(114.99649028620898, 35.83577146552151)","(115.06443071934245, 35.73544238213214)",河南省,濮阳市,99,10,13327,large,-0.07599999999999996,35,19.694783887813205
410900010065,17路(特车厂--王什),17,特车厂,王什,2025-01-20 17:38:00,2025-01-20 18:36:34,19639.0,20.11963574274331,58.56680000000001,"(115.06454051468467, 35.735589184596336)","(114.99656399639653, 35.835772240472416)",河南省,濮阳市,102,10,15944,large,0.07600000000000007,35,19.867299884462145
410900010024,17路(王什--特车厂),17,王什,特车厂,2025-01-20 17:46:00,2025-01-20 18:44:32,19615.0,20.10649202733485,58.538,"(114.99649028620898, 35.83577146552151)","(115.06443071934245, 35.73544238213214)",河南省,濮阳市,108,9,13327,large,-0.07599999999999996,35,19.694783887813205
410900010065,17路(特车厂--王什),17,特车厂,王什,2025-01-20 17:50:00,2025-01-20 18:48:34,19639.0,20.11963574274331,58.56680000000001,"(115.06454051468467, 35.735589184596336)","(114.99656399639653, 35.835772240472416)",河南省,濮阳市,104,10,15944,large,0.07600000000000007,35,19.867299884462145
410900010024,17路(王什--特车厂),17,王什,特车厂,2025-01-20 17:57:00,2025-01-20 18:55:32,19615.0,20.10649202733485,58.538,"(114.99649028620898, 35.83577146552151)","(115.06443071934245, 35.73544238213214)",河南省,濮阳市,110,1,13327,large,-0.07599999999999996,35,19.694783887813205
410900010065,17路(特车厂--王什),17,特车厂,王什,2025-01-20 18:04:00,2025-01-20 19:02:34,19639.0,20.11963574274331,58.56680000000001,"(115.06454051468467, 35.735589184596336)","(114.99656399639653, 35.835772240472416)",河南省,濮阳市,111,1,15944,large,0.07600000000000007,35,19.867299884462145
410900010024,17路(王什--特车厂),17,王什,特车厂,2025-01-20 18:10:00,2025-01-20 19:08:32,19615.0,20.10649202733485,58.538,"(114.99649028620898, 35.83577146552151)","(115.06443071934245, 35.73544238213214)",河南省,濮阳市,103,10,13327,large,-0.07599999999999996,35,19.694783887813205
410900010065,17路(特车厂--王什),17,特车厂,王什,2025-01-20 18:16:00,2025-01-20 19:14:34,19639.0,20.11963574274331,58.56680000000001,"(115.06454051468467, 35.735589184596336)","(114.99656399639653, 35.835772240472416)",河南省,濮阳市,109,3,15944,large,0.07600000000000007,35,19.867299884462145
410900010024,17路(王什--特车厂),17,王什,特车厂,2025-01-20 18:25:00,2025-01-20 19:23:32,19615.0,20.10649202733485,58.538,"(114.99649028620898, 35.83577146552151)","(115.06443071934245, 35.73544238213214)",河南省,濮阳市,105,10,13327,large,-0.07599999999999996,35,19.694783887813205
410900010065,17路(特车厂--王什),17,特车厂,王什,2025-01-20 18:30:00,2025-01-20 19:28:34,19639.0,20.11963574274331,58.56680000000001,"(115.06454051468467, 35.735589184596336)","(114.99656399639653, 35.835772240472416)",河南省,濮阳市,106,10,15944,large,0.07600000000000007,35,19.867299884462145
410900010024,17路(王什--特车厂),17,王什,特车厂,2025-01-20 18:43:00,2025-01-20 19:41:32,19615.0,20.10649202733485,58.538,"(114.99649028620898, 35.83577146552151)","(115.06443071934245, 35.73544238213214)",河南省,濮阳市,107,10,13327,large,-0.07599999999999996,35,19.694783887813205
410900010065,17路(特车厂--王什),17,特车厂,王什,2025-01-20 18:45:00,2025-01-20 19:43:34,19639.0,20.11963574274331,58.56680000000001,"(115.06454051468467, 35.735589184596336)","(114.99656399639653, 35.835772240472416)",河南省,濮阳市,99,11,15944,large,0.07600000000000007,35,19.867299884462145
410900010024,17路(王什--特车厂),17,王什,特车厂,2025-01-20 18:59:00,2025-01-20 19:57:32,19615.0,20.10649202733485,58.538,"(114.99649028620898, 35.83577146552151)","(115.06443071934245, 35.73544238213214)",河南省,濮阳市,104,11,13327,large,-0.07599999999999996,35,19.694783887813205
410900010065,17路(特车厂--王什),17,特车厂,王什,2025-01-20 19:00:00,2025-01-20 19:58:34,19639.0,20.11963574274331,58.56680000000001,"(115.06454051468467, 35.735589184596336)","(114.99656399639653, 35.835772240472416)",河南省,濮阳市,108,10,15944,large,0.07600000000000007,35,19.867299884462145
900000133784,21路(京开道高阳大街口--公交公司),21,京开道高阳大街口,公交公司,2025-01-20 06:30:00,2025-01-20 07:31:03,15537.0,15.26977886977887,61.05,"(115.06555463774393, 35.81073277647519)","(115.06537106171513, 35.74523223482266)",河南省,濮阳市,112,1,3055,large,-0.07600000000000007,27,14.96576148009828
900000133776,21路(公交公司--龙山公园东),21,公交公司,龙山公园东,2025-01-20 06:30:00,2025-01-20 07:28:52,15859.0,16.164326160815403,58.86666666666667,"(115.06543700011643, 35.7447853352607)","(115.06483866186484, 35.81238808617737)",河南省,濮阳市,113,1,1456,large,0.03800000000000002,27,15.4191795400906
900000133776,21路(公交公司--龙山公园东),21,公交公司,龙山公园东,2025-01-20 06:44:00,2025-01-20 07:42:52,15859.0,16.164326160815403,58.86666666666667,"(115.06543700011643, 35.7447853352607)","(115.06483866186484, 35.81238808617737)",河南省,濮阳市,114,1,1456,large,0.03800000000000002,27,15.4191795400906
900000133784,21路(京开道高阳大街口--公交公司),21,京开道高阳大街口,公交公司,2025-01-20 06:45:00,2025-01-20 07:46:03,15537.0,15.26977886977887,61.05,"(115.06555463774393, 35.81073277647519)","(115.06537106171513, 35.74523223482266)",河南省,濮阳市,115,1,3055,large,-0.07600000000000007,27,14.96576148009828
900000133784,21路(京开道高阳大街口--公交公司),21,京开道高阳大街口,公交公司,2025-01-20 06:58:00,2025-01-20 07:59:03,15537.0,15.26977886977887,61.05,"(115.06555463774393, 35.81073277647519)","(115.06537106171513, 35.74523223482266)",河南省,濮阳市,116,1,3055,large,-0.07600000000000007,27,14.96576148009828
900000133776,21路(公交公司--龙山公园东),21,公交公司,龙山公园东,2025-01-20 06:59:00,2025-01-20 07:57:52,15859.0,16.164326160815403,58.86666666666667,"(115.06543700011643, 35.7447853352607)","(115.06483866186484, 35.81238808617737)",河南省,濮阳市,117,1,1456,large,0.03800000000000002,27,15.4191795400906
900000133784,21路(京开道高阳大街口--公交公司),21,京开道高阳大街口,公交公司,2025-01-20 07:11:00,2025-01-20 08:19:49,15537.0,13.546427706466456,68.81666666666666,"(115.06555463774393, 35.81073277647519)","(115.06537106171513, 35.74523223482266)",河南省,濮阳市,118,1,3055,large,-0.07600000000000007,27,14.778331530927584
900000133776,21路(公交公司--龙山公园东),21,公交公司,龙山公园东,2025-01-20 07:12:00,2025-01-20 08:15:52,15859.0,14.89885177453027,63.86666666666667,"(115.06543700011643, 35.7447853352607)","(115.06483866186484, 35.81238808617737)",河南省,濮阳市,119,1,1456,large,0.03800000000000002,27,15.278695432045927
900000133784,21路(京开道高阳大街口--公交公司),21,京开道高阳大街口,公交公司,2025-01-20 07:24:00,2025-01-20 08:32:49,15537.0,13.546427706466456,68.81666666666666,"(115.06555463774393, 35.81073277647519)","(115.06537106171513, 35.74523223482266)",河南省,濮阳市,120,1,3055,large,-0.07600000000000007,27,14.778331530927584
900000133776,21路(公交公司--龙山公园东),21,公交公司,龙山公园东,2025-01-20 07:27:00,2025-01-20 08:30:52,15859.0,14.89885177453027,63.86666666666667,"(115.06543700011643, 35.7447853352607)","(115.06483866186484, 35.81238808617737)",河南省,濮阳市,121,1,1456,large,0.03800000000000002,27,15.278695432045927
900000133784,21路(京开道高阳大街口--公交公司),21,京开道高阳大街口,公交公司,2025-01-20 07:37:00,2025-01-20 08:45:49,15537.0,13.546427706466456,68.81666666666666,"(115.06555463774393, 35.81073277647519)","(115.06537106171513, 35.74523223482266)",河南省,濮阳市,113,2,3055,large,-0.07600000000000007,27,14.778331530927584
900000133776,21路(公交公司--龙山公园东),21,公交公司,龙山公园东,2025-01-20 07:40:00,2025-01-20 08:43:52,15859.0,14.89885177453027,63.86666666666667,"(115.06543700011643, 35.7447853352607)","(115.06483866186484, 35.81238808617737)",河南省,濮阳市,112,2,1456,large,0.03800000000000002,27,15.278695432045927
900000133784,21路(京开道高阳大街口--公交公司),21,京开道高阳大街口,公交公司,2025-01-20 07:51:00,2025-01-20 08:59:49,15537.0,13.546427706466456,68.81666666666666,"(115.06555463774393, 35.81073277647519)","(115.06537106171513, 35.74523223482266)",河南省,濮阳市,114,2,3055,large,-0.07600000000000007,27,14.778331530927584
900000133776,21路(公交公司--龙山公园东),21,公交公司,龙山公园东,2025-01-20 07:56:00,2025-01-20 08:59:52,15859.0,14.89885177453027,63.86666666666667,"(115.06543700011643, 35.7447853352607)","(115.06483866186484, 35.81238808617737)",河南省,濮阳市,115,2,1456,large,0.03800000000000002,27,15.278695432045927
900000133784,21路(京开道高阳大街口--公交公司),21,京开道高阳大街口,公交公司,2025-01-20 08:04:00,2025-01-20 09:12:49,15537.0,13.546427706466456,68.81666666666666,"(115.06555463774393, 35.81073277647519)","(115.06537106171513, 35.74523223482266)",河南省,濮阳市,117,2,3055,large,-0.07600000000000007,27,14.778331530927584
900000133776,21路(公交公司--龙山公园东),21,公交公司,龙山公园东,2025-01-20 08:08:00,2025-01-20 09:11:52,15859.0,14.89885177453027,63.86666666666667,"(115.06543700011643, 35.7447853352607)","(115.06483866186484, 35.81238808617737)",河南省,濮阳市,116,2,1456,large,0.03800000000000002,27,15.278695432045927
900000133784,21路(京开道高阳大街口--公交公司),21,京开道高阳大街口,公交公司,2025-01-20 08:18:00,2025-01-20 09:26:49,15537.0,13.546427706466456,68.81666666666666,"(115.06555463774393, 35.81073277647519)","(115.06537106171513, 35.74523223482266)",河南省,濮阳市,122,1,3055,large,-0.07600000000000007,27,14.778331530927584
900000133776,21路(公交公司--龙山公园东),21,公交公司,龙山公园东,2025-01-20 08:23:00,2025-01-20 09:26:52,15859.0,14.89885177453027,63.86666666666667,"(115.06543700011643, 35.7447853352607)","(115.06483866186484, 35.81238808617737)",河南省,濮阳市,123,1,1456,large,0.03800000000000002,27,15.278695432045927
900000133784,21路(京开道高阳大街口--公交公司),21,京开道高阳大街口,公交公司,2025-01-20 08:37:00,2025-01-20 09:45:49,15537.0,13.546427706466456,68.81666666666666,"(115.06555463774393, 35.81073277647519)","(115.06537106171513, 35.74523223482266)",河南省,濮阳市,121,2,3055,large,-0.07600000000000007,27,14.778331530927584
900000133776,21路(公交公司--龙山公园东),21,公交公司,龙山公园东,2025-01-20 08:38:00,2025-01-20 09:41:52,15859.0,14.89885177453027,63.86666666666667,"(115.06543700011643, 35.7447853352607)","(115.06483866186484, 35.81238808617737)",河南省,濮阳市,120,2,1456,large,0.03800000000000002,27,15.278695432045927
900000133784,21路(京开道高阳大街口--公交公司),21,京开道高阳大街口,公交公司,2025-01-20 08:47:00,2025-01-20 09:55:49,15537.0,13.546427706466456,68.81666666666666,"(115.06555463774393, 35.81073277647519)","(115.06537106171513, 35.74523223482266)",河南省,濮阳市,124,1,3055,large,-0.07600000000000007,27,14.778331530927584
900000133776,21路(公交公司--龙山公园东),21,公交公司,龙山公园东,2025-01-20 08:53:00,2025-01-20 09:56:52,15859.0,14.89885177453027,63.86666666666667,"(115.06543700011643, 35.7447853352607)","(115.06483866186484, 35.81238808617737)",河南省,濮阳市,113,3,1456,large,0.03800000000000002,27,15.278695432045927
900000133784,21路(京开道高阳大街口--公交公司),21,京开道高阳大街口,公交公司,2025-01-20 09:04:00,2025-01-20 10:05:03,15537.0,15.26977886977887,61.05,"(115.06555463774393, 35.81073277647519)","(115.06537106171513, 35.74523223482266)",河南省,濮阳市,112,3,3055,large,-0.07600000000000007,27,14.96576148009828
900000133776,21路(公交公司--龙山公园东),21,公交公司,龙山公园东,2025-01-20 09:09:00,2025-01-20 10:07:52,15859.0,16.164326160815403,58.86666666666667,"(115.06543700011643, 35.7447853352607)","(115.06483866186484, 35.81238808617737)",河南省,濮阳市,114,3,1456,large,0.03800000000000002,27,15.4191795400906
900000133784,21路(京开道高阳大街口--公交公司),21,京开道高阳大街口,公交公司,2025-01-20 09:18:00,2025-01-20 10:19:03,15537.0,15.26977886977887,61.05,"(115.06555463774393, 35.81073277647519)","(115.06537106171513, 35.74523223482266)",河南省,濮阳市,116,3,3055,large,-0.07600000000000007,27,14.96576148009828
900000133776,21路(公交公司--龙山公园东),21,公交公司,龙山公园东,2025-01-20 09:24:00,2025-01-20 10:22:52,15859.0,16.164326160815403,58.86666666666667,"(115.06543700011643, 35.7447853352607)","(115.06483866186484, 35.81238808617737)",河南省,濮阳市,117,3,1456,large,0.03800000000000002,27,15.4191795400906
900000133784,21路(京开道高阳大街口--公交公司),21,京开道高阳大街口,公交公司,2025-01-20 09:34:00,2025-01-20 10:35:03,15537.0,15.26977886977887,61.05,"(115.06555463774393, 35.81073277647519)","(115.06537106171513, 35.74523223482266)",河南省,濮阳市,123,2,3055,large,-0.07600000000000007,27,14.96576148009828
900000133776,21路(公交公司--龙山公园东),21,公交公司,龙山公园东,2025-01-20 09:38:00,2025-01-20 10:36:52,15859.0,16.164326160815403,58.86666666666667,"(115.06543700011643, 35.7447853352607)","(115.06483866186484, 35.81238808617737)",河南省,濮阳市,122,2,1456,large,0.03800000000000002,27,15.4191795400906
900000133784,21路(京开道高阳大街口--公交公司),21,京开道高阳大街口,公交公司,2025-01-20 09:49:00,2025-01-20 10:50:03,15537.0,15.26977886977887,61.05,"(115.06555463774393, 35.81073277647519)","(115.06537106171513, 35.74523223482266)",河南省,濮阳市,120,3,3055,large,-0.07600000000000007,27,14.96576148009828
900000133776,21路(公交公司--龙山公园东),21,公交公司,龙山公园东,2025-01-20 09:54:00,2025-01-20 10:52:52,15859.0,16.164326160815403,58.86666666666667,"(115.06543700011643, 35.7447853352607)","(115.06483866186484, 35.81238808617737)",河南省,濮阳市,121,3,1456,large,0.03800000000000002,27,15.4191795400906
900000133784,21路(京开道高阳大街口--公交公司),21,京开道高阳大街口,公交公司,2025-01-20 10:03:00,2025-01-20 11:04:03,15537.0,15.26977886977887,61.05,"(115.06555463774393, 35.81073277647519)","(115.06537106171513, 35.74523223482266)",河南省,濮阳市,113,4,3055,large,-0.07600000000000007,27,14.96576148009828
900000133776,21路(公交公司--龙山公园东),21,公交公司,龙山公园东,2025-01-20 10:10:00,2025-01-20 11:08:52,15859.0,16.164326160815403,58.86666666666667,"(115.06543700011643, 35.7447853352607)","(115.06483866186484, 35.81238808617737)",河南省,濮阳市,124,2,1456,large,0.03800000000000002,27,15.4191795400906
900000133784,21路(京开道高阳大街口--公交公司),21,京开道高阳大街口,公交公司,2025-01-20 10:18:00,2025-01-20 11:19:03,15537.0,15.26977886977887,61.05,"(115.06555463774393, 35.81073277647519)","(115.06537106171513, 35.74523223482266)",河南省,濮阳市,114,4,3055,large,-0.07600000000000007,27,14.96576148009828
900000133776,21路(公交公司--龙山公园东),21,公交公司,龙山公园东,2025-01-20 10:29:00,2025-01-20 11:27:52,15859.0,16.164326160815403,58.86666666666667,"(115.06543700011643, 35.7447853352607)","(115.06483866186484, 35.81238808617737)",河南省,濮阳市,116,4,1456,large,0.03800000000000002,27,15.4191795400906
900000133784,21路(京开道高阳大街口--公交公司),21,京开道高阳大街口,公交公司,2025-01-20 10:33:00,2025-01-20 11:34:03,15537.0,15.26977886977887,61.05,"(115.06555463774393, 35.81073277647519)","(115.06537106171513, 35.74523223482266)",河南省,濮阳市,117,4,3055,large,-0.07600000000000007,27,14.96576148009828
900000133784,21路(京开道高阳大街口--公交公司),21,京开道高阳大街口,公交公司,2025-01-20 10:48:00,2025-01-20 11:49:03,15537.0,15.26977886977887,61.05,"(115.06555463774393, 35.81073277647519)","(115.06537106171513, 35.74523223482266)",河南省,濮阳市,122,3,3055,large,-0.07600000000000007,27,14.96576148009828
900000133776,21路(公交公司--龙山公园东),21,公交公司,龙山公园东,2025-01-20 10:49:00,2025-01-20 11:47:52,15859.0,16.164326160815403,58.86666666666667,"(115.06543700011643, 35.7447853352607)","(115.06483866186484, 35.81238808617737)",河南省,濮阳市,123,3,1456,large,0.03800000000000002,27,15.4191795400906
900000133784,21路(京开道高阳大街口--公交公司),21,京开道高阳大街口,公交公司,2025-01-20 11:04:00,2025-01-20 12:05:03,15537.0,15.26977886977887,61.05,"(115.06555463774393, 35.81073277647519)","(115.06537106171513, 35.74523223482266)",河南省,濮阳市,121,4,3055,large,-0.07600000000000007,27,14.96576148009828
900000133776,21路(公交公司--龙山公园东),21,公交公司,龙山公园东,2025-01-20 11:09:00,2025-01-20 12:07:52,15859.0,16.164326160815403,58.86666666666667,"(115.06543700011643, 35.7447853352607)","(115.06483866186484, 35.81238808617737)",河南省,濮阳市,120,4,1456,large,0.03800000000000002,27,15.4191795400906
900000133784,21路(京开道高阳大街口--公交公司),21,京开道高阳大街口,公交公司,2025-01-20 11:23:00,2025-01-20 12:24:03,15537.0,15.26977886977887,61.05,"(115.06555463774393, 35.81073277647519)","(115.06537106171513, 35.74523223482266)",河南省,濮阳市,124,3,3055,large,-0.07600000000000007,27,14.96576148009828
900000133776,21路(公交公司--龙山公园东),21,公交公司,龙山公园东,2025-01-20 11:29:00,2025-01-20 12:27:52,15859.0,16.164326160815403,58.86666666666667,"(115.06543700011643, 35.7447853352607)","(115.06483866186484, 35.81238808617737)",河南省,濮阳市,114,5,1456,large,0.03800000000000002,27,15.4191795400906
900000133784,21路(京开道高阳大街口--公交公司),21,京开道高阳大街口,公交公司,2025-01-20 11:43:00,2025-01-20 12:44:03,15537.0,15.26977886977887,61.05,"(115.06555463774393, 35.81073277647519)","(115.06537106171513, 35.74523223482266)",河南省,濮阳市,116,5,3055,large,-0.07600000000000007,27,14.96576148009828
900000133776,21路(公交公司--龙山公园东),21,公交公司,龙山公园东,2025-01-20 11:50:00,2025-01-20 12:48:52,15859.0,16.164326160815403,58.86666666666667,"(115.06543700011643, 35.7447853352607)","(115.06483866186484, 35.81238808617737)",河南省,濮阳市,117,5,1456,large,0.03800000000000002,27,15.4191795400906
900000133784,21路(京开道高阳大街口--公交公司),21,京开道高阳大街口,公交公司,2025-01-20 12:04:00,2025-01-20 13:05:03,15537.0,15.26977886977887,61.05,"(115.06555463774393, 35.81073277647519)","(115.06537106171513, 35.74523223482266)",河南省,濮阳市,123,4,3055,large,-0.07600000000000007,27,14.96576148009828
900000133776,21路(公交公司--龙山公园东),21,公交公司,龙山公园东,2025-01-20 12:10:00,2025-01-20 13:08:52,15859.0,16.164326160815403,58.86666666666667,"(115.06543700011643, 35.7447853352607)","(115.06483866186484, 35.81238808617737)",河南省,濮阳市,122,4,1456,large,0.03800000000000002,27,15.4191795400906
900000133784,21路(京开道高阳大街口--公交公司),21,京开道高阳大街口,公交公司,2025-01-20 12:23:00,2025-01-20 13:24:03,15537.0,15.26977886977887,61.05,"(115.06555463774393, 35.81073277647519)","(115.06537106171513, 35.74523223482266)",河南省,濮阳市,120,5,3055,large,-0.07600000000000007,27,14.96576148009828
900000133776,21路(公交公司--龙山公园东),21,公交公司,龙山公园东,2025-01-20 12:30:00,2025-01-20 13:28:52,15859.0,16.164326160815403,58.86666666666667,"(115.06543700011643, 35.7447853352607)","(115.06483866186484, 35.81238808617737)",河南省,濮阳市,124,4,1456,large,0.03800000000000002,27,15.4191795400906
900000133784,21路(京开道高阳大街口--公交公司),21,京开道高阳大街口,公交公司,2025-01-20 12:43:00,2025-01-20 13:44:03,15537.0,15.26977886977887,61.05,"(115.06555463774393, 35.81073277647519)","(115.06537106171513, 35.74523223482266)",河南省,濮阳市,114,6,3055,large,-0.07600000000000007,27,14.96576148009828
900000133776,21路(公交公司--龙山公园东),21,公交公司,龙山公园东,2025-01-20 12:49:00,2025-01-20 13:47:52,15859.0,16.164326160815403,58.86666666666667,"(115.06543700011643, 35.7447853352607)","(115.06483866186484, 35.81238808617737)",河南省,濮阳市,125,1,1456,large,0.03800000000000002,27,15.4191795400906
900000133784,21路(京开道高阳大街口--公交公司),21,京开道高阳大街口,公交公司,2025-01-20 13:03:00,2025-01-20 14:04:03,15537.0,15.26977886977887,61.05,"(115.06555463774393, 35.81073277647519)","(115.06537106171513, 35.74523223482266)",河南省,濮阳市,117,6,3055,large,-0.07600000000000007,27,14.96576148009828
900000133776,21路(公交公司--龙山公园东),21,公交公司,龙山公园东,2025-01-20 13:10:00,2025-01-20 14:08:52,15859.0,16.164326160815403,58.86666666666667,"(115.06543700011643, 35.7447853352607)","(115.06483866186484, 35.81238808617737)",河南省,濮阳市,116,6,1456,large,0.03800000000000002,27,15.4191795400906
900000133784,21路(京开道高阳大街口--公交公司),21,京开道高阳大街口,公交公司,2025-01-20 13:23:00,2025-01-20 14:24:03,15537.0,15.26977886977887,61.05,"(115.06555463774393, 35.81073277647519)","(115.06537106171513, 35.74523223482266)",河南省,濮阳市,122,5,3055,large,-0.07600000000000007,27,14.96576148009828
900000133776,21路(公交公司--龙山公园东),21,公交公司,龙山公园东,2025-01-20 13:29:00,2025-01-20 14:27:52,15859.0,16.164326160815403,58.86666666666667,"(115.06543700011643, 35.7447853352607)","(115.06483866186484, 35.81238808617737)",河南省,濮阳市,123,5,1456,large,0.03800000000000002,27,15.4191795400906
900000133784,21路(京开道高阳大街口--公交公司),21,京开道高阳大街口,公交公司,2025-01-20 13:43:00,2025-01-20 14:44:03,15537.0,15.26977886977887,61.05,"(115.06555463774393, 35.81073277647519)","(115.06537106171513, 35.74523223482266)",河南省,濮阳市,124,5,3055,large,-0.07600000000000007,27,14.96576148009828
900000133776,21路(公交公司--龙山公园东),21,公交公司,龙山公园东,2025-01-20 13:49:00,2025-01-20 14:47:52,15859.0,16.164326160815403,58.86666666666667,"(115.06543700011643, 35.7447853352607)","(115.06483866186484, 35.81238808617737)",河南省,濮阳市,120,6,1456,large,0.03800000000000002,27,15.4191795400906
900000133784,21路(京开道高阳大街口--公交公司),21,京开道高阳大街口,公交公司,2025-01-20 14:03:00,2025-01-20 15:04:03,15537.0,15.26977886977887,61.05,"(115.06555463774393, 35.81073277647519)","(115.06537106171513, 35.74523223482266)",河南省,濮阳市,125,2,3055,large,-0.07600000000000007,27,14.96576148009828
900000133776,21路(公交公司--龙山公园东),21,公交公司,龙山公园东,2025-01-20 14:09:00,2025-01-20 15:07:52,15859.0,16.164326160815403,58.86666666666667,"(115.06543700011643, 35.7447853352607)","(115.06483866186484, 35.81238808617737)",河南省,濮阳市,114,7,1456,large,0.03800000000000002,27,15.4191795400906
900000133784,21路(京开道高阳大街口--公交公司),21,京开道高阳大街口,公交公司,2025-01-20 14:24:00,2025-01-20 15:25:03,15537.0,15.26977886977887,61.05,"(115.06555463774393, 35.81073277647519)","(115.06537106171513, 35.74523223482266)",河南省,濮阳市,116,7,3055,large,-0.07600000000000007,27,14.96576148009828
900000133776,21路(公交公司--龙山公园东),21,公交公司,龙山公园东,2025-01-20 14:25:00,2025-01-20 15:23:52,15859.0,16.164326160815403,58.86666666666667,"(115.06543700011643, 35.7447853352607)","(115.06483866186484, 35.81238808617737)",河南省,濮阳市,117,7,1456,large,0.03800000000000002,27,15.4191795400906
900000133776,21路(公交公司--龙山公园东),21,公交公司,龙山公园东,2025-01-20 14:39:00,2025-01-20 15:37:52,15859.0,16.164326160815403,58.86666666666667,"(115.06543700011643, 35.7447853352607)","(115.06483866186484, 35.81238808617737)",河南省,濮阳市,122,6,1456,large,0.03800000000000002,27,15.4191795400906
900000133784,21路(京开道高阳大街口--公交公司),21,京开道高阳大街口,公交公司,2025-01-20 14:44:00,2025-01-20 15:45:03,15537.0,15.26977886977887,61.05,"(115.06555463774393, 35.81073277647519)","(115.06537106171513, 35.74523223482266)",河南省,濮阳市,123,6,3055,large,-0.07600000000000007,27,14.96576148009828
900000133776,21路(公交公司--龙山公园东),21,公交公司,龙山公园东,2025-01-20 14:55:00,2025-01-20 15:53:52,15859.0,16.164326160815403,58.86666666666667,"(115.06543700011643, 35.7447853352607)","(115.06483866186484, 35.81238808617737)",河南省,濮阳市,124,6,1456,large,0.03800000000000002,27,15.4191795400906
900000133784,21路(京开道高阳大街口--公交公司),21,京开道高阳大街口,公交公司,2025-01-20 15:04:00,2025-01-20 16:05:03,15537.0,15.26977886977887,61.05,"(115.06555463774393, 35.81073277647519)","(115.06537106171513, 35.74523223482266)",河南省,濮阳市,120,7,3055,large,-0.07600000000000007,27,14.96576148009828
900000133776,21路(公交公司--龙山公园东),21,公交公司,龙山公园东,2025-01-20 15:10:00,2025-01-20 16:08:52,15859.0,16.164326160815403,58.86666666666667,"(115.06543700011643, 35.7447853352607)","(115.06483866186484, 35.81238808617737)",河南省,濮阳市,125,3,1456,large,0.03800000000000002,27,15.4191795400906
900000133784,21路(京开道高阳大街口--公交公司),21,京开道高阳大街口,公交公司,2025-01-20 15:19:00,2025-01-20 16:20:03,15537.0,15.26977886977887,61.05,"(115.06555463774393, 35.81073277647519)","(115.06537106171513, 35.74523223482266)",河南省,濮阳市,114,8,3055,large,-0.07600000000000007,27,14.96576148009828
900000133776,21路(公交公司--龙山公园东),21,公交公司,龙山公园东,2025-01-20 15:24:00,2025-01-20 16:22:52,15859.0,16.164326160815403,58.86666666666667,"(115.06543700011643, 35.7447853352607)","(115.06483866186484, 35.81238808617737)",河南省,濮阳市,126,1,1456,large,0.03800000000000002,27,15.4191795400906
900000133784,21路(京开道高阳大街口--公交公司),21,京开道高阳大街口,公交公司,2025-01-20 15:33:00,2025-01-20 16:34:03,15537.0,15.26977886977887,61.05,"(115.06555463774393, 35.81073277647519)","(115.06537106171513, 35.74523223482266)",河南省,濮阳市,117,8,3055,large,-0.07600000000000007,27,14.96576148009828
900000133776,21路(公交公司--龙山公园东),21,公交公司,龙山公园东,2025-01-20 15:40:00,2025-01-20 16:38:52,15859.0,16.164326160815403,58.86666666666667,"(115.06543700011643, 35.7447853352607)","(115.06483866186484, 35.81238808617737)",河南省,濮阳市,116,8,1456,large,0.03800000000000002,27,15.4191795400906
900000133784,21路(京开道高阳大街口--公交公司),21,京开道高阳大街口,公交公司,2025-01-20 15:49:00,2025-01-20 16:50:03,15537.0,15.26977886977887,61.05,"(115.06555463774393, 35.81073277647519)","(115.06537106171513, 35.74523223482266)",河南省,濮阳市,122,7,3055,large,-0.07600000000000007,27,14.96576148009828
900000133776,21路(公交公司--龙山公园东),21,公交公司,龙山公园东,2025-01-20 15:54:00,2025-01-20 16:52:52,15859.0,16.164326160815403,58.86666666666667,"(115.06543700011643, 35.7447853352607)","(115.06483866186484, 35.81238808617737)",河南省,濮阳市,123,7,1456,large,0.03800000000000002,27,15.4191795400906
900000133784,21路(京开道高阳大街口--公交公司),21,京开道高阳大街口,公交公司,2025-01-20 16:03:00,2025-01-20 17:04:03,15537.0,15.26977886977887,61.05,"(115.06555463774393, 35.81073277647519)","(115.06537106171513, 35.74523223482266)",河南省,濮阳市,124,7,3055,large,-0.07600000000000007,27,14.96576148009828
900000133776,21路(公交公司--龙山公园东),21,公交公司,龙山公园东,2025-01-20 16:10:00,2025-01-20 17:08:52,15859.0,16.164326160815403,58.86666666666667,"(115.06543700011643, 35.7447853352607)","(115.06483866186484, 35.81238808617737)",河南省,濮阳市,127,1,1456,large,0.03800000000000002,27,15.4191795400906
900000133784,21路(京开道高阳大街口--公交公司),21,京开道高阳大街口,公交公司,2025-01-20 16:18:00,2025-01-20 17:19:03,15537.0,15.26977886977887,61.05,"(115.06555463774393, 35.81073277647519)","(115.06537106171513, 35.74523223482266)",河南省,濮阳市,125,4,3055,large,-0.07600000000000007,27,14.96576148009828
900000133776,21路(公交公司--龙山公园东),21,公交公司,龙山公园东,2025-01-20 16:25:00,2025-01-20 17:23:52,15859.0,16.164326160815403,58.86666666666667,"(115.06543700011643, 35.7447853352607)","(115.06483866186484, 35.81238808617737)",河南省,濮阳市,120,8,1456,large,0.03800000000000002,27,15.4191795400906
900000133784,21路(京开道高阳大街口--公交公司),21,京开道高阳大街口,公交公司,2025-01-20 16:34:00,2025-01-20 17:35:03,15537.0,15.26977886977887,61.05,"(115.06555463774393, 35.81073277647519)","(115.06537106171513, 35.74523223482266)",河南省,濮阳市,126,2,3055,large,-0.07600000000000007,27,14.96576148009828
900000133776,21路(公交公司--龙山公园东),21,公交公司,龙山公园东,2025-01-20 16:39:00,2025-01-20 17:37:52,15859.0,16.164326160815403,58.86666666666667,"(115.06543700011643, 35.7447853352607)","(115.06483866186484, 35.81238808617737)",河南省,濮阳市,114,9,1456,large,0.03800000000000002,27,15.4191795400906
900000133784,21路(京开道高阳大街口--公交公司),21,京开道高阳大街口,公交公司,2025-01-20 16:49:00,2025-01-20 17:50:03,15537.0,15.26977886977887,61.05,"(115.06555463774393, 35.81073277647519)","(115.06537106171513, 35.74523223482266)",河南省,濮阳市,116,9,3055,large,-0.07600000000000007,27,14.96576148009828
900000133776,21路(公交公司--龙山公园东),21,公交公司,龙山公园东,2025-01-20 16:54:00,2025-01-20 17:52:52,15859.0,16.164326160815403,58.86666666666667,"(115.06543700011643, 35.7447853352607)","(115.06483866186484, 35.81238808617737)",河南省,濮阳市,117,9,1456,large,0.03800000000000002,27,15.4191795400906
900000133784,21路(京开道高阳大街口--公交公司),21,京开道高阳大街口,公交公司,2025-01-20 17:04:00,2025-01-20 18:12:49,15537.0,13.546427706466456,68.81666666666666,"(115.06555463774393, 35.81073277647519)","(115.06537106171513, 35.74523223482266)",河南省,濮阳市,123,8,3055,large,-0.07600000000000007,27,14.778331530927584
900000133776,21路(公交公司--龙山公园东),21,公交公司,龙山公园东,2025-01-20 17:09:00,2025-01-20 18:12:52,15859.0,14.89885177453027,63.86666666666667,"(115.06543700011643, 35.7447853352607)","(115.06483866186484, 35.81238808617737)",河南省,濮阳市,122,8,1456,large,0.03800000000000002,27,15.278695432045927
900000133784,21路(京开道高阳大街口--公交公司),21,京开道高阳大街口,公交公司,2025-01-20 17:18:00,2025-01-20 18:26:49,15537.0,13.546427706466456,68.81666666666666,"(115.06555463774393, 35.81073277647519)","(115.06537106171513, 35.74523223482266)",河南省,濮阳市,127,2,3055,large,-0.07600000000000007,27,14.778331530927584
900000133776,21路(公交公司--龙山公园东),21,公交公司,龙山公园东,2025-01-20 17:24:00,2025-01-20 18:27:52,15859.0,14.89885177453027,63.86666666666667,"(115.06543700011643, 35.7447853352607)","(115.06483866186484, 35.81238808617737)",河南省,濮阳市,124,8,1456,large,0.03800000000000002,27,15.278695432045927
900000133784,21路(京开道高阳大街口--公交公司),21,京开道高阳大街口,公交公司,2025-01-20 17:33:00,2025-01-20 18:41:49,15537.0,13.546427706466456,68.81666666666666,"(115.06555463774393, 35.81073277647519)","(115.06537106171513, 35.74523223482266)",河南省,濮阳市,120,9,3055,large,-0.07600000000000007,27,14.778331530927584
900000133776,21路(公交公司--龙山公园东),21,公交公司,龙山公园东,2025-01-20 17:39:00,2025-01-20 18:42:52,15859.0,14.89885177453027,63.86666666666667,"(115.06543700011643, 35.7447853352607)","(115.06483866186484, 35.81238808617737)",河南省,濮阳市,125,5,1456,large,0.03800000000000002,27,15.278695432045927
900000133784,21路(京开道高阳大街口--公交公司),21,京开道高阳大街口,公交公司,2025-01-20 17:47:00,2025-01-20 18:55:49,15537.0,13.546427706466456,68.81666666666666,"(115.06555463774393, 35.81073277647519)","(115.06537106171513, 35.74523223482266)",河南省,濮阳市,114,10,3055,large,-0.07600000000000007,27,14.778331530927584
900000133776,21路(公交公司--龙山公园东),21,公交公司,龙山公园东,2025-01-20 17:52:00,2025-01-20 18:55:52,15859.0,14.89885177453027,63.86666666666667,"(115.06543700011643, 35.7447853352607)","(115.06483866186484, 35.81238808617737)",河南省,濮阳市,126,3,1456,large,0.03800000000000002,27,15.278695432045927
900000133784,21路(京开道高阳大街口--公交公司),21,京开道高阳大街口,公交公司,2025-01-20 18:01:00,2025-01-20 19:09:49,15537.0,13.546427706466456,68.81666666666666,"(115.06555463774393, 35.81073277647519)","(115.06537106171513, 35.74523223482266)",河南省,濮阳市,117,10,3055,large,-0.07600000000000007,27,14.778331530927584
900000133776,21路(公交公司--龙山公园东),21,公交公司,龙山公园东,2025-01-20 18:05:00,2025-01-20 19:08:52,15859.0,14.89885177453027,63.86666666666667,"(115.06543700011643, 35.7447853352607)","(115.06483866186484, 35.81238808617737)",河南省,濮阳市,116,10,1456,large,0.03800000000000002,27,15.278695432045927
900000133784,21路(京开道高阳大街口--公交公司),21,京开道高阳大街口,公交公司,2025-01-20 18:15:00,2025-01-20 19:23:49,15537.0,13.546427706466456,68.81666666666666,"(115.06555463774393, 35.81073277647519)","(115.06537106171513, 35.74523223482266)",河南省,濮阳市,128,1,3055,large,-0.07600000000000007,27,14.778331530927584
900000133776,21路(公交公司--龙山公园东),21,公交公司,龙山公园东,2025-01-20 18:19:00,2025-01-20 19:22:52,15859.0,14.89885177453027,63.86666666666667,"(115.06543700011643, 35.7447853352607)","(115.06483866186484, 35.81238808617737)",河南省,濮阳市,123,9,1456,large,0.03800000000000002,27,15.278695432045927
900000133784,21路(京开道高阳大街口--公交公司),21,京开道高阳大街口,公交公司,2025-01-20 18:31:00,2025-01-20 19:39:49,15537.0,13.546427706466456,68.81666666666666,"(115.06555463774393, 35.81073277647519)","(115.06537106171513, 35.74523223482266)",河南省,濮阳市,122,9,3055,large,-0.07600000000000007,27,14.778331530927584
900000133776,21路(公交公司--龙山公园东),21,公交公司,龙山公园东,2025-01-20 18:32:00,2025-01-20 19:35:52,15859.0,14.89885177453027,63.86666666666667,"(115.06543700011643, 35.7447853352607)","(115.06483866186484, 35.81238808617737)",河南省,濮阳市,127,3,1456,large,0.03800000000000002,27,15.278695432045927
900000133776,21路(公交公司--龙山公园东),21,公交公司,龙山公园东,2025-01-20 18:45:00,2025-01-20 19:48:52,15859.0,14.89885177453027,63.86666666666667,"(115.06543700011643, 35.7447853352607)","(115.06483866186484, 35.81238808617737)",河南省,濮阳市,129,1,1456,large,0.03800000000000002,27,15.278695432045927
900000133784,21路(京开道高阳大街口--公交公司),21,京开道高阳大街口,公交公司,2025-01-20 18:45:00,2025-01-20 19:53:49,15537.0,13.546427706466456,68.81666666666666,"(115.06555463774393, 35.81073277647519)","(115.06537106171513, 35.74523223482266)",河南省,濮阳市,124,9,3055,large,-0.07600000000000007,27,14.778331530927584
900000133784,21路(京开道高阳大街口--公交公司),21,京开道高阳大街口,公交公司,2025-01-20 19:00:00,2025-01-20 20:01:03,15537.0,15.26977886977887,61.05,"(115.06555463774393, 35.81073277647519)","(115.06537106171513, 35.74523223482266)",河南省,濮阳市,125,6,3055,large,-0.07600000000000007,27,14.96576148009828
900000133776,21路(公交公司--龙山公园东),21,公交公司,龙山公园东,2025-01-20 19:00:00,2025-01-20 19:58:52,15859.0,16.164326160815403,58.86666666666667,"(115.06543700011643, 35.7447853352607)","(115.06483866186484, 35.81238808617737)",河南省,濮阳市,120,10,1456,large,0.03800000000000002,27,15.4191795400906
410900010148,23路(站前路京开道口--公交新东站),23,站前路京开道口,公交新东站,2025-01-20 06:30:00,2025-01-20 07:35:40,19373.0,17.701218274111675,65.66666666666667,"(115.02346040404584, 35.74277811063885)","(115.12976013189827, 35.79183295760562)",河南省,濮阳市,130,1,11946,large,-1.3877787807814457e-17,39,19.767952311370554
410900010147,23路(公交新东站--站前路京开道口),23,公交新东站,站前路京开道口,2025-01-20 06:30:00,2025-01-20 07:35:23,19597.0,17.983482029059395,65.38333333333334,"(115.1300125157934, 35.79182030983196)","(115.02403141834563, 35.74270460315986)",河南省,濮阳市,131,1,11584,large,0.03800000000000002,37,19.759519681264337
410900010148,23路(站前路京开道口--公交新东站),23,站前路京开道口,公交新东站,2025-01-20 06:47:00,2025-01-20 07:52:40,19373.0,17.701218274111675,65.66666666666667,"(115.02346040404584, 35.74277811063885)","(115.12976013189827, 35.79183295760562)",河南省,濮阳市,132,1,11946,large,-1.3877787807814457e-17,39,19.767952311370554
410900010147,23路(公交新东站--站前路京开道口),23,公交新东站,站前路京开道口,2025-01-20 06:49:00,2025-01-20 07:54:23,19597.0,17.983482029059395,65.38333333333334,"(115.1300125157934, 35.79182030983196)","(115.02403141834563, 35.74270460315986)",河南省,濮阳市,133,1,11584,large,0.03800000000000002,37,19.759519681264337
410900010148,23路(站前路京开道口--公交新东站),23,站前路京开道口,公交新东站,2025-01-20 07:06:00,2025-01-20 08:20:45,19373.0,15.550234113712376,74.75,"(115.02346040404584, 35.74277811063885)","(115.12976013189827, 35.79183295760562)",河南省,濮阳市,134,1,11946,large,-1.3877787807814457e-17,39,19.476255198394643
410900010147,23路(公交新东站--站前路京开道口),23,公交新东站,站前路京开道口,2025-01-20 07:09:00,2025-01-20 08:20:46,19597.0,16.383929400836042,71.76666666666667,"(115.1300125157934, 35.79182030983196)","(115.02403141834563, 35.74270460315986)",河南省,濮阳市,135,1,11584,large,0.03800000000000002,37,19.540094651277286
410900010147,23路(公交新东站--站前路京开道口),23,公交新东站,站前路京开道口,2025-01-20 07:29:00,2025-01-20 08:40:46,19597.0,16.383929400836042,71.76666666666667,"(115.1300125157934, 35.79182030983196)","(115.02403141834563, 35.74270460315986)",河南省,濮阳市,136,1,11584,large,0.03800000000000002,37,19.540094651277286
410900010148,23路(站前路京开道口--公交新东站),23,站前路京开道口,公交新东站,2025-01-20 07:29:00,2025-01-20 08:43:45,19373.0,15.550234113712376,74.75,"(115.02346040404584, 35.74277811063885)","(115.12976013189827, 35.79183295760562)",河南省,濮阳市,137,1,11946,large,-1.3877787807814457e-17,39,19.476255198394643
410900010147,23路(公交新东站--站前路京开道口),23,公交新东站,站前路京开道口,2025-01-20 07:43:00,2025-01-20 08:54:46,19597.0,16.383929400836042,71.76666666666667,"(115.1300125157934, 35.79182030983196)","(115.02403141834563, 35.74270460315986)",河南省,濮阳市,130,2,11584,large,0.03800000000000002,37,19.540094651277286
410900010148,23路(站前路京开道口--公交新东站),23,站前路京开道口,公交新东站,2025-01-20 07:53:00,2025-01-20 09:07:45,19373.0,15.550234113712376,74.75,"(115.02346040404584, 35.74277811063885)","(115.12976013189827, 35.79183295760562)",河南省,濮阳市,131,2,11946,large,-1.3877787807814457e-17,39,19.476255198394643
410900010147,23路(公交新东站--站前路京开道口),23,公交新东站,站前路京开道口,2025-01-20 08:04:00,2025-01-20 09:15:46,19597.0,16.383929400836042,71.76666666666667,"(115.1300125157934, 35.79182030983196)","(115.02403141834563, 35.74270460315986)",河南省,濮阳市,132,2,11584,large,0.03800000000000002,37,19.540094651277286
410900010147,23路(公交新东站--站前路京开道口),23,公交新东站,站前路京开道口,2025-01-20 08:15:00,2025-01-20 09:26:46,19597.0,16.383929400836042,71.76666666666667,"(115.1300125157934, 35.79182030983196)","(115.02403141834563, 35.74270460315986)",河南省,濮阳市,138,1,11584,large,0.03800000000000002,37,19.540094651277286
410900010148,23路(站前路京开道口--公交新东站),23,站前路京开道口,公交新东站,2025-01-20 08:19:00,2025-01-20 09:33:45,19373.0,15.550234113712376,74.75,"(115.02346040404584, 35.74277811063885)","(115.12976013189827, 35.79183295760562)",河南省,濮阳市,133,2,11946,large,-1.3877787807814457e-17,39,19.476255198394643
410900010147,23路(公交新东站--站前路京开道口),23,公交新东站,站前路京开道口,2025-01-20 08:30:00,2025-01-20 09:41:46,19597.0,16.383929400836042,71.76666666666667,"(115.1300125157934, 35.79182030983196)","(115.02403141834563, 35.74270460315986)",河南省,濮阳市,134,2,11584,large,0.03800000000000002,37,19.540094651277286
410900010148,23路(站前路京开道口--公交新东站),23,站前路京开道口,公交新东站,2025-01-20 08:39:00,2025-01-20 09:53:45,19373.0,15.550234113712376,74.75,"(115.02346040404584, 35.74277811063885)","(115.12976013189827, 35.79183295760562)",河南省,濮阳市,135,2,11946,large,-1.3877787807814457e-17,39,19.476255198394643
410900010147,23路(公交新东站--站前路京开道口),23,公交新东站,站前路京开道口,2025-01-20 08:46:00,2025-01-20 09:57:46,19597.0,16.383929400836042,71.76666666666667,"(115.1300125157934, 35.79182030983196)","(115.02403141834563, 35.74270460315986)",河南省,濮阳市,139,1,11584,large,0.03800000000000002,37,19.540094651277286
410900010148,23路(站前路京开道口--公交新东站),23,站前路京开道口,公交新东站,2025-01-20 08:55:00,2025-01-20 10:09:45,19373.0,15.550234113712376,74.75,"(115.02346040404584, 35.74277811063885)","(115.12976013189827, 35.79183295760562)",河南省,濮阳市,136,2,11946,large,-1.3877787807814457e-17,39,19.476255198394643
410900010147,23路(公交新东站--站前路京开道口),23,公交新东站,站前路京开道口,2025-01-20 09:04:00,2025-01-20 10:09:23,19597.0,17.983482029059395,65.38333333333334,"(115.1300125157934, 35.79182030983196)","(115.02403141834563, 35.74270460315986)",河南省,濮阳市,137,2,11584,large,0.03800000000000002,37,19.759519681264337
410900010148,23路(站前路京开道口--公交新东站),23,站前路京开道口,公交新东站,2025-01-20 09:04:00,2025-01-20 10:09:40,19373.0,17.701218274111675,65.66666666666667,"(115.02346040404584, 35.74277811063885)","(115.12976013189827, 35.79183295760562)",河南省,濮阳市,130,3,11946,large,-1.3877787807814457e-17,39,19.767952311370554
410900010148,23路(站前路京开道口--公交新东站),23,站前路京开道口,公交新东站,2025-01-20 09:17:00,2025-01-20 10:22:40,19373.0,17.701218274111675,65.66666666666667,"(115.02346040404584, 35.74277811063885)","(115.12976013189827, 35.79183295760562)",河南省,濮阳市,140,1,11946,large,-1.3877787807814457e-17,39,19.767952311370554
410900010148,23路(站前路京开道口--公交新东站),23,站前路京开道口,公交新东站,2025-01-20 09:32:00,2025-01-20 10:37:40,19373.0,17.701218274111675,65.66666666666667,"(115.02346040404584, 35.74277811063885)","(115.12976013189827, 35.79183295760562)",河南省,濮阳市,138,2,11946,large,-1.3877787807814457e-17,39,19.767952311370554
410900010147,23路(公交新东站--站前路京开道口),23,公交新东站,站前路京开道口,2025-01-20 09:40:00,2025-01-20 10:45:23,19597.0,17.983482029059395,65.38333333333334,"(115.1300125157934, 35.79182030983196)","(115.02403141834563, 35.74270460315986)",河南省,濮阳市,133,3,11584,large,0.03800000000000002,37,19.759519681264337
410900010148,23路(站前路京开道口--公交新东站),23,站前路京开道口,公交新东站,2025-01-20 09:47:00,2025-01-20 10:52:40,19373.0,17.701218274111675,65.66666666666667,"(115.02346040404584, 35.74277811063885)","(115.12976013189827, 35.79183295760562)",河南省,濮阳市,134,3,11946,large,-1.3877787807814457e-17,39,19.767952311370554
410900010147,23路(公交新东站--站前路京开道口),23,公交新东站,站前路京开道口,2025-01-20 09:57:00,2025-01-20 11:02:23,19597.0,17.983482029059395,65.38333333333334,"(115.1300125157934, 35.79182030983196)","(115.02403141834563, 35.74270460315986)",河南省,濮阳市,141,1,11584,large,0.03800000000000002,37,19.759519681264337
410900010148,23路(站前路京开道口--公交新东站),23,站前路京开道口,公交新东站,2025-01-20 10:02:00,2025-01-20 11:07:40,19373.0,17.701218274111675,65.66666666666667,"(115.02346040404584, 35.74277811063885)","(115.12976013189827, 35.79183295760562)",河南省,濮阳市,142,1,11946,large,-1.3877787807814457e-17,39,19.767952311370554
410900010148,23路(站前路京开道口--公交新东站),23,站前路京开道口,公交新东站,2025-01-20 10:19:00,2025-01-20 11:24:40,19373.0,17.701218274111675,65.66666666666667,"(115.02346040404584, 35.74277811063885)","(115.12976013189827, 35.79183295760562)",河南省,濮阳市,139,2,11946,large,-1.3877787807814457e-17,39,19.767952311370554
410900010147,23路(公交新东站--站前路京开道口),23,公交新东站,站前路京开道口,2025-01-20 10:27:00,2025-01-20 11:32:23,19597.0,17.983482029059395,65.38333333333334,"(115.1300125157934, 35.79182030983196)","(115.02403141834563, 35.74270460315986)",河南省,濮阳市,136,3,11584,large,0.03800000000000002,37,19.759519681264337
410900010147,23路(公交新东站--站前路京开道口),23,公交新东站,站前路京开道口,2025-01-20 10:36:00,2025-01-20 11:41:23,19597.0,17.983482029059395,65.38333333333334,"(115.1300125157934, 35.79182030983196)","(115.02403141834563, 35.74270460315986)",河南省,濮阳市,140,2,11584,large,0.03800000000000002,37,19.759519681264337
410900010148,23路(站前路京开道口--公交新东站),23,站前路京开道口,公交新东站,2025-01-20 10:46:00,2025-01-20 11:51:40,19373.0,17.701218274111675,65.66666666666667,"(115.02346040404584, 35.74277811063885)","(115.12976013189827, 35.79183295760562)",河南省,濮阳市,143,1,11946,large,-1.3877787807814457e-17,39,19.767952311370554
410900010147,23路(公交新东站--站前路京开道口),23,公交新东站,站前路京开道口,2025-01-20 10:54:00,2025-01-20 11:59:23,19597.0,17.983482029059395,65.38333333333334,"(115.1300125157934, 35.79182030983196)","(115.02403141834563, 35.74270460315986)",河南省,濮阳市,138,3,11584,large,0.03800000000000002,37,19.759519681264337
410900010148,23路(站前路京开道口--公交新东站),23,站前路京开道口,公交新东站,2025-01-20 11:09:00,2025-01-20 12:14:40,19373.0,17.701218274111675,65.66666666666667,"(115.02346040404584, 35.74277811063885)","(115.12976013189827, 35.79183295760562)",河南省,濮阳市,141,2,11946,large,-1.3877787807814457e-17,39,19.767952311370554
410900010147,23路(公交新东站--站前路京开道口),23,公交新东站,站前路京开道口,2025-01-20 11:13:00,2025-01-20 12:18:23,19597.0,17.983482029059395,65.38333333333334,"(115.1300125157934, 35.79182030983196)","(115.02403141834563, 35.74270460315986)",河南省,濮阳市,142,2,11584,large,0.03800000000000002,37,19.759519681264337
410900010148,23路(站前路京开道口--公交新东站),23,站前路京开道口,公交新东站,2025-01-20 11:33:00,2025-01-20 12:38:40,19373.0,17.701218274111675,65.66666666666667,"(115.02346040404584, 35.74277811063885)","(115.12976013189827, 35.79183295760562)",河南省,濮阳市,144,1,11946,large,-1.3877787807814457e-17,39,19.767952311370554
410900010147,23路(公交新东站--站前路京开道口),23,公交新东站,站前路京开道口,2025-01-20 11:34:00,2025-01-20 12:39:23,19597.0,17.983482029059395,65.38333333333334,"(115.1300125157934, 35.79182030983196)","(115.02403141834563, 35.74270460315986)",河南省,濮阳市,139,3,11584,large,0.03800000000000002,37,19.759519681264337
410900010147,23路(公交新东站--站前路京开道口),23,公交新东站,站前路京开道口,2025-01-20 11:52:00,2025-01-20 12:57:23,19597.0,17.983482029059395,65.38333333333334,"(115.1300125157934, 35.79182030983196)","(115.02403141834563, 35.74270460315986)",河南省,濮阳市,145,1,11584,large,0.03800000000000002,37,19.759519681264337
410900010148,23路(站前路京开道口--公交新东站),23,站前路京开道口,公交新东站,2025-01-20 11:53:00,2025-01-20 12:58:40,19373.0,17.701218274111675,65.66666666666667,"(115.02346040404584, 35.74277811063885)","(115.12976013189827, 35.79183295760562)",河南省,濮阳市,140,3,11946,large,-1.3877787807814457e-17,39,19.767952311370554
410900010147,23路(公交新东站--站前路京开道口),23,公交新东站,站前路京开道口,2025-01-20 12:10:00,2025-01-20 13:15:23,19597.0,17.983482029059395,65.38333333333334,"(115.1300125157934, 35.79182030983196)","(115.02403141834563, 35.74270460315986)",河南省,濮阳市,143,2,11584,large,0.03800000000000002,37,19.759519681264337
410900010148,23路(站前路京开道口--公交新东站),23,站前路京开道口,公交新东站,2025-01-20 12:14:00,2025-01-20 13:19:40,19373.0,17.701218274111675,65.66666666666667,"(115.02346040404584, 35.74277811063885)","(115.12976013189827, 35.79183295760562)",河南省,濮阳市,138,4,11946,large,-1.3877787807814457e-17,39,19.767952311370554
410900010148,23路(站前路京开道口--公交新东站),23,站前路京开道口,公交新东站,2025-01-20 12:31:00,2025-01-20 13:36:40,19373.0,17.701218274111675,65.66666666666667,"(115.02346040404584, 35.74277811063885)","(115.12976013189827, 35.79183295760562)",河南省,濮阳市,142,3,11946,large,-1.3877787807814457e-17,39,19.767952311370554
410900010147,23路(公交新东站--站前路京开道口),23,公交新东站,站前路京开道口,2025-01-20 12:36:00,2025-01-20 13:41:23,19597.0,17.983482029059395,65.38333333333334,"(115.1300125157934, 35.79182030983196)","(115.02403141834563, 35.74270460315986)",河南省,濮阳市,141,3,11584,large,0.03800000000000002,37,19.759519681264337
410900010148,23路(站前路京开道口--公交新东站),23,站前路京开道口,公交新东站,2025-01-20 12:50:00,2025-01-20 13:55:40,19373.0,17.701218274111675,65.66666666666667,"(115.02346040404584, 35.74277811063885)","(115.12976013189827, 35.79183295760562)",河南省,濮阳市,139,4,11946,large,-1.3877787807814457e-17,39,19.767952311370554
410900010147,23路(公交新东站--站前路京开道口),23,公交新东站,站前路京开道口,2025-01-20 13:00:00,2025-01-20 14:05:23,19597.0,17.983482029059395,65.38333333333334,"(115.1300125157934, 35.79182030983196)","(115.02403141834563, 35.74270460315986)",河南省,濮阳市,144,2,11584,large,0.03800000000000002,37,19.759519681264337
410900010148,23路(站前路京开道口--公交新东站),23,站前路京开道口,公交新东站,2025-01-20 13:08:00,2025-01-20 14:13:40,19373.0,17.701218274111675,65.66666666666667,"(115.02346040404584, 35.74277811063885)","(115.12976013189827, 35.79183295760562)",河南省,濮阳市,145,2,11946,large,-1.3877787807814457e-17,39,19.767952311370554
410900010147,23路(公交新东站--站前路京开道口),23,公交新东站,站前路京开道口,2025-01-20 13:27:00,2025-01-20 14:32:23,19597.0,17.983482029059395,65.38333333333334,"(115.1300125157934, 35.79182030983196)","(115.02403141834563, 35.74270460315986)",河南省,濮阳市,140,4,11584,large,0.03800000000000002,37,19.759519681264337
410900010148,23路(站前路京开道口--公交新东站),23,站前路京开道口,公交新东站,2025-01-20 13:27:00,2025-01-20 14:32:40,19373.0,17.701218274111675,65.66666666666667,"(115.02346040404584, 35.74277811063885)","(115.12976013189827, 35.79183295760562)",河南省,濮阳市,143,3,11946,large,-1.3877787807814457e-17,39,19.767952311370554
410900010147,23路(公交新东站--站前路京开道口),23,公交新东站,站前路京开道口,2025-01-20 13:43:00,2025-01-20 14:48:23,19597.0,17.983482029059395,65.38333333333334,"(115.1300125157934, 35.79182030983196)","(115.02403141834563, 35.74270460315986)",河南省,濮阳市,142,4,11584,large,0.03800000000000002,37,19.759519681264337
410900010148,23路(站前路京开道口--公交新东站),23,站前路京开道口,公交新东站,2025-01-20 13:52:00,2025-01-20 14:57:40,19373.0,17.701218274111675,65.66666666666667,"(115.02346040404584, 35.74277811063885)","(115.12976013189827, 35.79183295760562)",河南省,濮阳市,141,4,11946,large,-1.3877787807814457e-17,39,19.767952311370554
410900010147,23路(公交新东站--站前路京开道口),23,公交新东站,站前路京开道口,2025-01-20 13:59:00,2025-01-20 15:04:23,19597.0,17.983482029059395,65.38333333333334,"(115.1300125157934, 35.79182030983196)","(115.02403141834563, 35.74270460315986)",河南省,濮阳市,146,1,11584,large,0.03800000000000002,37,19.759519681264337
410900010147,23路(公交新东站--站前路京开道口),23,公交新东站,站前路京开道口,2025-01-20 14:13:00,2025-01-20 15:18:23,19597.0,17.983482029059395,65.38333333333334,"(115.1300125157934, 35.79182030983196)","(115.02403141834563, 35.74270460315986)",河南省,濮阳市,139,5,11584,large,0.03800000000000002,37,19.759519681264337
410900010148,23路(站前路京开道口--公交新东站),23,站前路京开道口,公交新东站,2025-01-20 14:17:00,2025-01-20 15:22:40,19373.0,17.701218274111675,65.66666666666667,"(115.02346040404584, 35.74277811063885)","(115.12976013189827, 35.79183295760562)",河南省,濮阳市,144,3,11946,large,-1.3877787807814457e-17,39,19.767952311370554
410900010147,23路(公交新东站--站前路京开道口),23,公交新东站,站前路京开道口,2025-01-20 14:27:00,2025-01-20 15:32:23,19597.0,17.983482029059395,65.38333333333334,"(115.1300125157934, 35.79182030983196)","(115.02403141834563, 35.74270460315986)",河南省,濮阳市,145,3,11584,large,0.03800000000000002,37,19.759519681264337
410900010147,23路(公交新东站--站前路京开道口),23,公交新东站,站前路京开道口,2025-01-20 14:42:00,2025-01-20 15:47:23,19597.0,17.983482029059395,65.38333333333334,"(115.1300125157934, 35.79182030983196)","(115.02403141834563, 35.74270460315986)",河南省,濮阳市,143,4,11584,large,0.03800000000000002,37,19.759519681264337
410900010148,23路(站前路京开道口--公交新东站),23,站前路京开道口,公交新东站,2025-01-20 14:44:00,2025-01-20 15:49:40,19373.0,17.701218274111675,65.66666666666667,"(115.02346040404584, 35.74277811063885)","(115.12976013189827, 35.79183295760562)",河南省,濮阳市,140,5,11946,large,-1.3877787807814457e-17,39,19.767952311370554
410900010147,23路(公交新东站--站前路京开道口),23,公交新东站,站前路京开道口,2025-01-20 14:59:00,2025-01-20 16:04:23,19597.0,17.983482029059395,65.38333333333334,"(115.1300125157934, 35.79182030983196)","(115.02403141834563, 35.74270460315986)",河南省,濮阳市,147,1,11584,large,0.03800000000000002,37,19.759519681264337
410900010148,23路(站前路京开道口--公交新东站),23,站前路京开道口,公交新东站,2025-01-20 15:02:00,2025-01-20 16:07:40,19373.0,17.701218274111675,65.66666666666667,"(115.02346040404584, 35.74277811063885)","(115.12976013189827, 35.79183295760562)",河南省,濮阳市,142,5,11946,large,-1.3877787807814457e-17,39,19.767952311370554
410900010148,23路(站前路京开道口--公交新东站),23,站前路京开道口,公交新东站,2025-01-20 15:19:00,2025-01-20 16:24:40,19373.0,17.701218274111675,65.66666666666667,"(115.02346040404584, 35.74277811063885)","(115.12976013189827, 35.79183295760562)",河南省,濮阳市,146,2,11946,large,-1.3877787807814457e-17,39,19.767952311370554
410900010147,23路(公交新东站--站前路京开道口),23,公交新东站,站前路京开道口,2025-01-20 15:21:00,2025-01-20 16:26:23,19597.0,17.983482029059395,65.38333333333334,"(115.1300125157934, 35.79182030983196)","(115.02403141834563, 35.74270460315986)",河南省,濮阳市,141,5,11584,large,0.03800000000000002,37,19.759519681264337
410900010148,23路(站前路京开道口--公交新东站),23,站前路京开道口,公交新东站,2025-01-20 15:37:00,2025-01-20 16:42:40,19373.0,17.701218274111675,65.66666666666667,"(115.02346040404584, 35.74277811063885)","(115.12976013189827, 35.79183295760562)",河南省,濮阳市,139,6,11946,large,-1.3877787807814457e-17,39,19.767952311370554
410900010147,23路(公交新东站--站前路京开道口),23,公交新东站,站前路京开道口,2025-01-20 15:44:00,2025-01-20 16:49:23,19597.0,17.983482029059395,65.38333333333334,"(115.1300125157934, 35.79182030983196)","(115.02403141834563, 35.74270460315986)",河南省,濮阳市,144,4,11584,large,0.03800000000000002,37,19.759519681264337
410900010148,23路(站前路京开道口--公交新东站),23,站前路京开道口,公交新东站,2025-01-20 15:56:00,2025-01-20 17:01:40,19373.0,17.701218274111675,65.66666666666667,"(115.02346040404584, 35.74277811063885)","(115.12976013189827, 35.79183295760562)",河南省,濮阳市,145,4,11946,large,-1.3877787807814457e-17,39,19.767952311370554
410900010147,23路(公交新东站--站前路京开道口),23,公交新东站,站前路京开道口,2025-01-20 16:07:00,2025-01-20 17:12:23,19597.0,17.983482029059395,65.38333333333334,"(115.1300125157934, 35.79182030983196)","(115.02403141834563, 35.74270460315986)",河南省,濮阳市,140,6,11584,large,0.03800000000000002,37,19.759519681264337
410900010148,23路(站前路京开道口--公交新东站),23,站前路京开道口,公交新东站,2025-01-20 16:13:00,2025-01-20 17:18:40,19373.0,17.701218274111675,65.66666666666667,"(115.02346040404584, 35.74277811063885)","(115.12976013189827, 35.79183295760562)",河南省,濮阳市,147,2,11946,large,-1.3877787807814457e-17,39,19.767952311370554
410900010147,23路(公交新东站--站前路京开道口),23,公交新东站,站前路京开道口,2025-01-20 16:23:00,2025-01-20 17:28:23,19597.0,17.983482029059395,65.38333333333334,"(115.1300125157934, 35.79182030983196)","(115.02403141834563, 35.74270460315986)",河南省,濮阳市,142,6,11584,large,0.03800000000000002,37,19.759519681264337
410900010148,23路(站前路京开道口--公交新东站),23,站前路京开道口,公交新东站,2025-01-20 16:30:00,2025-01-20 17:35:40,19373.0,17.701218274111675,65.66666666666667,"(115.02346040404584, 35.74277811063885)","(115.12976013189827, 35.79183295760562)",河南省,濮阳市,148,1,11946,large,-1.3877787807814457e-17,39,19.767952311370554
410900010147,23路(公交新东站--站前路京开道口),23,公交新东站,站前路京开道口,2025-01-20 16:40:00,2025-01-20 17:45:23,19597.0,17.983482029059395,65.38333333333334,"(115.1300125157934, 35.79182030983196)","(115.02403141834563, 35.74270460315986)",河南省,濮阳市,146,3,11584,large,0.03800000000000002,37,19.759519681264337
410900010148,23路(站前路京开道口--公交新东站),23,站前路京开道口,公交新东站,2025-01-20 16:53:00,2025-01-20 17:58:40,19373.0,17.701218274111675,65.66666666666667,"(115.02346040404584, 35.74277811063885)","(115.12976013189827, 35.79183295760562)",河南省,濮阳市,141,6,11946,large,-1.3877787807814457e-17,39,19.767952311370554
410900010147,23路(公交新东站--站前路京开道口),23,公交新东站,站前路京开道口,2025-01-20 17:02:00,2025-01-20 18:13:46,19597.0,16.383929400836042,71.76666666666667,"(115.1300125157934, 35.79182030983196)","(115.02403141834563, 35.74270460315986)",河南省,濮阳市,139,7,11584,large,0.03800000000000002,37,19.540094651277286
410900010148,23路(站前路京开道口--公交新东站),23,站前路京开道口,公交新东站,2025-01-20 17:16:00,2025-01-20 18:30:45,19373.0,15.550234113712376,74.75,"(115.02346040404584, 35.74277811063885)","(115.12976013189827, 35.79183295760562)",河南省,濮阳市,144,5,11946,large,-1.3877787807814457e-17,39,19.476255198394643
410900010147,23路(公交新东站--站前路京开道口),23,公交新东站,站前路京开道口,2025-01-20 17:32:00,2025-01-20 18:43:46,19597.0,16.383929400836042,71.76666666666667,"(115.1300125157934, 35.79182030983196)","(115.02403141834563, 35.74270460315986)",河南省,濮阳市,147,3,11584,large,0.03800000000000002,37,19.540094651277286
410900010148,23路(站前路京开道口--公交新东站),23,站前路京开道口,公交新东站,2025-01-20 17:39:00,2025-01-20 18:53:45,19373.0,15.550234113712376,74.75,"(115.02346040404584, 35.74277811063885)","(115.12976013189827, 35.79183295760562)",河南省,濮阳市,142,7,11946,large,-1.3877787807814457e-17,39,19.476255198394643
410900010147,23路(公交新东站--站前路京开道口),23,公交新东站,站前路京开道口,2025-01-20 17:48:00,2025-01-20 18:59:46,19597.0,16.383929400836042,71.76666666666667,"(115.1300125157934, 35.79182030983196)","(115.02403141834563, 35.74270460315986)",河南省,濮阳市,148,2,11584,large,0.03800000000000002,37,19.540094651277286
410900010148,23路(站前路京开道口--公交新东站),23,站前路京开道口,公交新东站,2025-01-20 17:55:00,2025-01-20 19:09:45,19373.0,15.550234113712376,74.75,"(115.02346040404584, 35.74277811063885)","(115.12976013189827, 35.79183295760562)",河南省,濮阳市,146,4,11946,large,-1.3877787807814457e-17,39,19.476255198394643
410900010147,23路(公交新东站--站前路京开道口),23,公交新东站,站前路京开道口,2025-01-20 18:09:00,2025-01-20 19:20:46,19597.0,16.383929400836042,71.76666666666667,"(115.1300125157934, 35.79182030983196)","(115.02403141834563, 35.74270460315986)",河南省,濮阳市,141,7,11584,large,0.03800000000000002,37,19.540094651277286
410900010148,23路(站前路京开道口--公交新东站),23,站前路京开道口,公交新东站,2025-01-20 18:16:00,2025-01-20 19:30:45,19373.0,15.550234113712376,74.75,"(115.02346040404584, 35.74277811063885)","(115.12976013189827, 35.79183295760562)",河南省,濮阳市,149,1,11946,large,-1.3877787807814457e-17,39,19.476255198394643
410900010147,23路(公交新东站--站前路京开道口),23,公交新东站,站前路京开道口,2025-01-20 18:32:00,2025-01-20 19:43:46,19597.0,16.383929400836042,71.76666666666667,"(115.1300125157934, 35.79182030983196)","(115.02403141834563, 35.74270460315986)",河南省,濮阳市,150,1,11584,large,0.03800000000000002,37,19.540094651277286
410900010148,23路(站前路京开道口--公交新东站),23,站前路京开道口,公交新东站,2025-01-20 18:38:00,2025-01-20 19:52:45,19373.0,15.550234113712376,74.75,"(115.02346040404584, 35.74277811063885)","(115.12976013189827, 35.79183295760562)",河南省,濮阳市,139,8,11946,large,-1.3877787807814457e-17,39,19.476255198394643
410900010147,23路(公交新东站--站前路京开道口),23,公交新东站,站前路京开道口,2025-01-20 18:45:00,2025-01-20 19:56:46,19597.0,16.383929400836042,71.76666666666667,"(115.1300125157934, 35.79182030983196)","(115.02403141834563, 35.74270460315986)",河南省,濮阳市,144,6,11584,large,0.03800000000000002,37,19.540094651277286
410900010148,23路(站前路京开道口--公交新东站),23,站前路京开道口,公交新东站,2025-01-20 19:00:00,2025-01-20 20:05:40,19373.0,17.701218274111675,65.66666666666667,"(115.02346040404584, 35.74277811063885)","(115.12976013189827, 35.79183295760562)",河南省,濮阳市,147,4,11946,large,-1.3877787807814457e-17,39,19.767952311370554
410900010147,23路(公交新东站--站前路京开道口),23,公交新东站,站前路京开道口,2025-01-20 19:00:00,2025-01-20 20:05:23,19597.0,17.983482029059395,65.38333333333334,"(115.1300125157934, 35.79182030983196)","(115.02403141834563, 35.74270460315986)",河南省,濮阳市,142,8,11584,large,0.03800000000000002,37,19.759519681264337
410900010150,26路(采油五厂--京开道站前路口),26,采油五厂,京开道站前路口,2025-01-20 06:30:00,2025-01-20 07:34:12,17698.0,16.54018691588785,64.2,"(115.09227639107662, 35.73258710963305)","(115.02552625911481, 35.74257366920001)",河南省,濮阳市,151,1,14997,large,0.037999999999999985,33,17.61657999626168
410900010149,26路(京开道站前路口--采油五厂),26,京开道站前路口,采油五厂,2025-01-20 06:30:00,2025-01-20 07:24:04,17618.0,19.55141800246609,54.06666666666667,"(115.02591986281618, 35.742996457202146)","(115.09212546517008, 35.73217528208595)",河南省,濮阳市,152,1,6733,large,-0.07599999999999993,35,18.06957657657213
410900010149,26路(京开道站前路口--采油五厂),26,京开道站前路口,采油五厂,2025-01-20 06:52:00,2025-01-20 07:46:04,17618.0,19.55141800246609,54.06666666666667,"(115.02591986281618, 35.742996457202146)","(115.09212546517008, 35.73217528208595)",河南省,濮阳市,153,1,6733,large,-0.07599999999999993,35,18.06957657657213
410900010150,26路(采油五厂--京开道站前路口),26,采油五厂,京开道站前路口,2025-01-20 07:06:00,2025-01-20 08:15:53,17698.0,15.195039351299783,69.88333333333334,"(115.09227639107662, 35.73258710963305)","(115.02552625911481, 35.74257366920001)",河南省,濮阳市,154,1,14997,large,0.037999999999999985,33,17.449935045075122
410900010149,26路(京开道站前路口--采油五厂),26,京开道站前路口,采油五厂,2025-01-20 07:15:00,2025-01-20 08:26:29,17618.0,14.787782699930052,71.48333333333333,"(115.02591986281618, 35.742996457202146)","(115.09212546517008, 35.73217528208595)",河南省,濮阳市,155,1,6733,large,-0.07599999999999993,35,17.48209648925157
410900010150,26路(采油五厂--京开道站前路口),26,采油五厂,京开道站前路口,2025-01-20 07:37:00,2025-01-20 08:46:53,17698.0,15.195039351299783,69.88333333333334,"(115.09227639107662, 35.73258710963305)","(115.02552625911481, 35.74257366920001)",河南省,濮阳市,152,2,14997,large,0.037999999999999985,33,17.449935045075122
410900010149,26路(京开道站前路口--采油五厂),26,京开道站前路口,采油五厂,2025-01-20 07:43:00,2025-01-20 08:54:29,17618.0,14.787782699930052,71.48333333333333,"(115.02591986281618, 35.742996457202146)","(115.09212546517008, 35.73217528208595)",河南省,濮阳市,151,2,6733,large,-0.07599999999999993,35,17.48209648925157
410900010150,26路(采油五厂--京开道站前路口),26,采油五厂,京开道站前路口,2025-01-20 08:00:00,2025-01-20 09:09:53,17698.0,15.195039351299783,69.88333333333334,"(115.09227639107662, 35.73258710963305)","(115.02552625911481, 35.74257366920001)",河南省,濮阳市,153,2,14997,large,0.037999999999999985,33,17.449935045075122
410900010149,26路(京开道站前路口--采油五厂),26,京开道站前路口,采油五厂,2025-01-20 08:20:00,2025-01-20 09:31:29,17618.0,14.787782699930052,71.48333333333333,"(115.02591986281618, 35.742996457202146)","(115.09212546517008, 35.73217528208595)",河南省,濮阳市,156,1,6733,large,-0.07599999999999993,35,17.48209648925157
410900010150,26路(采油五厂--京开道站前路口),26,采油五厂,京开道站前路口,2025-01-20 08:23:00,2025-01-20 09:32:53,17698.0,15.195039351299783,69.88333333333334,"(115.09227639107662, 35.73258710963305)","(115.02552625911481, 35.74257366920001)",河南省,濮阳市,157,1,14997,large,0.037999999999999985,33,17.449935045075122
410900010150,26路(采油五厂--京开道站前路口),26,采油五厂,京开道站前路口,2025-01-20 08:46:00,2025-01-20 09:55:53,17698.0,15.195039351299783,69.88333333333334,"(115.09227639107662, 35.73258710963305)","(115.02552625911481, 35.74257366920001)",河南省,濮阳市,155,2,14997,large,0.037999999999999985,33,17.449935045075122
410900010149,26路(京开道站前路口--采油五厂),26,京开道站前路口,采油五厂,2025-01-20 08:49:00,2025-01-20 10:00:29,17618.0,14.787782699930052,71.48333333333333,"(115.02591986281618, 35.742996457202146)","(115.09212546517008, 35.73217528208595)",河南省,濮阳市,154,2,6733,large,-0.07599999999999993,35,17.48209648925157
410900010150,26路(采油五厂--京开道站前路口),26,采油五厂,京开道站前路口,2025-01-20 09:09:00,2025-01-20 10:13:12,17698.0,16.54018691588785,64.2,"(115.09227639107662, 35.73258710963305)","(115.02552625911481, 35.74257366920001)",河南省,濮阳市,151,3,14997,large,0.037999999999999985,33,17.61657999626168
410900010149,26路(京开道站前路口--采油五厂),26,京开道站前路口,采油五厂,2025-01-20 09:14:00,2025-01-20 10:08:04,17618.0,19.55141800246609,54.06666666666667,"(115.02591986281618, 35.742996457202146)","(115.09212546517008, 35.73217528208595)",河南省,濮阳市,152,3,6733,large,-0.07599999999999993,35,18.06957657657213
410900010150,26路(采油五厂--京开道站前路口),26,采油五厂,京开道站前路口,2025-01-20 09:33:00,2025-01-20 10:37:12,17698.0,16.54018691588785,64.2,"(115.09227639107662, 35.73258710963305)","(115.02552625911481, 35.74257366920001)",河南省,濮阳市,158,1,14997,large,0.037999999999999985,33,17.61657999626168
410900010149,26路(京开道站前路口--采油五厂),26,京开道站前路口,采油五厂,2025-01-20 09:39:00,2025-01-20 10:33:04,17618.0,19.55141800246609,54.06666666666667,"(115.02591986281618, 35.742996457202146)","(115.09212546517008, 35.73217528208595)",河南省,濮阳市,157,2,6733,large,-0.07599999999999993,35,18.06957657657213
410900010150,26路(采油五厂--京开道站前路口),26,采油五厂,京开道站前路口,2025-01-20 09:57:00,2025-01-20 11:01:12,17698.0,16.54018691588785,64.2,"(115.09227639107662, 35.73258710963305)","(115.02552625911481, 35.74257366920001)",河南省,濮阳市,156,2,14997,large,0.037999999999999985,33,17.61657999626168
410900010149,26路(京开道站前路口--采油五厂),26,京开道站前路口,采油五厂,2025-01-20 10:09:00,2025-01-20 11:03:04,17618.0,19.55141800246609,54.06666666666667,"(115.02591986281618, 35.742996457202146)","(115.09212546517008, 35.73217528208595)",河南省,濮阳市,155,3,6733,large,-0.07599999999999993,35,18.06957657657213
410900010150,26路(采油五厂--京开道站前路口),26,采油五厂,京开道站前路口,2025-01-20 10:22:00,2025-01-20 11:26:12,17698.0,16.54018691588785,64.2,"(115.09227639107662, 35.73258710963305)","(115.02552625911481, 35.74257366920001)",河南省,濮阳市,154,3,14997,large,0.037999999999999985,33,17.61657999626168
410900010149,26路(京开道站前路口--采油五厂),26,京开道站前路口,采油五厂,2025-01-20 10:41:00,2025-01-20 11:35:04,17618.0,19.55141800246609,54.06666666666667,"(115.02591986281618, 35.742996457202146)","(115.09212546517008, 35.73217528208595)",河南省,濮阳市,151,4,6733,large,-0.07599999999999993,35,18.06957657657213
410900010150,26路(采油五厂--京开道站前路口),26,采油五厂,京开道站前路口,2025-01-20 10:47:00,2025-01-20 11:51:12,17698.0,16.54018691588785,64.2,"(115.09227639107662, 35.73258710963305)","(115.02552625911481, 35.74257366920001)",河南省,濮阳市,157,3,14997,large,0.037999999999999985,33,17.61657999626168
410900010149,26路(京开道站前路口--采油五厂),26,京开道站前路口,采油五厂,2025-01-20 11:13:00,2025-01-20 12:07:04,17618.0,19.55141800246609,54.06666666666667,"(115.02591986281618, 35.742996457202146)","(115.09212546517008, 35.73217528208595)",河南省,濮阳市,158,2,6733,large,-0.07599999999999993,35,18.06957657657213
410900010150,26路(采油五厂--京开道站前路口),26,采油五厂,京开道站前路口,2025-01-20 11:17:00,2025-01-20 12:21:12,17698.0,16.54018691588785,64.2,"(115.09227639107662, 35.73258710963305)","(115.02552625911481, 35.74257366920001)",河南省,濮阳市,155,4,14997,large,0.037999999999999985,33,17.61657999626168
410900010149,26路(京开道站前路口--采油五厂),26,京开道站前路口,采油五厂,2025-01-20 11:45:00,2025-01-20 12:39:04,17618.0,19.55141800246609,54.06666666666667,"(115.02591986281618, 35.742996457202146)","(115.09212546517008, 35.73217528208595)",河南省,濮阳市,154,4,6733,large,-0.07599999999999993,35,18.06957657657213
410900010150,26路(采油五厂--京开道站前路口),26,采油五厂,京开道站前路口,2025-01-20 11:49:00,2025-01-20 12:53:12,17698.0,16.54018691588785,64.2,"(115.09227639107662, 35.73258710963305)","(115.02552625911481, 35.74257366920001)",河南省,濮阳市,151,5,14997,large,0.037999999999999985,33,17.61657999626168
410900010149,26路(京开道站前路口--采油五厂),26,京开道站前路口,采油五厂,2025-01-20 12:18:00,2025-01-20 13:12:04,17618.0,19.55141800246609,54.06666666666667,"(115.02591986281618, 35.742996457202146)","(115.09212546517008, 35.73217528208595)",河南省,濮阳市,157,4,6733,large,-0.07599999999999993,35,18.06957657657213
410900010150,26路(采油五厂--京开道站前路口),26,采油五厂,京开道站前路口,2025-01-20 12:21:00,2025-01-20 13:25:12,17698.0,16.54018691588785,64.2,"(115.09227639107662, 35.73258710963305)","(115.02552625911481, 35.74257366920001)",河南省,濮阳市,158,3,14997,large,0.037999999999999985,33,17.61657999626168
410900010149,26路(京开道站前路口--采油五厂),26,京开道站前路口,采油五厂,2025-01-20 12:49:00,2025-01-20 13:43:04,17618.0,19.55141800246609,54.06666666666667,"(115.02591986281618, 35.742996457202146)","(115.09212546517008, 35.73217528208595)",河南省,濮阳市,155,5,6733,large,-0.07599999999999993,35,18.06957657657213
410900010150,26路(采油五厂--京开道站前路口),26,采油五厂,京开道站前路口,2025-01-20 12:53:00,2025-01-20 13:57:12,17698.0,16.54018691588785,64.2,"(115.09227639107662, 35.73258710963305)","(115.02552625911481, 35.74257366920001)",河南省,濮阳市,154,5,14997,large,0.037999999999999985,33,17.61657999626168
410900010149,26路(京开道站前路口--采油五厂),26,京开道站前路口,采油五厂,2025-01-20 13:21:00,2025-01-20 14:15:04,17618.0,19.55141800246609,54.06666666666667,"(115.02591986281618, 35.742996457202146)","(115.09212546517008, 35.73217528208595)",河南省,濮阳市,151,6,6733,large,-0.07599999999999993,35,18.06957657657213
410900010150,26路(采油五厂--京开道站前路口),26,采油五厂,京开道站前路口,2025-01-20 13:24:00,2025-01-20 14:28:12,17698.0,16.54018691588785,64.2,"(115.09227639107662, 35.73258710963305)","(115.02552625911481, 35.74257366920001)",河南省,濮阳市,157,5,14997,large,0.037999999999999985,33,17.61657999626168
410900010149,26路(京开道站前路口--采油五厂),26,京开道站前路口,采油五厂,2025-01-20 13:53:00,2025-01-20 14:47:04,17618.0,19.55141800246609,54.06666666666667,"(115.02591986281618, 35.742996457202146)","(115.09212546517008, 35.73217528208595)",河南省,濮阳市,158,4,6733,large,-0.07599999999999993,35,18.06957657657213
410900010150,26路(采油五厂--京开道站前路口),26,采油五厂,京开道站前路口,2025-01-20 13:57:00,2025-01-20 15:01:12,17698.0,16.54018691588785,64.2,"(115.09227639107662, 35.73258710963305)","(115.02552625911481, 35.74257366920001)",河南省,濮阳市,155,6,14997,large,0.037999999999999985,33,17.61657999626168
410900010149,26路(京开道站前路口--采油五厂),26,京开道站前路口,采油五厂,2025-01-20 14:25:00,2025-01-20 15:19:04,17618.0,19.55141800246609,54.06666666666667,"(115.02591986281618, 35.742996457202146)","(115.09212546517008, 35.73217528208595)",河南省,濮阳市,154,6,6733,large,-0.07599999999999993,35,18.06957657657213
410900010150,26路(采油五厂--京开道站前路口),26,采油五厂,京开道站前路口,2025-01-20 14:34:00,2025-01-20 15:38:12,17698.0,16.54018691588785,64.2,"(115.09227639107662, 35.73258710963305)","(115.02552625911481, 35.74257366920001)",河南省,濮阳市,151,7,14997,large,0.037999999999999985,33,17.61657999626168
410900010149,26路(京开道站前路口--采油五厂),26,京开道站前路口,采油五厂,2025-01-20 14:48:00,2025-01-20 15:42:04,17618.0,19.55141800246609,54.06666666666667,"(115.02591986281618, 35.742996457202146)","(115.09212546517008, 35.73217528208595)",河南省,濮阳市,157,6,6733,large,-0.07599999999999993,35,18.06957657657213
410900010149,26路(京开道站前路口--采油五厂),26,京开道站前路口,采油五厂,2025-01-20 15:11:00,2025-01-20 16:05:04,17618.0,19.55141800246609,54.06666666666667,"(115.02591986281618, 35.742996457202146)","(115.09212546517008, 35.73217528208595)",河南省,濮阳市,155,7,6733,large,-0.07599999999999993,35,18.06957657657213
410900010150,26路(采油五厂--京开道站前路口),26,采油五厂,京开道站前路口,2025-01-20 15:24:00,2025-01-20 16:28:12,17698.0,16.54018691588785,64.2,"(115.09227639107662, 35.73258710963305)","(115.02552625911481, 35.74257366920001)",河南省,濮阳市,158,5,14997,large,0.037999999999999985,33,17.61657999626168
410900010149,26路(京开道站前路口--采油五厂),26,京开道站前路口,采油五厂,2025-01-20 15:34:00,2025-01-20 16:28:04,17618.0,19.55141800246609,54.06666666666667,"(115.02591986281618, 35.742996457202146)","(115.09212546517008, 35.73217528208595)",河南省,濮阳市,159,1,6733,large,-0.07599999999999993,35,18.06957657657213
410900010150,26路(采油五厂--京开道站前路口),26,采油五厂,京开道站前路口,2025-01-20 15:56:00,2025-01-20 17:00:12,17698.0,16.54018691588785,64.2,"(115.09227639107662, 35.73258710963305)","(115.02552625911481, 35.74257366920001)",河南省,濮阳市,157,7,14997,large,0.037999999999999985,33,17.61657999626168
410900010149,26路(京开道站前路口--采油五厂),26,京开道站前路口,采油五厂,2025-01-20 16:08:00,2025-01-20 17:02:04,17618.0,19.55141800246609,54.06666666666667,"(115.02591986281618, 35.742996457202146)","(115.09212546517008, 35.73217528208595)",河南省,濮阳市,151,8,6733,large,-0.07599999999999993,35,18.06957657657213
410900010150,26路(采油五厂--京开道站前路口),26,采油五厂,京开道站前路口,2025-01-20 16:19:00,2025-01-20 17:23:12,17698.0,16.54018691588785,64.2,"(115.09227639107662, 35.73258710963305)","(115.02552625911481, 35.74257366920001)",河南省,濮阳市,155,8,14997,large,0.037999999999999985,33,17.61657999626168
410900010150,26路(采油五厂--京开道站前路口),26,采油五厂,京开道站前路口,2025-01-20 16:42:00,2025-01-20 17:46:12,17698.0,16.54018691588785,64.2,"(115.09227639107662, 35.73258710963305)","(115.02552625911481, 35.74257366920001)",河南省,濮阳市,159,2,14997,large,0.037999999999999985,33,17.61657999626168
410900010149,26路(京开道站前路口--采油五厂),26,京开道站前路口,采油五厂,2025-01-20 16:44:00,2025-01-20 17:38:04,17618.0,19.55141800246609,54.06666666666667,"(115.02591986281618, 35.742996457202146)","(115.09212546517008, 35.73217528208595)",河南省,濮阳市,158,6,6733,large,-0.07599999999999993,35,18.06957657657213
410900010149,26路(京开道站前路口--采油五厂),26,京开道站前路口,采油五厂,2025-01-20 17:07:00,2025-01-20 18:18:29,17618.0,14.787782699930052,71.48333333333333,"(115.02591986281618, 35.742996457202146)","(115.09212546517008, 35.73217528208595)",河南省,濮阳市,157,8,6733,large,-0.07599999999999993,35,17.48209648925157
410900010150,26路(采油五厂--京开道站前路口),26,采油五厂,京开道站前路口,2025-01-20 17:18:00,2025-01-20 18:27:53,17698.0,15.195039351299783,69.88333333333334,"(115.09227639107662, 35.73258710963305)","(115.02552625911481, 35.74257366920001)",河南省,濮阳市,151,9,14997,large,0.037999999999999985,33,17.449935045075122
410900010149,26路(京开道站前路口--采油五厂),26,京开道站前路口,采油五厂,2025-01-20 17:29:00,2025-01-20 18:40:29,17618.0,14.787782699930052,71.48333333333333,"(115.02591986281618, 35.742996457202146)","(115.09212546517008, 35.73217528208595)",河南省,濮阳市,155,9,6733,large,-0.07599999999999993,35,17.48209648925157
410900010150,26路(采油五厂--京开道站前路口),26,采油五厂,京开道站前路口,2025-01-20 17:50:00,2025-01-20 18:59:53,17698.0,15.195039351299783,69.88333333333334,"(115.09227639107662, 35.73258710963305)","(115.02552625911481, 35.74257366920001)",河南省,濮阳市,158,7,14997,large,0.037999999999999985,33,17.449935045075122
410900010149,26路(京开道站前路口--采油五厂),26,京开道站前路口,采油五厂,2025-01-20 17:52:00,2025-01-20 19:03:29,17618.0,14.787782699930052,71.48333333333333,"(115.02591986281618, 35.742996457202146)","(115.09212546517008, 35.73217528208595)",河南省,濮阳市,159,3,6733,large,-0.07599999999999993,35,17.48209648925157
410900010150,26路(采油五厂--京开道站前路口),26,采油五厂,京开道站前路口,2025-01-20 18:14:00,2025-01-20 19:23:53,17698.0,15.195039351299783,69.88333333333334,"(115.09227639107662, 35.73258710963305)","(115.02552625911481, 35.74257366920001)",河南省,濮阳市,160,1,14997,large,0.037999999999999985,33,17.449935045075122
410900010149,26路(京开道站前路口--采油五厂),26,京开道站前路口,采油五厂,2025-01-20 18:25:00,2025-01-20 19:36:29,17618.0,14.787782699930052,71.48333333333333,"(115.02591986281618, 35.742996457202146)","(115.09212546517008, 35.73217528208595)",河南省,濮阳市,161,1,6733,large,-0.07599999999999993,35,17.48209648925157
410900010150,26路(采油五厂--京开道站前路口),26,采油五厂,京开道站前路口,2025-01-20 18:38:00,2025-01-20 19:47:53,17698.0,15.195039351299783,69.88333333333334,"(115.09227639107662, 35.73258710963305)","(115.02552625911481, 35.74257366920001)",河南省,濮阳市,157,9,14997,large,0.037999999999999985,33,17.449935045075122
410900010150,26路(采油五厂--京开道站前路口),26,采油五厂,京开道站前路口,2025-01-20 18:59:00,2025-01-20 20:08:53,17698.0,15.195039351299783,69.88333333333334,"(115.09227639107662, 35.73258710963305)","(115.02552625911481, 35.74257366920001)",河南省,濮阳市,155,10,14997,large,0.037999999999999985,33,17.449935045075122
410900010149,26路(京开道站前路口--采油五厂),26,京开道站前路口,采油五厂,2025-01-20 18:59:00,2025-01-20 20:10:29,17618.0,14.787782699930052,71.48333333333333,"(115.02591986281618, 35.742996457202146)","(115.09212546517008, 35.73217528208595)",河南省,濮阳市,151,10,6733,large,-0.07599999999999993,35,17.48209648925157
900000145385,30路(工人文化宫--建设路濮上路口),30,工人文化宫,建设路濮上路口,2025-01-20 07:00:00,2025-01-20 07:39:31,11312.0,17.175537747785743,39.516666666666666,"(115.02206040099854, 35.80734282465375)","(115.0066827521179, 35.75862282131356)",河南省,濮阳市,162,1,2742,medium,0.15199999999999994,23,11.682133381020662
900000140125,30路(建设路濮上路口--工人文化宫),30,建设路濮上路口,工人文化宫,2025-01-20 07:00:00,2025-01-20 07:39:31,11557.0,17.547532686630113,39.516666666666666,"(115.00622352862551, 35.758560218330366)","(115.0216849376965, 35.805435506645026)",河南省,濮阳市,163,1,13040,medium,-0.15199999999999997,23,11.594189446815689
900000140125,30路(建设路濮上路口--工人文化宫),30,建设路濮上路口,工人文化宫,2025-01-20 07:39:00,2025-01-20 08:18:31,11557.0,17.547532686630113,39.516666666666666,"(115.00622352862551, 35.758560218330366)","(115.0216849376965, 35.805435506645026)",河南省,濮阳市,164,1,13040,medium,-0.15199999999999997,23,11.594189446815689
900000145385,30路(工人文化宫--建设路濮上路口),30,工人文化宫,建设路濮上路口,2025-01-20 07:48:00,2025-01-20 08:27:31,11312.0,17.175537747785743,39.516666666666666,"(115.02206040099854, 35.80734282465375)","(115.0066827521179, 35.75862282131356)",河南省,濮阳市,163,2,2742,medium,0.15199999999999994,23,11.682133381020662
900000140125,30路(建设路濮上路口--工人文化宫),30,建设路濮上路口,工人文化宫,2025-01-20 08:29:00,2025-01-20 09:08:31,11557.0,17.547532686630113,39.516666666666666,"(115.00622352862551, 35.758560218330366)","(115.0216849376965, 35.805435506645026)",河南省,濮阳市,162,2,13040,medium,-0.15199999999999997,23,11.594189446815689
900000145385,30路(工人文化宫--建设路濮上路口),30,工人文化宫,建设路濮上路口,2025-01-20 08:38:00,2025-01-20 09:17:31,11312.0,17.175537747785743,39.516666666666666,"(115.02206040099854, 35.80734282465375)","(115.0066827521179, 35.75862282131356)",河南省,濮阳市,164,2,2742,medium,0.15199999999999994,23,11.682133381020662
900000140125,30路(建设路濮上路口--工人文化宫),30,建设路濮上路口,工人文化宫,2025-01-20 09:20:00,2025-01-20 09:56:25,11557.0,19.041281464530893,36.41666666666666,"(115.00622352862551, 35.758560218330366)","(115.0216849376965, 35.805435506645026)",河南省,濮阳市,163,3,13040,medium,-0.15199999999999997,23,11.715032229199085
900000145385,30路(工人文化宫--建设路濮上路口),30,工人文化宫,建设路濮上路口,2025-01-20 09:30:00,2025-01-20 10:06:25,11312.0,18.63762013729977,36.41666666666666,"(115.02206040099854, 35.80734282465375)","(115.0066827521179, 35.75862282131356)",河南省,濮阳市,162,3,2742,medium,0.15199999999999994,23,11.797906912951941
900000140125,30路(建设路濮上路口--工人文化宫),30,建设路濮上路口,工人文化宫,2025-01-20 10:09:00,2025-01-20 10:45:25,11557.0,19.041281464530893,36.41666666666666,"(115.00622352862551, 35.758560218330366)","(115.0216849376965, 35.805435506645026)",河南省,濮阳市,164,3,13040,medium,-0.15199999999999997,23,11.715032229199085
900000145385,30路(工人文化宫--建设路濮上路口),30,工人文化宫,建设路濮上路口,2025-01-20 10:19:00,2025-01-20 10:55:25,11312.0,18.63762013729977,36.41666666666666,"(115.02206040099854, 35.80734282465375)","(115.0066827521179, 35.75862282131356)",河南省,濮阳市,163,4,2742,medium,0.15199999999999994,23,11.797906912951941
900000140125,30路(建设路濮上路口--工人文化宫),30,建设路濮上路口,工人文化宫,2025-01-20 11:00:00,2025-01-20 11:36:25,11557.0,19.041281464530893,36.41666666666666,"(115.00622352862551, 35.758560218330366)","(115.0216849376965, 35.805435506645026)",河南省,濮阳市,162,4,13040,medium,-0.15199999999999997,23,11.715032229199085
900000145385,30路(工人文化宫--建设路濮上路口),30,工人文化宫,建设路濮上路口,2025-01-20 11:09:00,2025-01-20 11:45:25,11312.0,18.63762013729977,36.41666666666666,"(115.02206040099854, 35.80734282465375)","(115.0066827521179, 35.75862282131356)",河南省,濮阳市,164,4,2742,medium,0.15199999999999994,23,11.797906912951941
900000140125,30路(建设路濮上路口--工人文化宫),30,建设路濮上路口,工人文化宫,2025-01-20 11:50:00,2025-01-20 12:26:25,11557.0,19.041281464530893,36.41666666666666,"(115.00622352862551, 35.758560218330366)","(115.0216849376965, 35.805435506645026)",河南省,濮阳市,163,5,13040,medium,-0.15199999999999997,23,11.715032229199085
900000145385,30路(工人文化宫--建设路濮上路口),30,工人文化宫,建设路濮上路口,2025-01-20 12:30:00,2025-01-20 13:06:25,11312.0,18.63762013729977,36.41666666666666,"(115.02206040099854, 35.80734282465375)","(115.0066827521179, 35.75862282131356)",河南省,濮阳市,162,5,2742,medium,0.15199999999999994,23,11.797906912951941
900000140125,30路(建设路濮上路口--工人文化宫),30,建设路濮上路口,工人文化宫,2025-01-20 13:09:00,2025-01-20 13:45:25,11557.0,19.041281464530893,36.41666666666666,"(115.00622352862551, 35.758560218330366)","(115.0216849376965, 35.805435506645026)",河南省,濮阳市,164,5,13040,medium,-0.15199999999999997,23,11.715032229199085
900000145385,30路(工人文化宫--建设路濮上路口),30,工人文化宫,建设路濮上路口,2025-01-20 13:49:00,2025-01-20 14:25:25,11312.0,18.63762013729977,36.41666666666666,"(115.02206040099854, 35.80734282465375)","(115.0066827521179, 35.75862282131356)",河南省,濮阳市,163,6,2742,medium,0.15199999999999994,23,11.797906912951941
900000140125,30路(建设路濮上路口--工人文化宫),30,建设路濮上路口,工人文化宫,2025-01-20 14:30:00,2025-01-20 15:06:25,11557.0,19.041281464530893,36.41666666666666,"(115.00622352862551, 35.758560218330366)","(115.0216849376965, 35.805435506645026)",河南省,濮阳市,162,6,13040,medium,-0.15199999999999997,23,11.715032229199085
900000145385,30路(工人文化宫--建设路濮上路口),30,工人文化宫,建设路濮上路口,2025-01-20 14:35:00,2025-01-20 15:11:25,11312.0,18.63762013729977,36.41666666666666,"(115.02206040099854, 35.80734282465375)","(115.0066827521179, 35.75862282131356)",河南省,濮阳市,164,6,2742,medium,0.15199999999999994,23,11.797906912951941
900000140125,30路(建设路濮上路口--工人文化宫),30,建设路濮上路口,工人文化宫,2025-01-20 15:20:00,2025-01-20 15:56:25,11557.0,19.041281464530893,36.41666666666666,"(115.00622352862551, 35.758560218330366)","(115.0216849376965, 35.805435506645026)",河南省,濮阳市,164,7,13040,medium,-0.15199999999999997,23,11.715032229199085
900000145385,30路(工人文化宫--建设路濮上路口),30,工人文化宫,建设路濮上路口,2025-01-20 15:21:00,2025-01-20 15:57:25,11312.0,18.63762013729977,36.41666666666666,"(115.02206040099854, 35.80734282465375)","(115.0066827521179, 35.75862282131356)",河南省,濮阳市,162,7,2742,medium,0.15199999999999994,23,11.797906912951941
900000145385,30路(工人文化宫--建设路濮上路口),30,工人文化宫,建设路濮上路口,2025-01-20 16:14:00,2025-01-20 16:50:25,11312.0,18.63762013729977,36.41666666666666,"(115.02206040099854, 35.80734282465375)","(115.0066827521179, 35.75862282131356)",河南省,濮阳市,164,8,2742,medium,0.15199999999999994,23,11.797906912951941
900000140125,30路(建设路濮上路口--工人文化宫),30,建设路濮上路口,工人文化宫,2025-01-20 16:15:00,2025-01-20 16:51:25,11557.0,19.041281464530893,36.41666666666666,"(115.00622352862551, 35.758560218330366)","(115.0216849376965, 35.805435506645026)",河南省,濮阳市,162,8,13040,medium,-0.15199999999999997,23,11.715032229199085
900000145385,30路(工人文化宫--建设路濮上路口),30,工人文化宫,建设路濮上路口,2025-01-20 17:09:00,2025-01-20 17:48:31,11312.0,17.175537747785743,39.516666666666666,"(115.02206040099854, 35.80734282465375)","(115.0066827521179, 35.75862282131356)",河南省,濮阳市,162,9,2742,medium,0.15199999999999994,23,11.682133381020662
900000140125,30路(建设路濮上路口--工人文化宫),30,建设路濮上路口,工人文化宫,2025-01-20 17:10:00,2025-01-20 17:49:31,11557.0,17.547532686630113,39.516666666666666,"(115.00622352862551, 35.758560218330366)","(115.0216849376965, 35.805435506645026)",河南省,濮阳市,164,9,13040,medium,-0.15199999999999997,23,11.594189446815689
900000140125,30路(建设路濮上路口--工人文化宫),30,建设路濮上路口,工人文化宫,2025-01-20 18:04:00,2025-01-20 18:43:31,11557.0,17.547532686630113,39.516666666666666,"(115.00622352862551, 35.758560218330366)","(115.0216849376965, 35.805435506645026)",河南省,濮阳市,162,10,13040,medium,-0.15199999999999997,23,11.594189446815689
900000145385,30路(工人文化宫--建设路濮上路口),30,工人文化宫,建设路濮上路口,2025-01-20 18:04:00,2025-01-20 18:43:31,11312.0,17.175537747785743,39.516666666666666,"(115.02206040099854, 35.80734282465375)","(115.0066827521179, 35.75862282131356)",河南省,濮阳市,164,10,2742,medium,0.15199999999999994,23,11.682133381020662
900000145385,30路(工人文化宫--建设路濮上路口),30,工人文化宫,建设路濮上路口,2025-01-20 18:59:00,2025-01-20 19:38:31,11312.0,17.175537747785743,39.516666666666666,"(115.02206040099854, 35.80734282465375)","(115.0066827521179, 35.75862282131356)",河南省,濮阳市,162,11,2742,medium,0.15199999999999994,23,11.682133381020662
900000140125,30路(建设路濮上路口--工人文化宫),30,建设路濮上路口,工人文化宫,2025-01-20 19:00:00,2025-01-20 19:36:25,11557.0,19.041281464530893,36.41666666666666,"(115.00622352862551, 35.758560218330366)","(115.0216849376965, 35.805435506645026)",河南省,濮阳市,164,11,13040,medium,-0.15199999999999997,23,11.715032229199085
410900010154,31路(公交公司--石佛店),31,公交公司,石佛店,2025-01-20 06:30:00,2025-01-20 07:42:56,24417.0,20.08711151736746,72.93333333333334,"(115.06543700011643, 35.7447853352607)","(115.21539832047846, 35.782970932969455)",河南省,濮阳市,165,1,5792,large,-0.038000000000000256,46,24.880848613436925
410900010153,31路(石佛店--公交公司),31,石佛店,公交公司,2025-01-20 06:30:00,2025-01-20 07:44:51,24875.0,19.93987975951904,74.85,"(115.2192643247874, 35.78301659141303)","(115.06535312879537, 35.744890394173005)",河南省,濮阳市,166,1,3055,large,-0.11399999999999985,45,25.008181563126247
410900010153,31路(石佛店--公交公司),31,石佛店,公交公司,2025-01-20 06:40:00,2025-01-20 07:54:51,24875.0,19.93987975951904,74.85,"(115.2192643247874, 35.78301659141303)","(115.06535312879537, 35.744890394173005)",河南省,濮阳市,167,1,3055,large,-0.11399999999999985,45,25.008181563126247
410900010154,31路(公交公司--石佛店),31,公交公司,石佛店,2025-01-20 06:44:00,2025-01-20 07:56:56,24417.0,20.08711151736746,72.93333333333334,"(115.06543700011643, 35.7447853352607)","(115.21539832047846, 35.782970932969455)",河南省,濮阳市,168,1,5792,large,-0.038000000000000256,46,24.880848613436925
410900010154,31路(公交公司--石佛店),31,公交公司,石佛店,2025-01-20 06:53:00,2025-01-20 08:05:56,24417.0,20.08711151736746,72.93333333333334,"(115.06543700011643, 35.7447853352607)","(115.21539832047846, 35.782970932969455)",河南省,濮阳市,169,1,5792,large,-0.038000000000000256,46,24.880848613436925
410900010153,31路(石佛店--公交公司),31,石佛店,公交公司,2025-01-20 06:57:00,2025-01-20 08:11:51,24875.0,19.93987975951904,74.85,"(115.2192643247874, 35.78301659141303)","(115.06535312879537, 35.744890394173005)",河南省,濮阳市,170,1,3055,large,-0.11399999999999985,45,25.008181563126247
410900010154,31路(公交公司--石佛店),31,公交公司,石佛店,2025-01-20 07:02:00,2025-01-20 08:21:44,24417.0,18.3739966555184,79.73333333333333,"(115.06543700011643, 35.7447853352607)","(115.21539832047846, 35.782970932969455)",河南省,濮阳市,171,1,5792,large,-0.038000000000000256,46,24.588044734364544
410900010153,31路(石佛店--公交公司),31,石佛店,公交公司,2025-01-20 07:10:00,2025-01-20 08:24:51,24875.0,19.93987975951904,74.85,"(115.2192643247874, 35.78301659141303)","(115.06535312879537, 35.744890394173005)",河南省,濮阳市,172,1,3055,large,-0.11399999999999985,45,25.008181563126247
410900010154,31路(公交公司--石佛店),31,公交公司,石佛店,2025-01-20 07:13:00,2025-01-20 08:32:44,24417.0,18.3739966555184,79.73333333333333,"(115.06543700011643, 35.7447853352607)","(115.21539832047846, 35.782970932969455)",河南省,濮阳市,173,1,5792,large,-0.038000000000000256,46,24.588044734364544
410900010154,31路(公交公司--石佛店),31,公交公司,石佛店,2025-01-20 07:24:00,2025-01-20 08:43:44,24417.0,18.3739966555184,79.73333333333333,"(115.06543700011643, 35.7447853352607)","(115.21539832047846, 35.782970932969455)",河南省,濮阳市,174,1,5792,large,-0.038000000000000256,46,24.588044734364544
410900010153,31路(石佛店--公交公司),31,石佛店,公交公司,2025-01-20 07:24:00,2025-01-20 08:38:51,24875.0,19.93987975951904,74.85,"(115.2192643247874, 35.78301659141303)","(115.06535312879537, 35.744890394173005)",河南省,濮阳市,175,1,3055,large,-0.11399999999999985,45,25.008181563126247
410900010154,31路(公交公司--石佛店),31,公交公司,石佛店,2025-01-20 07:34:00,2025-01-20 08:53:44,24417.0,18.3739966555184,79.73333333333333,"(115.06543700011643, 35.7447853352607)","(115.21539832047846, 35.782970932969455)",河南省,濮阳市,176,1,5792,large,-0.038000000000000256,46,24.588044734364544
410900010153,31路(石佛店--公交公司),31,石佛店,公交公司,2025-01-20 07:37:00,2025-01-20 08:51:51,24875.0,19.93987975951904,74.85,"(115.2192643247874, 35.78301659141303)","(115.06535312879537, 35.744890394173005)",河南省,濮阳市,177,1,3055,large,-0.11399999999999985,45,25.008181563126247
410900010153,31路(石佛店--公交公司),31,石佛店,公交公司,2025-01-20 07:49:00,2025-01-20 09:03:51,24875.0,19.93987975951904,74.85,"(115.2192643247874, 35.78301659141303)","(115.06535312879537, 35.744890394173005)",河南省,濮阳市,165,2,3055,large,-0.11399999999999985,45,25.008181563126247
410900010154,31路(公交公司--石佛店),31,公交公司,石佛店,2025-01-20 07:50:00,2025-01-20 09:09:44,24417.0,18.3739966555184,79.73333333333333,"(115.06543700011643, 35.7447853352607)","(115.21539832047846, 35.782970932969455)",河南省,濮阳市,166,2,5792,large,-0.038000000000000256,46,24.588044734364544
410900010153,31路(石佛店--公交公司),31,石佛店,公交公司,2025-01-20 08:02:00,2025-01-20 09:16:51,24875.0,19.93987975951904,74.85,"(115.2192643247874, 35.78301659141303)","(115.06535312879537, 35.744890394173005)",河南省,濮阳市,178,1,3055,large,-0.11399999999999985,45,25.008181563126247
410900010154,31路(公交公司--石佛店),31,公交公司,石佛店,2025-01-20 08:05:00,2025-01-20 09:24:44,24417.0,18.3739966555184,79.73333333333333,"(115.06543700011643, 35.7447853352607)","(115.21539832047846, 35.782970932969455)",河南省,濮阳市,167,2,5792,large,-0.038000000000000256,46,24.588044734364544
410900010153,31路(石佛店--公交公司),31,石佛店,公交公司,2025-01-20 08:15:00,2025-01-20 09:29:51,24875.0,19.93987975951904,74.85,"(115.2192643247874, 35.78301659141303)","(115.06535312879537, 35.744890394173005)",河南省,濮阳市,169,2,3055,large,-0.11399999999999985,45,25.008181563126247
410900010154,31路(公交公司--石佛店),31,公交公司,石佛店,2025-01-20 08:20:00,2025-01-20 09:39:44,24417.0,18.3739966555184,79.73333333333333,"(115.06543700011643, 35.7447853352607)","(115.21539832047846, 35.782970932969455)",河南省,濮阳市,170,2,5792,large,-0.038000000000000256,46,24.588044734364544
410900010153,31路(石佛店--公交公司),31,石佛店,公交公司,2025-01-20 08:28:00,2025-01-20 09:42:51,24875.0,19.93987975951904,74.85,"(115.2192643247874, 35.78301659141303)","(115.06535312879537, 35.744890394173005)",河南省,濮阳市,171,2,3055,large,-0.11399999999999985,45,25.008181563126247
410900010154,31路(公交公司--石佛店),31,公交公司,石佛店,2025-01-20 08:34:00,2025-01-20 09:53:44,24417.0,18.3739966555184,79.73333333333333,"(115.06543700011643, 35.7447853352607)","(115.21539832047846, 35.782970932969455)",河南省,濮阳市,172,2,5792,large,-0.038000000000000256,46,24.588044734364544
410900010153,31路(石佛店--公交公司),31,石佛店,公交公司,2025-01-20 08:42:00,2025-01-20 09:56:51,24875.0,19.93987975951904,74.85,"(115.2192643247874, 35.78301659141303)","(115.06535312879537, 35.744890394173005)",河南省,濮阳市,173,2,3055,large,-0.11399999999999985,45,25.008181563126247
410900010154,31路(公交公司--石佛店),31,公交公司,石佛店,2025-01-20 08:51:00,2025-01-20 10:10:44,24417.0,18.3739966555184,79.73333333333333,"(115.06543700011643, 35.7447853352607)","(115.21539832047846, 35.782970932969455)",河南省,濮阳市,175,2,5792,large,-0.038000000000000256,46,24.588044734364544
410900010153,31路(石佛店--公交公司),31,石佛店,公交公司,2025-01-20 08:55:00,2025-01-20 10:09:51,24875.0,19.93987975951904,74.85,"(115.2192643247874, 35.78301659141303)","(115.06535312879537, 35.744890394173005)",河南省,濮阳市,174,2,3055,large,-0.11399999999999985,45,25.008181563126247
410900010154,31路(公交公司--石佛店),31,公交公司,石佛店,2025-01-20 09:04:00,2025-01-20 10:16:56,24417.0,20.08711151736746,72.93333333333334,"(115.06543700011643, 35.7447853352607)","(115.21539832047846, 35.782970932969455)",河南省,濮阳市,177,2,5792,large,-0.038000000000000256,46,24.880848613436925
410900010153,31路(石佛店--公交公司),31,石佛店,公交公司,2025-01-20 09:10:00,2025-01-20 10:24:51,24875.0,19.93987975951904,74.85,"(115.2192643247874, 35.78301659141303)","(115.06535312879537, 35.744890394173005)",河南省,濮阳市,176,2,3055,large,-0.11399999999999985,45,25.008181563126247
410900010154,31路(公交公司--石佛店),31,公交公司,石佛店,2025-01-20 09:20:00,2025-01-20 10:32:56,24417.0,20.08711151736746,72.93333333333334,"(115.06543700011643, 35.7447853352607)","(115.21539832047846, 35.782970932969455)",河南省,濮阳市,165,3,5792,large,-0.038000000000000256,46,24.880848613436925
410900010153,31路(石佛店--公交公司),31,石佛店,公交公司,2025-01-20 09:24:00,2025-01-20 10:38:51,24875.0,19.93987975951904,74.85,"(115.2192643247874, 35.78301659141303)","(115.06535312879537, 35.744890394173005)",河南省,濮阳市,166,3,3055,large,-0.11399999999999985,45,25.008181563126247
410900010154,31路(公交公司--石佛店),31,公交公司,石佛店,2025-01-20 09:36:00,2025-01-20 10:48:56,24417.0,20.08711151736746,72.93333333333334,"(115.06543700011643, 35.7447853352607)","(115.21539832047846, 35.782970932969455)",河南省,濮阳市,178,2,5792,large,-0.038000000000000256,46,24.880848613436925
410900010153,31路(石佛店--公交公司),31,石佛店,公交公司,2025-01-20 09:40:00,2025-01-20 10:54:51,24875.0,19.93987975951904,74.85,"(115.2192643247874, 35.78301659141303)","(115.06535312879537, 35.744890394173005)",河南省,濮阳市,167,3,3055,large,-0.11399999999999985,45,25.008181563126247
410900010153,31路(石佛店--公交公司),31,石佛店,公交公司,2025-01-20 09:54:00,2025-01-20 11:08:51,24875.0,19.93987975951904,74.85,"(115.2192643247874, 35.78301659141303)","(115.06535312879537, 35.744890394173005)",河南省,濮阳市,170,3,3055,large,-0.11399999999999985,45,25.008181563126247
410900010154,31路(公交公司--石佛店),31,公交公司,石佛店,2025-01-20 09:54:00,2025-01-20 11:06:56,24417.0,20.08711151736746,72.93333333333334,"(115.06543700011643, 35.7447853352607)","(115.21539832047846, 35.782970932969455)",河南省,濮阳市,171,3,5792,large,-0.038000000000000256,46,24.880848613436925
410900010153,31路(石佛店--公交公司),31,石佛店,公交公司,2025-01-20 10:10:00,2025-01-20 11:24:51,24875.0,19.93987975951904,74.85,"(115.2192643247874, 35.78301659141303)","(115.06535312879537, 35.744890394173005)",河南省,濮阳市,172,3,3055,large,-0.11399999999999985,45,25.008181563126247
410900010154,31路(公交公司--石佛店),31,公交公司,石佛店,2025-01-20 10:11:00,2025-01-20 11:23:56,24417.0,20.08711151736746,72.93333333333334,"(115.06543700011643, 35.7447853352607)","(115.21539832047846, 35.782970932969455)",河南省,濮阳市,173,3,5792,large,-0.038000000000000256,46,24.880848613436925
410900010154,31路(公交公司--石佛店),31,公交公司,石佛店,2025-01-20 10:27:00,2025-01-20 11:39:56,24417.0,20.08711151736746,72.93333333333334,"(115.06543700011643, 35.7447853352607)","(115.21539832047846, 35.782970932969455)",河南省,濮阳市,174,3,5792,large,-0.038000000000000256,46,24.880848613436925
410900010153,31路(石佛店--公交公司),31,石佛店,公交公司,2025-01-20 10:32:00,2025-01-20 11:46:51,24875.0,19.93987975951904,74.85,"(115.2192643247874, 35.78301659141303)","(115.06535312879537, 35.744890394173005)",河南省,濮阳市,177,3,3055,large,-0.11399999999999985,45,25.008181563126247
410900010154,31路(公交公司--石佛店),31,公交公司,石佛店,2025-01-20 10:44:00,2025-01-20 11:56:56,24417.0,20.08711151736746,72.93333333333334,"(115.06543700011643, 35.7447853352607)","(115.21539832047846, 35.782970932969455)",河南省,濮阳市,176,3,5792,large,-0.038000000000000256,46,24.880848613436925
410900010153,31路(石佛店--公交公司),31,石佛店,公交公司,2025-01-20 10:51:00,2025-01-20 12:05:51,24875.0,19.93987975951904,74.85,"(115.2192643247874, 35.78301659141303)","(115.06535312879537, 35.744890394173005)",河南省,濮阳市,165,4,3055,large,-0.11399999999999985,45,25.008181563126247
410900010154,31路(公交公司--石佛店),31,公交公司,石佛店,2025-01-20 11:03:00,2025-01-20 12:15:56,24417.0,20.08711151736746,72.93333333333334,"(115.06543700011643, 35.7447853352607)","(115.21539832047846, 35.782970932969455)",河南省,濮阳市,167,4,5792,large,-0.038000000000000256,46,24.880848613436925
410900010153,31路(石佛店--公交公司),31,石佛店,公交公司,2025-01-20 11:05:00,2025-01-20 12:19:51,24875.0,19.93987975951904,74.85,"(115.2192643247874, 35.78301659141303)","(115.06535312879537, 35.744890394173005)",河南省,濮阳市,178,3,3055,large,-0.11399999999999985,45,25.008181563126247
410900010154,31路(公交公司--石佛店),31,公交公司,石佛店,2025-01-20 11:19:00,2025-01-20 12:31:56,24417.0,20.08711151736746,72.93333333333334,"(115.06543700011643, 35.7447853352607)","(115.21539832047846, 35.782970932969455)",河南省,濮阳市,170,4,5792,large,-0.038000000000000256,46,24.880848613436925
410900010153,31路(石佛店--公交公司),31,石佛店,公交公司,2025-01-20 11:24:00,2025-01-20 12:38:51,24875.0,19.93987975951904,74.85,"(115.2192643247874, 35.78301659141303)","(115.06535312879537, 35.744890394173005)",河南省,濮阳市,171,4,3055,large,-0.11399999999999985,45,25.008181563126247
410900010154,31路(公交公司--石佛店),31,公交公司,石佛店,2025-01-20 11:36:00,2025-01-20 12:48:56,24417.0,20.08711151736746,72.93333333333334,"(115.06543700011643, 35.7447853352607)","(115.21539832047846, 35.782970932969455)",河南省,濮阳市,172,4,5792,large,-0.038000000000000256,46,24.880848613436925
410900010153,31路(石佛店--公交公司),31,石佛店,公交公司,2025-01-20 11:43:00,2025-01-20 12:57:51,24875.0,19.93987975951904,74.85,"(115.2192643247874, 35.78301659141303)","(115.06535312879537, 35.744890394173005)",河南省,濮阳市,173,4,3055,large,-0.11399999999999985,45,25.008181563126247
410900010154,31路(公交公司--石佛店),31,公交公司,石佛店,2025-01-20 11:52:00,2025-01-20 13:04:56,24417.0,20.08711151736746,72.93333333333334,"(115.06543700011643, 35.7447853352607)","(115.21539832047846, 35.782970932969455)",河南省,濮阳市,177,4,5792,large,-0.038000000000000256,46,24.880848613436925
410900010153,31路(石佛店--公交公司),31,石佛店,公交公司,2025-01-20 12:02:00,2025-01-20 13:16:51,24875.0,19.93987975951904,74.85,"(115.2192643247874, 35.78301659141303)","(115.06535312879537, 35.744890394173005)",河南省,濮阳市,174,4,3055,large,-0.11399999999999985,45,25.008181563126247
410900010154,31路(公交公司--石佛店),31,公交公司,石佛店,2025-01-20 12:10:00,2025-01-20 13:22:56,24417.0,20.08711151736746,72.93333333333334,"(115.06543700011643, 35.7447853352607)","(115.21539832047846, 35.782970932969455)",河南省,濮阳市,179,1,5792,large,-0.038000000000000256,46,24.880848613436925
410900010153,31路(石佛店--公交公司),31,石佛店,公交公司,2025-01-20 12:18:00,2025-01-20 13:32:51,24875.0,19.93987975951904,74.85,"(115.2192643247874, 35.78301659141303)","(115.06535312879537, 35.744890394173005)",河南省,濮阳市,176,4,3055,large,-0.11399999999999985,45,25.008181563126247
410900010154,31路(公交公司--石佛店),31,公交公司,石佛店,2025-01-20 12:28:00,2025-01-20 13:40:56,24417.0,20.08711151736746,72.93333333333334,"(115.06543700011643, 35.7447853352607)","(115.21539832047846, 35.782970932969455)",河南省,濮阳市,178,4,5792,large,-0.038000000000000256,46,24.880848613436925
410900010153,31路(石佛店--公交公司),31,石佛店,公交公司,2025-01-20 12:35:00,2025-01-20 13:49:51,24875.0,19.93987975951904,74.85,"(115.2192643247874, 35.78301659141303)","(115.06535312879537, 35.744890394173005)",河南省,濮阳市,167,5,3055,large,-0.11399999999999985,45,25.008181563126247
410900010154,31路(公交公司--石佛店),31,公交公司,石佛店,2025-01-20 12:48:00,2025-01-20 14:00:56,24417.0,20.08711151736746,72.93333333333334,"(115.06543700011643, 35.7447853352607)","(115.21539832047846, 35.782970932969455)",河南省,濮阳市,171,5,5792,large,-0.038000000000000256,46,24.880848613436925
410900010153,31路(石佛店--公交公司),31,石佛店,公交公司,2025-01-20 12:53:00,2025-01-20 14:07:51,24875.0,19.93987975951904,74.85,"(115.2192643247874, 35.78301659141303)","(115.06535312879537, 35.744890394173005)",河南省,濮阳市,170,5,3055,large,-0.11399999999999985,45,25.008181563126247
410900010154,31路(公交公司--石佛店),31,公交公司,石佛店,2025-01-20 13:08:00,2025-01-20 14:20:56,24417.0,20.08711151736746,72.93333333333334,"(115.06543700011643, 35.7447853352607)","(115.21539832047846, 35.782970932969455)",河南省,濮阳市,173,5,5792,large,-0.038000000000000256,46,24.880848613436925
410900010153,31路(石佛店--公交公司),31,石佛店,公交公司,2025-01-20 13:12:00,2025-01-20 14:26:51,24875.0,19.93987975951904,74.85,"(115.2192643247874, 35.78301659141303)","(115.06535312879537, 35.744890394173005)",河南省,濮阳市,177,5,3055,large,-0.11399999999999985,45,25.008181563126247
410900010154,31路(公交公司--石佛店),31,公交公司,石佛店,2025-01-20 13:28:00,2025-01-20 14:40:56,24417.0,20.08711151736746,72.93333333333334,"(115.06543700011643, 35.7447853352607)","(115.21539832047846, 35.782970932969455)",河南省,濮阳市,174,5,5792,large,-0.038000000000000256,46,24.880848613436925
410900010153,31路(石佛店--公交公司),31,石佛店,公交公司,2025-01-20 13:29:00,2025-01-20 14:43:51,24875.0,19.93987975951904,74.85,"(115.2192643247874, 35.78301659141303)","(115.06535312879537, 35.744890394173005)",河南省,濮阳市,179,2,3055,large,-0.11399999999999985,45,25.008181563126247
410900010153,31路(石佛店--公交公司),31,石佛店,公交公司,2025-01-20 13:46:00,2025-01-20 15:00:51,24875.0,19.93987975951904,74.85,"(115.2192643247874, 35.78301659141303)","(115.06535312879537, 35.744890394173005)",河南省,濮阳市,180,1,3055,large,-0.11399999999999985,45,25.008181563126247
410900010154,31路(公交公司--石佛店),31,公交公司,石佛店,2025-01-20 13:48:00,2025-01-20 15:00:56,24417.0,20.08711151736746,72.93333333333334,"(115.06543700011643, 35.7447853352607)","(115.21539832047846, 35.782970932969455)",河南省,濮阳市,176,5,5792,large,-0.038000000000000256,46,24.880848613436925
410900010153,31路(石佛店--公交公司),31,石佛店,公交公司,2025-01-20 14:07:00,2025-01-20 15:21:51,24875.0,19.93987975951904,74.85,"(115.2192643247874, 35.78301659141303)","(115.06535312879537, 35.744890394173005)",河南省,濮阳市,178,5,3055,large,-0.11399999999999985,45,25.008181563126247
410900010154,31路(公交公司--石佛店),31,公交公司,石佛店,2025-01-20 14:08:00,2025-01-20 15:20:56,24417.0,20.08711151736746,72.93333333333334,"(115.06543700011643, 35.7447853352607)","(115.21539832047846, 35.782970932969455)",河南省,濮阳市,167,6,5792,large,-0.038000000000000256,46,24.880848613436925
410900010154,31路(公交公司--石佛店),31,公交公司,石佛店,2025-01-20 14:26:00,2025-01-20 15:38:56,24417.0,20.08711151736746,72.93333333333334,"(115.06543700011643, 35.7447853352607)","(115.21539832047846, 35.782970932969455)",河南省,濮阳市,170,6,5792,large,-0.038000000000000256,46,24.880848613436925
410900010153,31路(石佛店--公交公司),31,石佛店,公交公司,2025-01-20 14:28:00,2025-01-20 15:42:51,24875.0,19.93987975951904,74.85,"(115.2192643247874, 35.78301659141303)","(115.06535312879537, 35.744890394173005)",河南省,濮阳市,173,6,3055,large,-0.11399999999999985,45,25.008181563126247
410900010154,31路(公交公司--石佛店),31,公交公司,石佛店,2025-01-20 14:39:00,2025-01-20 15:51:56,24417.0,20.08711151736746,72.93333333333334,"(115.06543700011643, 35.7447853352607)","(115.21539832047846, 35.782970932969455)",河南省,濮阳市,177,6,5792,large,-0.038000000000000256,46,24.880848613436925
410900010153,31路(石佛店--公交公司),31,石佛店,公交公司,2025-01-20 14:49:00,2025-01-20 16:03:51,24875.0,19.93987975951904,74.85,"(115.2192643247874, 35.78301659141303)","(115.06535312879537, 35.744890394173005)",河南省,濮阳市,174,6,3055,large,-0.11399999999999985,45,25.008181563126247
410900010154,31路(公交公司--石佛店),31,公交公司,石佛店,2025-01-20 14:55:00,2025-01-20 16:07:56,24417.0,20.08711151736746,72.93333333333334,"(115.06543700011643, 35.7447853352607)","(115.21539832047846, 35.782970932969455)",河南省,濮阳市,179,3,5792,large,-0.038000000000000256,46,24.880848613436925
410900010153,31路(石佛店--公交公司),31,石佛店,公交公司,2025-01-20 15:08:00,2025-01-20 16:22:51,24875.0,19.93987975951904,74.85,"(115.2192643247874, 35.78301659141303)","(115.06535312879537, 35.744890394173005)",河南省,濮阳市,176,6,3055,large,-0.11399999999999985,45,25.008181563126247
410900010154,31路(公交公司--石佛店),31,公交公司,石佛店,2025-01-20 15:11:00,2025-01-20 16:23:56,24417.0,20.08711151736746,72.93333333333334,"(115.06543700011643, 35.7447853352607)","(115.21539832047846, 35.782970932969455)",河南省,濮阳市,180,2,5792,large,-0.038000000000000256,46,24.880848613436925
410900010154,31路(公交公司--石佛店),31,公交公司,石佛店,2025-01-20 15:25:00,2025-01-20 16:37:56,24417.0,20.08711151736746,72.93333333333334,"(115.06543700011643, 35.7447853352607)","(115.21539832047846, 35.782970932969455)",河南省,濮阳市,181,1,5792,large,-0.038000000000000256,46,24.880848613436925
410900010153,31路(石佛店--公交公司),31,石佛店,公交公司,2025-01-20 15:28:00,2025-01-20 16:42:51,24875.0,19.93987975951904,74.85,"(115.2192643247874, 35.78301659141303)","(115.06535312879537, 35.744890394173005)",河南省,濮阳市,167,7,3055,large,-0.11399999999999985,45,25.008181563126247
410900010154,31路(公交公司--石佛店),31,公交公司,石佛店,2025-01-20 15:40:00,2025-01-20 16:52:56,24417.0,20.08711151736746,72.93333333333334,"(115.06543700011643, 35.7447853352607)","(115.21539832047846, 35.782970932969455)",河南省,濮阳市,178,6,5792,large,-0.038000000000000256,46,24.880848613436925
410900010153,31路(石佛店--公交公司),31,石佛店,公交公司,2025-01-20 15:45:00,2025-01-20 16:59:51,24875.0,19.93987975951904,74.85,"(115.2192643247874, 35.78301659141303)","(115.06535312879537, 35.744890394173005)",河南省,濮阳市,170,7,3055,large,-0.11399999999999985,45,25.008181563126247
410900010154,31路(公交公司--石佛店),31,公交公司,石佛店,2025-01-20 15:57:00,2025-01-20 17:09:56,24417.0,20.08711151736746,72.93333333333334,"(115.06543700011643, 35.7447853352607)","(115.21539832047846, 35.782970932969455)",河南省,濮阳市,173,7,5792,large,-0.038000000000000256,46,24.880848613436925
410900010153,31路(石佛店--公交公司),31,石佛店,公交公司,2025-01-20 16:00:00,2025-01-20 17:14:51,24875.0,19.93987975951904,74.85,"(115.2192643247874, 35.78301659141303)","(115.06535312879537, 35.744890394173005)",河南省,濮阳市,177,7,3055,large,-0.11399999999999985,45,25.008181563126247
410900010153,31路(石佛店--公交公司),31,石佛店,公交公司,2025-01-20 16:17:00,2025-01-20 17:31:51,24875.0,19.93987975951904,74.85,"(115.2192643247874, 35.78301659141303)","(115.06535312879537, 35.744890394173005)",河南省,濮阳市,179,4,3055,large,-0.11399999999999985,45,25.008181563126247
410900010154,31路(公交公司--石佛店),31,公交公司,石佛店,2025-01-20 16:18:00,2025-01-20 17:30:56,24417.0,20.08711151736746,72.93333333333334,"(115.06543700011643, 35.7447853352607)","(115.21539832047846, 35.782970932969455)",河南省,濮阳市,174,7,5792,large,-0.038000000000000256,46,24.880848613436925
410900010153,31路(石佛店--公交公司),31,石佛店,公交公司,2025-01-20 16:32:00,2025-01-20 17:46:51,24875.0,19.93987975951904,74.85,"(115.2192643247874, 35.78301659141303)","(115.06535312879537, 35.744890394173005)",河南省,濮阳市,180,3,3055,large,-0.11399999999999985,45,25.008181563126247
410900010154,31路(公交公司--石佛店),31,公交公司,石佛店,2025-01-20 16:34:00,2025-01-20 17:46:56,24417.0,20.08711151736746,72.93333333333334,"(115.06543700011643, 35.7447853352607)","(115.21539832047846, 35.782970932969455)",河南省,濮阳市,176,7,5792,large,-0.038000000000000256,46,24.880848613436925
410900010153,31路(石佛店--公交公司),31,石佛店,公交公司,2025-01-20 16:48:00,2025-01-20 18:02:51,24875.0,19.93987975951904,74.85,"(115.2192643247874, 35.78301659141303)","(115.06535312879537, 35.744890394173005)",河南省,濮阳市,181,2,3055,large,-0.11399999999999985,45,25.008181563126247
410900010154,31路(公交公司--石佛店),31,公交公司,石佛店,2025-01-20 16:51:00,2025-01-20 18:03:56,24417.0,20.08711151736746,72.93333333333334,"(115.06543700011643, 35.7447853352607)","(115.21539832047846, 35.782970932969455)",河南省,濮阳市,167,8,5792,large,-0.038000000000000256,46,24.880848613436925
410900010153,31路(石佛店--公交公司),31,石佛店,公交公司,2025-01-20 17:04:00,2025-01-20 18:18:51,24875.0,19.93987975951904,74.85,"(115.2192643247874, 35.78301659141303)","(115.06535312879537, 35.744890394173005)",河南省,濮阳市,178,7,3055,large,-0.11399999999999985,45,25.008181563126247
410900010154,31路(公交公司--石佛店),31,公交公司,石佛店,2025-01-20 17:09:00,2025-01-20 18:28:44,24417.0,18.3739966555184,79.73333333333333,"(115.06543700011643, 35.7447853352607)","(115.21539832047846, 35.782970932969455)",河南省,濮阳市,170,8,5792,large,-0.038000000000000256,46,24.588044734364544
410900010153,31路(石佛店--公交公司),31,石佛店,公交公司,2025-01-20 17:21:00,2025-01-20 18:35:51,24875.0,19.93987975951904,74.85,"(115.2192643247874, 35.78301659141303)","(115.06535312879537, 35.744890394173005)",河南省,濮阳市,173,8,3055,large,-0.11399999999999985,45,25.008181563126247
410900010154,31路(公交公司--石佛店),31,公交公司,石佛店,2025-01-20 17:28:00,2025-01-20 18:47:44,24417.0,18.3739966555184,79.73333333333333,"(115.06543700011643, 35.7447853352607)","(115.21539832047846, 35.782970932969455)",河南省,濮阳市,177,8,5792,large,-0.038000000000000256,46,24.588044734364544
410900010153,31路(石佛店--公交公司),31,石佛店,公交公司,2025-01-20 17:37:00,2025-01-20 18:51:51,24875.0,19.93987975951904,74.85,"(115.2192643247874, 35.78301659141303)","(115.06535312879537, 35.744890394173005)",河南省,濮阳市,174,8,3055,large,-0.11399999999999985,45,25.008181563126247
410900010154,31路(公交公司--石佛店),31,公交公司,石佛店,2025-01-20 17:46:00,2025-01-20 19:05:44,24417.0,18.3739966555184,79.73333333333333,"(115.06543700011643, 35.7447853352607)","(115.21539832047846, 35.782970932969455)",河南省,濮阳市,179,5,5792,large,-0.038000000000000256,46,24.588044734364544
410900010153,31路(石佛店--公交公司),31,石佛店,公交公司,2025-01-20 17:58:00,2025-01-20 19:12:51,24875.0,19.93987975951904,74.85,"(115.2192643247874, 35.78301659141303)","(115.06535312879537, 35.744890394173005)",河南省,濮阳市,176,8,3055,large,-0.11399999999999985,45,25.008181563126247
410900010154,31路(公交公司--石佛店),31,公交公司,石佛店,2025-01-20 18:05:00,2025-01-20 19:24:44,24417.0,18.3739966555184,79.73333333333333,"(115.06543700011643, 35.7447853352607)","(115.21539832047846, 35.782970932969455)",河南省,濮阳市,180,4,5792,large,-0.038000000000000256,46,24.588044734364544
410900010153,31路(石佛店--公交公司),31,石佛店,公交公司,2025-01-20 18:09:00,2025-01-20 19:23:51,24875.0,19.93987975951904,74.85,"(115.2192643247874, 35.78301659141303)","(115.06535312879537, 35.744890394173005)",河南省,濮阳市,182,1,3055,large,-0.11399999999999985,45,25.008181563126247
410900010154,31路(公交公司--石佛店),31,公交公司,石佛店,2025-01-20 18:23:00,2025-01-20 19:42:44,24417.0,18.3739966555184,79.73333333333333,"(115.06543700011643, 35.7447853352607)","(115.21539832047846, 35.782970932969455)",河南省,濮阳市,181,3,5792,large,-0.038000000000000256,46,24.588044734364544
410900010153,31路(石佛店--公交公司),31,石佛店,公交公司,2025-01-20 18:24:00,2025-01-20 19:38:51,24875.0,19.93987975951904,74.85,"(115.2192643247874, 35.78301659141303)","(115.06535312879537, 35.744890394173005)",河南省,濮阳市,167,9,3055,large,-0.11399999999999985,45,25.008181563126247
410900010154,31路(公交公司--石佛店),31,公交公司,石佛店,2025-01-20 18:40:00,2025-01-20 19:59:44,24417.0,18.3739966555184,79.73333333333333,"(115.06543700011643, 35.7447853352607)","(115.21539832047846, 35.782970932969455)",河南省,濮阳市,178,8,5792,large,-0.038000000000000256,46,24.588044734364544
410900010153,31路(石佛店--公交公司),31,石佛店,公交公司,2025-01-20 18:40:00,2025-01-20 19:54:51,24875.0,19.93987975951904,74.85,"(115.2192643247874, 35.78301659141303)","(115.06535312879537, 35.744890394173005)",河南省,濮阳市,170,9,3055,large,-0.11399999999999985,45,25.008181563126247
900000051873,35路(京开道站前路口--图书馆),35,京开道站前路口,图书馆,2025-01-20 06:30:00,2025-01-20 07:17:23,13653.0,17.288357368976435,47.38333333333333,"(115.02552625911481, 35.74257366920001)","(114.98730615494578, 35.80920820609157)",河南省,濮阳市,183,1,1217,large,-6.938893903907228e-17,25,13.573802002110446
900000051872,35路(图书馆--京开道站前路口),35,图书馆,京开道站前路口,2025-01-20 06:30:00,2025-01-20 07:17:12,13597.0,17.284322033898306,47.2,"(114.98730615494578, 35.80920820609157)","(115.02552625911481, 35.74257366920001)",河南省,濮阳市,184,1,14997,large,1.3877787807814457e-17,26,13.658868086864405
900000051873,35路(京开道站前路口--图书馆),35,京开道站前路口,图书馆,2025-01-20 06:45:00,2025-01-20 07:32:23,13653.0,17.288357368976435,47.38333333333333,"(115.02552625911481, 35.74257366920001)","(114.98730615494578, 35.80920820609157)",河南省,濮阳市,185,1,1217,large,-6.938893903907228e-17,25,13.573802002110446
900000051872,35路(图书馆--京开道站前路口),35,图书馆,京开道站前路口,2025-01-20 06:45:00,2025-01-20 07:32:12,13597.0,17.284322033898306,47.2,"(114.98730615494578, 35.80920820609157)","(115.02552625911481, 35.74257366920001)",河南省,濮阳市,186,1,14997,large,1.3877787807814457e-17,26,13.658868086864405
900000051872,35路(图书馆--京开道站前路口),35,图书馆,京开道站前路口,2025-01-20 06:59:00,2025-01-20 07:46:12,13597.0,17.284322033898306,47.2,"(114.98730615494578, 35.80920820609157)","(115.02552625911481, 35.74257366920001)",河南省,濮阳市,187,1,14997,large,1.3877787807814457e-17,26,13.658868086864405
900000051873,35路(京开道站前路口--图书馆),35,京开道站前路口,图书馆,2025-01-20 07:02:00,2025-01-20 07:53:42,13653.0,15.844874274661509,51.7,"(115.02552625911481, 35.74257366920001)","(114.98730615494578, 35.80920820609157)",河南省,濮阳市,188,1,1217,large,-6.938893903907228e-17,25,13.435846879303675
900000051872,35路(图书馆--京开道站前路口),35,图书馆,京开道站前路口,2025-01-20 07:14:00,2025-01-20 08:05:17,13597.0,15.908092297692557,51.28333333333333,"(114.98730615494578, 35.80920820609157)","(115.02552625911481, 35.74257366920001)",河南省,濮阳市,189,1,14997,large,1.3877787807814457e-17,26,13.527879916802078
900000051873,35路(京开道站前路口--图书馆),35,京开道站前路口,图书馆,2025-01-20 07:16:00,2025-01-20 08:07:42,13653.0,15.844874274661509,51.7,"(115.02552625911481, 35.74257366920001)","(114.98730615494578, 35.80920820609157)",河南省,濮阳市,190,1,1217,large,-6.938893903907228e-17,25,13.435846879303675
900000051872,35路(图书馆--京开道站前路口),35,图书馆,京开道站前路口,2025-01-20 07:28:00,2025-01-20 08:19:17,13597.0,15.908092297692557,51.28333333333333,"(114.98730615494578, 35.80920820609157)","(115.02552625911481, 35.74257366920001)",河南省,濮阳市,183,2,14997,large,1.3877787807814457e-17,26,13.527879916802078
900000051873,35路(京开道站前路口--图书馆),35,京开道站前路口,图书馆,2025-01-20 07:29:00,2025-01-20 08:20:42,13653.0,15.844874274661509,51.7,"(115.02552625911481, 35.74257366920001)","(114.98730615494578, 35.80920820609157)",河南省,濮阳市,184,2,1217,large,-6.938893903907228e-17,25,13.435846879303675
900000051872,35路(图书馆--京开道站前路口),35,图书馆,京开道站前路口,2025-01-20 07:41:00,2025-01-20 08:32:17,13597.0,15.908092297692557,51.28333333333333,"(114.98730615494578, 35.80920820609157)","(115.02552625911481, 35.74257366920001)",河南省,濮阳市,185,2,14997,large,1.3877787807814457e-17,26,13.527879916802078
900000051873,35路(京开道站前路口--图书馆),35,京开道站前路口,图书馆,2025-01-20 07:44:00,2025-01-20 08:35:42,13653.0,15.844874274661509,51.7,"(115.02552625911481, 35.74257366920001)","(114.98730615494578, 35.80920820609157)",河南省,濮阳市,186,2,1217,large,-6.938893903907228e-17,25,13.435846879303675
900000051872,35路(图书馆--京开道站前路口),35,图书馆,京开道站前路口,2025-01-20 07:55:00,2025-01-20 08:46:17,13597.0,15.908092297692557,51.28333333333333,"(114.98730615494578, 35.80920820609157)","(115.02552625911481, 35.74257366920001)",河南省,濮阳市,191,1,14997,large,1.3877787807814457e-17,26,13.527879916802078
900000051873,35路(京开道站前路口--图书馆),35,京开道站前路口,图书馆,2025-01-20 07:57:00,2025-01-20 08:48:42,13653.0,15.844874274661509,51.7,"(115.02552625911481, 35.74257366920001)","(114.98730615494578, 35.80920820609157)",河南省,濮阳市,187,2,1217,large,-6.938893903907228e-17,25,13.435846879303675
900000051872,35路(图书馆--京开道站前路口),35,图书馆,京开道站前路口,2025-01-20 08:10:00,2025-01-20 09:01:17,13597.0,15.908092297692557,51.28333333333333,"(114.98730615494578, 35.80920820609157)","(115.02552625911481, 35.74257366920001)",河南省,濮阳市,188,2,14997,large,1.3877787807814457e-17,26,13.527879916802078
900000051873,35路(京开道站前路口--图书馆),35,京开道站前路口,图书馆,2025-01-20 08:14:00,2025-01-20 09:05:42,13653.0,15.844874274661509,51.7,"(115.02552625911481, 35.74257366920001)","(114.98730615494578, 35.80920820609157)",河南省,濮阳市,189,2,1217,large,-6.938893903907228e-17,25,13.435846879303675
900000051872,35路(图书馆--京开道站前路口),35,图书馆,京开道站前路口,2025-01-20 08:24:00,2025-01-20 09:15:17,13597.0,15.908092297692557,51.28333333333333,"(114.98730615494578, 35.80920820609157)","(115.02552625911481, 35.74257366920001)",河南省,濮阳市,190,2,14997,large,1.3877787807814457e-17,26,13.527879916802078
900000051873,35路(京开道站前路口--图书馆),35,京开道站前路口,图书馆,2025-01-20 08:30:00,2025-01-20 09:21:42,13653.0,15.844874274661509,51.7,"(115.02552625911481, 35.74257366920001)","(114.98730615494578, 35.80920820609157)",河南省,濮阳市,183,3,1217,large,-6.938893903907228e-17,25,13.435846879303675
900000051872,35路(图书馆--京开道站前路口),35,图书馆,京开道站前路口,2025-01-20 08:39:00,2025-01-20 09:30:17,13597.0,15.908092297692557,51.28333333333333,"(114.98730615494578, 35.80920820609157)","(115.02552625911481, 35.74257366920001)",河南省,濮阳市,184,3,14997,large,1.3877787807814457e-17,26,13.527879916802078
900000051873,35路(京开道站前路口--图书馆),35,京开道站前路口,图书馆,2025-01-20 08:44:00,2025-01-20 09:35:42,13653.0,15.844874274661509,51.7,"(115.02552625911481, 35.74257366920001)","(114.98730615494578, 35.80920820609157)",河南省,濮阳市,185,3,1217,large,-6.938893903907228e-17,25,13.435846879303675
900000051872,35路(图书馆--京开道站前路口),35,图书馆,京开道站前路口,2025-01-20 08:54:00,2025-01-20 09:45:17,13597.0,15.908092297692557,51.28333333333333,"(114.98730615494578, 35.80920820609157)","(115.02552625911481, 35.74257366920001)",河南省,濮阳市,187,3,14997,large,1.3877787807814457e-17,26,13.527879916802078
900000051873,35路(京开道站前路口--图书馆),35,京开道站前路口,图书馆,2025-01-20 09:01:00,2025-01-20 09:48:23,13653.0,17.288357368976435,47.38333333333333,"(115.02552625911481, 35.74257366920001)","(114.98730615494578, 35.80920820609157)",河南省,濮阳市,191,2,1217,large,-6.938893903907228e-17,25,13.573802002110446
900000051872,35路(图书馆--京开道站前路口),35,图书馆,京开道站前路口,2025-01-20 09:10:00,2025-01-20 09:57:12,13597.0,17.284322033898306,47.2,"(114.98730615494578, 35.80920820609157)","(115.02552625911481, 35.74257366920001)",河南省,濮阳市,192,1,14997,large,1.3877787807814457e-17,26,13.658868086864405
900000051873,35路(京开道站前路口--图书馆),35,京开道站前路口,图书馆,2025-01-20 09:16:00,2025-01-20 10:03:23,13653.0,17.288357368976435,47.38333333333333,"(115.02552625911481, 35.74257366920001)","(114.98730615494578, 35.80920820609157)",河南省,濮阳市,188,3,1217,large,-6.938893903907228e-17,25,13.573802002110446
900000051872,35路(图书馆--京开道站前路口),35,图书馆,京开道站前路口,2025-01-20 09:25:00,2025-01-20 10:12:12,13597.0,17.284322033898306,47.2,"(114.98730615494578, 35.80920820609157)","(115.02552625911481, 35.74257366920001)",河南省,濮阳市,189,3,14997,large,1.3877787807814457e-17,26,13.658868086864405
900000051873,35路(京开道站前路口--图书馆),35,京开道站前路口,图书馆,2025-01-20 09:33:00,2025-01-20 10:20:23,13653.0,17.288357368976435,47.38333333333333,"(115.02552625911481, 35.74257366920001)","(114.98730615494578, 35.80920820609157)",河南省,濮阳市,190,3,1217,large,-6.938893903907228e-17,25,13.573802002110446
900000051872,35路(图书馆--京开道站前路口),35,图书馆,京开道站前路口,2025-01-20 09:39:00,2025-01-20 10:26:12,13597.0,17.284322033898306,47.2,"(114.98730615494578, 35.80920820609157)","(115.02552625911481, 35.74257366920001)",河南省,濮阳市,183,4,14997,large,1.3877787807814457e-17,26,13.658868086864405
900000051873,35路(京开道站前路口--图书馆),35,京开道站前路口,图书馆,2025-01-20 09:52:00,2025-01-20 10:39:23,13653.0,17.288357368976435,47.38333333333333,"(115.02552625911481, 35.74257366920001)","(114.98730615494578, 35.80920820609157)",河南省,濮阳市,187,4,1217,large,-6.938893903907228e-17,25,13.573802002110446
900000051872,35路(图书馆--京开道站前路口),35,图书馆,京开道站前路口,2025-01-20 09:54:00,2025-01-20 10:41:12,13597.0,17.284322033898306,47.2,"(114.98730615494578, 35.80920820609157)","(115.02552625911481, 35.74257366920001)",河南省,濮阳市,191,3,14997,large,1.3877787807814457e-17,26,13.658868086864405
900000051873,35路(京开道站前路口--图书馆),35,京开道站前路口,图书馆,2025-01-20 10:08:00,2025-01-20 10:55:23,13653.0,17.288357368976435,47.38333333333333,"(115.02552625911481, 35.74257366920001)","(114.98730615494578, 35.80920820609157)",河南省,濮阳市,192,2,1217,large,-6.938893903907228e-17,25,13.573802002110446
900000051872,35路(图书馆--京开道站前路口),35,图书馆,京开道站前路口,2025-01-20 10:10:00,2025-01-20 10:57:12,13597.0,17.284322033898306,47.2,"(114.98730615494578, 35.80920820609157)","(115.02552625911481, 35.74257366920001)",河南省,濮阳市,188,4,14997,large,1.3877787807814457e-17,26,13.658868086864405
900000051872,35路(图书馆--京开道站前路口),35,图书馆,京开道站前路口,2025-01-20 10:26:00,2025-01-20 11:13:12,13597.0,17.284322033898306,47.2,"(114.98730615494578, 35.80920820609157)","(115.02552625911481, 35.74257366920001)",河南省,濮阳市,190,4,14997,large,1.3877787807814457e-17,26,13.658868086864405
900000051873,35路(京开道站前路口--图书馆),35,京开道站前路口,图书馆,2025-01-20 10:27:00,2025-01-20 11:14:23,13653.0,17.288357368976435,47.38333333333333,"(115.02552625911481, 35.74257366920001)","(114.98730615494578, 35.80920820609157)",河南省,濮阳市,189,4,1217,large,-6.938893903907228e-17,25,13.573802002110446
900000051872,35路(图书馆--京开道站前路口),35,图书馆,京开道站前路口,2025-01-20 10:44:00,2025-01-20 11:31:12,13597.0,17.284322033898306,47.2,"(114.98730615494578, 35.80920820609157)","(115.02552625911481, 35.74257366920001)",河南省,濮阳市,193,1,14997,large,1.3877787807814457e-17,26,13.658868086864405
900000051873,35路(京开道站前路口--图书馆),35,京开道站前路口,图书馆,2025-01-20 10:45:00,2025-01-20 11:32:23,13653.0,17.288357368976435,47.38333333333333,"(115.02552625911481, 35.74257366920001)","(114.98730615494578, 35.80920820609157)",河南省,濮阳市,183,5,1217,large,-6.938893903907228e-17,25,13.573802002110446
900000051872,35路(图书馆--京开道站前路口),35,图书馆,京开道站前路口,2025-01-20 11:00:00,2025-01-20 11:47:12,13597.0,17.284322033898306,47.2,"(114.98730615494578, 35.80920820609157)","(115.02552625911481, 35.74257366920001)",河南省,濮阳市,187,5,14997,large,1.3877787807814457e-17,26,13.658868086864405
900000051873,35路(京开道站前路口--图书馆),35,京开道站前路口,图书馆,2025-01-20 11:01:00,2025-01-20 11:48:23,13653.0,17.288357368976435,47.38333333333333,"(115.02552625911481, 35.74257366920001)","(114.98730615494578, 35.80920820609157)",河南省,濮阳市,191,4,1217,large,-6.938893903907228e-17,25,13.573802002110446
900000051873,35路(京开道站前路口--图书馆),35,京开道站前路口,图书馆,2025-01-20 11:19:00,2025-01-20 12:06:23,13653.0,17.288357368976435,47.38333333333333,"(115.02552625911481, 35.74257366920001)","(114.98730615494578, 35.80920820609157)",河南省,濮阳市,190,5,1217,large,-6.938893903907228e-17,25,13.573802002110446
900000051872,35路(图书馆--京开道站前路口),35,图书馆,京开道站前路口,2025-01-20 11:19:00,2025-01-20 12:06:12,13597.0,17.284322033898306,47.2,"(114.98730615494578, 35.80920820609157)","(115.02552625911481, 35.74257366920001)",河南省,濮阳市,192,3,14997,large,1.3877787807814457e-17,26,13.658868086864405
900000051872,35路(图书馆--京开道站前路口),35,图书馆,京开道站前路口,2025-01-20 11:36:00,2025-01-20 12:23:12,13597.0,17.284322033898306,47.2,"(114.98730615494578, 35.80920820609157)","(115.02552625911481, 35.74257366920001)",河南省,濮阳市,189,5,14997,large,1.3877787807814457e-17,26,13.658868086864405
900000051873,35路(京开道站前路口--图书馆),35,京开道站前路口,图书馆,2025-01-20 11:37:00,2025-01-20 12:24:23,13653.0,17.288357368976435,47.38333333333333,"(115.02552625911481, 35.74257366920001)","(114.98730615494578, 35.80920820609157)",河南省,濮阳市,193,2,1217,large,-6.938893903907228e-17,25,13.573802002110446
900000051872,35路(图书馆--京开道站前路口),35,图书馆,京开道站前路口,2025-01-20 11:52:00,2025-01-20 12:39:12,13597.0,17.284322033898306,47.2,"(114.98730615494578, 35.80920820609157)","(115.02552625911481, 35.74257366920001)",河南省,濮阳市,183,6,14997,large,1.3877787807814457e-17,26,13.658868086864405
900000051873,35路(京开道站前路口--图书馆),35,京开道站前路口,图书馆,2025-01-20 11:54:00,2025-01-20 12:41:23,13653.0,17.288357368976435,47.38333333333333,"(115.02552625911481, 35.74257366920001)","(114.98730615494578, 35.80920820609157)",河南省,濮阳市,187,6,1217,large,-6.938893903907228e-17,25,13.573802002110446
900000051872,35路(图书馆--京开道站前路口),35,图书馆,京开道站前路口,2025-01-20 12:10:00,2025-01-20 12:57:12,13597.0,17.284322033898306,47.2,"(114.98730615494578, 35.80920820609157)","(115.02552625911481, 35.74257366920001)",河南省,濮阳市,191,5,14997,large,1.3877787807814457e-17,26,13.658868086864405
900000051873,35路(京开道站前路口--图书馆),35,京开道站前路口,图书馆,2025-01-20 12:12:00,2025-01-20 12:59:23,13653.0,17.288357368976435,47.38333333333333,"(115.02552625911481, 35.74257366920001)","(114.98730615494578, 35.80920820609157)",河南省,濮阳市,192,4,1217,large,-6.938893903907228e-17,25,13.573802002110446
900000051872,35路(图书馆--京开道站前路口),35,图书馆,京开道站前路口,2025-01-20 12:28:00,2025-01-20 13:15:12,13597.0,17.284322033898306,47.2,"(114.98730615494578, 35.80920820609157)","(115.02552625911481, 35.74257366920001)",河南省,濮阳市,190,6,14997,large,1.3877787807814457e-17,26,13.658868086864405
900000051873,35路(京开道站前路口--图书馆),35,京开道站前路口,图书馆,2025-01-20 12:29:00,2025-01-20 13:16:23,13653.0,17.288357368976435,47.38333333333333,"(115.02552625911481, 35.74257366920001)","(114.98730615494578, 35.80920820609157)",河南省,濮阳市,189,6,1217,large,-6.938893903907228e-17,25,13.573802002110446
900000051872,35路(图书馆--京开道站前路口),35,图书馆,京开道站前路口,2025-01-20 12:45:00,2025-01-20 13:32:12,13597.0,17.284322033898306,47.2,"(114.98730615494578, 35.80920820609157)","(115.02552625911481, 35.74257366920001)",河南省,濮阳市,193,3,14997,large,1.3877787807814457e-17,26,13.658868086864405
900000051873,35路(京开道站前路口--图书馆),35,京开道站前路口,图书馆,2025-01-20 12:48:00,2025-01-20 13:35:23,13653.0,17.288357368976435,47.38333333333333,"(115.02552625911481, 35.74257366920001)","(114.98730615494578, 35.80920820609157)",河南省,濮阳市,183,7,1217,large,-6.938893903907228e-17,25,13.573802002110446
900000051872,35路(图书馆--京开道站前路口),35,图书馆,京开道站前路口,2025-01-20 13:03:00,2025-01-20 13:50:12,13597.0,17.284322033898306,47.2,"(114.98730615494578, 35.80920820609157)","(115.02552625911481, 35.74257366920001)",河南省,濮阳市,187,7,14997,large,1.3877787807814457e-17,26,13.658868086864405
900000051873,35路(京开道站前路口--图书馆),35,京开道站前路口,图书馆,2025-01-20 13:05:00,2025-01-20 13:52:23,13653.0,17.288357368976435,47.38333333333333,"(115.02552625911481, 35.74257366920001)","(114.98730615494578, 35.80920820609157)",河南省,濮阳市,191,6,1217,large,-6.938893903907228e-17,25,13.573802002110446
900000051872,35路(图书馆--京开道站前路口),35,图书馆,京开道站前路口,2025-01-20 13:20:00,2025-01-20 14:07:12,13597.0,17.284322033898306,47.2,"(114.98730615494578, 35.80920820609157)","(115.02552625911481, 35.74257366920001)",河南省,濮阳市,192,5,14997,large,1.3877787807814457e-17,26,13.658868086864405
900000051873,35路(京开道站前路口--图书馆),35,京开道站前路口,图书馆,2025-01-20 13:21:00,2025-01-20 14:08:23,13653.0,17.288357368976435,47.38333333333333,"(115.02552625911481, 35.74257366920001)","(114.98730615494578, 35.80920820609157)",河南省,濮阳市,190,7,1217,large,-6.938893903907228e-17,25,13.573802002110446
900000051872,35路(图书馆--京开道站前路口),35,图书馆,京开道站前路口,2025-01-20 13:38:00,2025-01-20 14:25:12,13597.0,17.284322033898306,47.2,"(114.98730615494578, 35.80920820609157)","(115.02552625911481, 35.74257366920001)",河南省,濮阳市,189,7,14997,large,1.3877787807814457e-17,26,13.658868086864405
900000051873,35路(京开道站前路口--图书馆),35,京开道站前路口,图书馆,2025-01-20 13:39:00,2025-01-20 14:26:23,13653.0,17.288357368976435,47.38333333333333,"(115.02552625911481, 35.74257366920001)","(114.98730615494578, 35.80920820609157)",河南省,濮阳市,193,4,1217,large,-6.938893903907228e-17,25,13.573802002110446
900000051872,35路(图书馆--京开道站前路口),35,图书馆,京开道站前路口,2025-01-20 13:56:00,2025-01-20 14:43:12,13597.0,17.284322033898306,47.2,"(114.98730615494578, 35.80920820609157)","(115.02552625911481, 35.74257366920001)",河南省,濮阳市,183,8,14997,large,1.3877787807814457e-17,26,13.658868086864405
900000051873,35路(京开道站前路口--图书馆),35,京开道站前路口,图书馆,2025-01-20 13:59:00,2025-01-20 14:46:23,13653.0,17.288357368976435,47.38333333333333,"(115.02552625911481, 35.74257366920001)","(114.98730615494578, 35.80920820609157)",河南省,濮阳市,187,8,1217,large,-6.938893903907228e-17,25,13.573802002110446
900000051872,35路(图书馆--京开道站前路口),35,图书馆,京开道站前路口,2025-01-20 14:12:00,2025-01-20 14:59:12,13597.0,17.284322033898306,47.2,"(114.98730615494578, 35.80920820609157)","(115.02552625911481, 35.74257366920001)",河南省,濮阳市,191,7,14997,large,1.3877787807814457e-17,26,13.658868086864405
900000051873,35路(京开道站前路口--图书馆),35,京开道站前路口,图书馆,2025-01-20 14:13:00,2025-01-20 15:00:23,13653.0,17.288357368976435,47.38333333333333,"(115.02552625911481, 35.74257366920001)","(114.98730615494578, 35.80920820609157)",河南省,濮阳市,192,6,1217,large,-6.938893903907228e-17,25,13.573802002110446
900000051872,35路(图书馆--京开道站前路口),35,图书馆,京开道站前路口,2025-01-20 14:30:00,2025-01-20 15:17:12,13597.0,17.284322033898306,47.2,"(114.98730615494578, 35.80920820609157)","(115.02552625911481, 35.74257366920001)",河南省,濮阳市,190,8,14997,large,1.3877787807814457e-17,26,13.658868086864405
900000051873,35路(京开道站前路口--图书馆),35,京开道站前路口,图书馆,2025-01-20 14:30:00,2025-01-20 15:17:23,13653.0,17.288357368976435,47.38333333333333,"(115.02552625911481, 35.74257366920001)","(114.98730615494578, 35.80920820609157)",河南省,濮阳市,194,1,1217,large,-6.938893903907228e-17,25,13.573802002110446
900000051873,35路(京开道站前路口--图书馆),35,京开道站前路口,图书馆,2025-01-20 14:46:00,2025-01-20 15:33:23,13653.0,17.288357368976435,47.38333333333333,"(115.02552625911481, 35.74257366920001)","(114.98730615494578, 35.80920820609157)",河南省,濮阳市,189,8,1217,large,-6.938893903907228e-17,25,13.573802002110446
900000051872,35路(图书馆--京开道站前路口),35,图书馆,京开道站前路口,2025-01-20 14:49:00,2025-01-20 15:36:12,13597.0,17.284322033898306,47.2,"(114.98730615494578, 35.80920820609157)","(115.02552625911481, 35.74257366920001)",河南省,濮阳市,193,5,14997,large,1.3877787807814457e-17,26,13.658868086864405
900000051873,35路(京开道站前路口--图书馆),35,京开道站前路口,图书馆,2025-01-20 15:02:00,2025-01-20 15:49:23,13653.0,17.288357368976435,47.38333333333333,"(115.02552625911481, 35.74257366920001)","(114.98730615494578, 35.80920820609157)",河南省,濮阳市,183,9,1217,large,-6.938893903907228e-17,25,13.573802002110446
900000051872,35路(图书馆--京开道站前路口),35,图书馆,京开道站前路口,2025-01-20 15:04:00,2025-01-20 15:51:12,13597.0,17.284322033898306,47.2,"(114.98730615494578, 35.80920820609157)","(115.02552625911481, 35.74257366920001)",河南省,濮阳市,187,9,14997,large,1.3877787807814457e-17,26,13.658868086864405
900000051873,35路(京开道站前路口--图书馆),35,京开道站前路口,图书馆,2025-01-20 15:18:00,2025-01-20 16:05:23,13653.0,17.288357368976435,47.38333333333333,"(115.02552625911481, 35.74257366920001)","(114.98730615494578, 35.80920820609157)",河南省,濮阳市,191,8,1217,large,-6.938893903907228e-17,25,13.573802002110446
900000051872,35路(图书馆--京开道站前路口),35,图书馆,京开道站前路口,2025-01-20 15:20:00,2025-01-20 16:07:12,13597.0,17.284322033898306,47.2,"(114.98730615494578, 35.80920820609157)","(115.02552625911481, 35.74257366920001)",河南省,濮阳市,192,7,14997,large,1.3877787807814457e-17,26,13.658868086864405
900000051873,35路(京开道站前路口--图书馆),35,京开道站前路口,图书馆,2025-01-20 15:33:00,2025-01-20 16:20:23,13653.0,17.288357368976435,47.38333333333333,"(115.02552625911481, 35.74257366920001)","(114.98730615494578, 35.80920820609157)",河南省,濮阳市,190,9,1217,large,-6.938893903907228e-17,25,13.573802002110446
900000051872,35路(图书馆--京开道站前路口),35,图书馆,京开道站前路口,2025-01-20 15:37:00,2025-01-20 16:24:12,13597.0,17.284322033898306,47.2,"(114.98730615494578, 35.80920820609157)","(115.02552625911481, 35.74257366920001)",河南省,濮阳市,194,2,14997,large,1.3877787807814457e-17,26,13.658868086864405
900000051873,35路(京开道站前路口--图书馆),35,京开道站前路口,图书馆,2025-01-20 15:49:00,2025-01-20 16:36:23,13653.0,17.288357368976435,47.38333333333333,"(115.02552625911481, 35.74257366920001)","(114.98730615494578, 35.80920820609157)",河南省,濮阳市,193,6,1217,large,-6.938893903907228e-17,25,13.573802002110446
900000051872,35路(图书馆--京开道站前路口),35,图书馆,京开道站前路口,2025-01-20 15:54:00,2025-01-20 16:41:12,13597.0,17.284322033898306,47.2,"(114.98730615494578, 35.80920820609157)","(115.02552625911481, 35.74257366920001)",河南省,濮阳市,189,9,14997,large,1.3877787807814457e-17,26,13.658868086864405
900000051873,35路(京开道站前路口--图书馆),35,京开道站前路口,图书馆,2025-01-20 16:06:00,2025-01-20 16:53:23,13653.0,17.288357368976435,47.38333333333333,"(115.02552625911481, 35.74257366920001)","(114.98730615494578, 35.80920820609157)",河南省,濮阳市,187,10,1217,large,-6.938893903907228e-17,25,13.573802002110446
900000051872,35路(图书馆--京开道站前路口),35,图书馆,京开道站前路口,2025-01-20 16:11:00,2025-01-20 16:58:12,13597.0,17.284322033898306,47.2,"(114.98730615494578, 35.80920820609157)","(115.02552625911481, 35.74257366920001)",河南省,濮阳市,191,9,14997,large,1.3877787807814457e-17,26,13.658868086864405
900000051873,35路(京开道站前路口--图书馆),35,京开道站前路口,图书馆,2025-01-20 16:21:00,2025-01-20 17:08:23,13653.0,17.288357368976435,47.38333333333333,"(115.02552625911481, 35.74257366920001)","(114.98730615494578, 35.80920820609157)",河南省,濮阳市,192,8,1217,large,-6.938893903907228e-17,25,13.573802002110446
900000051872,35路(图书馆--京开道站前路口),35,图书馆,京开道站前路口,2025-01-20 16:26:00,2025-01-20 17:13:12,13597.0,17.284322033898306,47.2,"(114.98730615494578, 35.80920820609157)","(115.02552625911481, 35.74257366920001)",河南省,濮阳市,190,10,14997,large,1.3877787807814457e-17,26,13.658868086864405
900000051873,35路(京开道站前路口--图书馆),35,京开道站前路口,图书馆,2025-01-20 16:37:00,2025-01-20 17:24:23,13653.0,17.288357368976435,47.38333333333333,"(115.02552625911481, 35.74257366920001)","(114.98730615494578, 35.80920820609157)",河南省,濮阳市,194,3,1217,large,-6.938893903907228e-17,25,13.573802002110446
900000051872,35路(图书馆--京开道站前路口),35,图书馆,京开道站前路口,2025-01-20 16:42:00,2025-01-20 17:29:12,13597.0,17.284322033898306,47.2,"(114.98730615494578, 35.80920820609157)","(115.02552625911481, 35.74257366920001)",河南省,濮阳市,193,7,14997,large,1.3877787807814457e-17,26,13.658868086864405
900000051873,35路(京开道站前路口--图书馆),35,京开道站前路口,图书馆,2025-01-20 16:52:00,2025-01-20 17:39:23,13653.0,17.288357368976435,47.38333333333333,"(115.02552625911481, 35.74257366920001)","(114.98730615494578, 35.80920820609157)",河南省,濮阳市,189,10,1217,large,-6.938893903907228e-17,25,13.573802002110446
900000051872,35路(图书馆--京开道站前路口),35,图书馆,京开道站前路口,2025-01-20 17:00:00,2025-01-20 17:51:17,13597.0,15.908092297692557,51.28333333333333,"(114.98730615494578, 35.80920820609157)","(115.02552625911481, 35.74257366920001)",河南省,濮阳市,187,11,14997,large,1.3877787807814457e-17,26,13.527879916802078
900000051873,35路(京开道站前路口--图书馆),35,京开道站前路口,图书馆,2025-01-20 17:07:00,2025-01-20 17:58:42,13653.0,15.844874274661509,51.7,"(115.02552625911481, 35.74257366920001)","(114.98730615494578, 35.80920820609157)",河南省,濮阳市,191,10,1217,large,-6.938893903907228e-17,25,13.435846879303675
900000051872,35路(图书馆--京开道站前路口),35,图书馆,京开道站前路口,2025-01-20 17:13:00,2025-01-20 18:04:17,13597.0,15.908092297692557,51.28333333333333,"(114.98730615494578, 35.80920820609157)","(115.02552625911481, 35.74257366920001)",河南省,濮阳市,195,1,14997,large,1.3877787807814457e-17,26,13.527879916802078
900000051873,35路(京开道站前路口--图书馆),35,京开道站前路口,图书馆,2025-01-20 17:20:00,2025-01-20 18:11:42,13653.0,15.844874274661509,51.7,"(115.02552625911481, 35.74257366920001)","(114.98730615494578, 35.80920820609157)",河南省,濮阳市,190,11,1217,large,-6.938893903907228e-17,25,13.435846879303675
900000051872,35路(图书馆--京开道站前路口),35,图书馆,京开道站前路口,2025-01-20 17:28:00,2025-01-20 18:19:17,13597.0,15.908092297692557,51.28333333333333,"(114.98730615494578, 35.80920820609157)","(115.02552625911481, 35.74257366920001)",河南省,濮阳市,192,9,14997,large,1.3877787807814457e-17,26,13.527879916802078
900000051873,35路(京开道站前路口--图书馆),35,京开道站前路口,图书馆,2025-01-20 17:32:00,2025-01-20 18:23:42,13653.0,15.844874274661509,51.7,"(115.02552625911481, 35.74257366920001)","(114.98730615494578, 35.80920820609157)",河南省,濮阳市,196,1,1217,large,-6.938893903907228e-17,25,13.435846879303675
900000051872,35路(图书馆--京开道站前路口),35,图书馆,京开道站前路口,2025-01-20 17:42:00,2025-01-20 18:33:17,13597.0,15.908092297692557,51.28333333333333,"(114.98730615494578, 35.80920820609157)","(115.02552625911481, 35.74257366920001)",河南省,濮阳市,194,4,14997,large,1.3877787807814457e-17,26,13.527879916802078
900000051873,35路(京开道站前路口--图书馆),35,京开道站前路口,图书馆,2025-01-20 17:45:00,2025-01-20 18:36:42,13653.0,15.844874274661509,51.7,"(115.02552625911481, 35.74257366920001)","(114.98730615494578, 35.80920820609157)",河南省,濮阳市,193,8,1217,large,-6.938893903907228e-17,25,13.435846879303675
900000051872,35路(图书馆--京开道站前路口),35,图书馆,京开道站前路口,2025-01-20 17:56:00,2025-01-20 18:47:17,13597.0,15.908092297692557,51.28333333333333,"(114.98730615494578, 35.80920820609157)","(115.02552625911481, 35.74257366920001)",河南省,濮阳市,189,11,14997,large,1.3877787807814457e-17,26,13.527879916802078
900000051873,35路(京开道站前路口--图书馆),35,京开道站前路口,图书馆,2025-01-20 17:58:00,2025-01-20 18:49:42,13653.0,15.844874274661509,51.7,"(115.02552625911481, 35.74257366920001)","(114.98730615494578, 35.80920820609157)",河南省,濮阳市,187,12,1217,large,-6.938893903907228e-17,25,13.435846879303675
900000051873,35路(京开道站前路口--图书馆),35,京开道站前路口,图书馆,2025-01-20 18:11:00,2025-01-20 19:02:42,13653.0,15.844874274661509,51.7,"(115.02552625911481, 35.74257366920001)","(114.98730615494578, 35.80920820609157)",河南省,濮阳市,195,2,1217,large,-6.938893903907228e-17,25,13.435846879303675
900000051872,35路(图书馆--京开道站前路口),35,图书馆,京开道站前路口,2025-01-20 18:12:00,2025-01-20 19:03:17,13597.0,15.908092297692557,51.28333333333333,"(114.98730615494578, 35.80920820609157)","(115.02552625911481, 35.74257366920001)",河南省,濮阳市,191,11,14997,large,1.3877787807814457e-17,26,13.527879916802078
900000051873,35路(京开道站前路口--图书馆),35,京开道站前路口,图书馆,2025-01-20 18:25:00,2025-01-20 19:16:42,13653.0,15.844874274661509,51.7,"(115.02552625911481, 35.74257366920001)","(114.98730615494578, 35.80920820609157)",河南省,濮阳市,192,10,1217,large,-6.938893903907228e-17,25,13.435846879303675
900000051872,35路(图书馆--京开道站前路口),35,图书馆,京开道站前路口,2025-01-20 18:27:00,2025-01-20 19:18:17,13597.0,15.908092297692557,51.28333333333333,"(114.98730615494578, 35.80920820609157)","(115.02552625911481, 35.74257366920001)",河南省,濮阳市,190,12,14997,large,1.3877787807814457e-17,26,13.527879916802078
900000051873,35路(京开道站前路口--图书馆),35,京开道站前路口,图书馆,2025-01-20 18:41:00,2025-01-20 19:32:42,13653.0,15.844874274661509,51.7,"(115.02552625911481, 35.74257366920001)","(114.98730615494578, 35.80920820609157)",河南省,濮阳市,194,5,1217,large,-6.938893903907228e-17,25,13.435846879303675
900000051872,35路(图书馆--京开道站前路口),35,图书馆,京开道站前路口,2025-01-20 18:43:00,2025-01-20 19:34:17,13597.0,15.908092297692557,51.28333333333333,"(114.98730615494578, 35.80920820609157)","(115.02552625911481, 35.74257366920001)",河南省,濮阳市,196,2,14997,large,1.3877787807814457e-17,26,13.527879916802078
900000051873,35路(京开道站前路口--图书馆),35,京开道站前路口,图书馆,2025-01-20 18:59:00,2025-01-20 19:50:42,13653.0,15.844874274661509,51.7,"(115.02552625911481, 35.74257366920001)","(114.98730615494578, 35.80920820609157)",河南省,濮阳市,189,12,1217,large,-6.938893903907228e-17,25,13.435846879303675
900000051872,35路(图书馆--京开道站前路口),35,图书馆,京开道站前路口,2025-01-20 19:00:00,2025-01-20 19:47:12,13597.0,17.284322033898306,47.2,"(114.98730615494578, 35.80920820609157)","(115.02552625911481, 35.74257366920001)",河南省,濮阳市,187,13,14997,large,1.3877787807814457e-17,26,13.658868086864405
900000038562,36路(公交新东站--东方花园二期),36,公交新东站,东方花园二期,2025-01-20 06:30:00,2025-01-20 07:13:03,14265.0,19.881533101045296,43.05,"(115.12874961628322, 35.791883564642575)","(115.03960488268459, 35.79248719331132)",河南省,濮阳市,197,1,1963,large,6.938893903907228e-17,29,14.809752487804877
900000038560,36路(东方花园二期--公交新东站),36,东方花园二期,公交新东站,2025-01-20 06:30:00,2025-01-20 07:17:04,14653.0,18.679461756373936,47.06666666666667,"(115.03964352525156, 35.79474730496901)","(115.12901300793575, 35.79187092483457)",河南省,濮阳市,198,1,11942,large,-0.038000000000000096,30,15.07830747181303
900000038562,36路(公交新东站--东方花园二期),36,公交新东站,东方花园二期,2025-01-20 07:09:00,2025-01-20 08:01:33,14265.0,16.28734538534729,52.55,"(115.12874961628322, 35.791883564642575)","(115.03960488268459, 35.79248719331132)",河南省,濮阳市,199,1,1963,large,6.938893903907228e-17,29,14.450854873453853
900000038560,36路(东方花园二期--公交新东站),36,东方花园二期,公交新东站,2025-01-20 07:19:00,2025-01-20 08:12:50,14653.0,16.33151702786378,53.833333333333336,"(115.03964352525156, 35.79474730496901)","(115.12901300793575, 35.79187092483457)",河南省,濮阳市,197,2,11942,large,-0.038000000000000096,30,14.837476433065014
900000038562,36路(公交新东站--东方花园二期),36,公交新东站,东方花园二期,2025-01-20 07:49:00,2025-01-20 08:41:33,14265.0,16.28734538534729,52.55,"(115.12874961628322, 35.791883564642575)","(115.03960488268459, 35.79248719331132)",河南省,濮阳市,198,2,1963,large,6.938893903907228e-17,29,14.450854873453853
900000038560,36路(东方花园二期--公交新东站),36,东方花园二期,公交新东站,2025-01-20 07:59:00,2025-01-20 08:52:50,14653.0,16.33151702786378,53.833333333333336,"(115.03964352525156, 35.79474730496901)","(115.12901300793575, 35.79187092483457)",河南省,濮阳市,200,1,11942,large,-0.038000000000000096,30,14.837476433065014
900000038560,36路(东方花园二期--公交新东站),36,东方花园二期,公交新东站,2025-01-20 08:29:00,2025-01-20 09:22:50,14653.0,16.33151702786378,53.833333333333336,"(115.03964352525156, 35.79474730496901)","(115.12901300793575, 35.79187092483457)",河南省,濮阳市,199,2,11942,large,-0.038000000000000096,30,14.837476433065014
900000038562,36路(公交新东站--东方花园二期),36,公交新东站,东方花园二期,2025-01-20 08:30:00,2025-01-20 09:22:33,14265.0,16.28734538534729,52.55,"(115.12874961628322, 35.791883564642575)","(115.03960488268459, 35.79248719331132)",河南省,濮阳市,197,3,1963,large,6.938893903907228e-17,29,14.450854873453853
900000038560,36路(东方花园二期--公交新东站),36,东方花园二期,公交新东站,2025-01-20 08:59:00,2025-01-20 09:52:50,14653.0,16.33151702786378,53.833333333333336,"(115.03964352525156, 35.79474730496901)","(115.12901300793575, 35.79187092483457)",河南省,濮阳市,198,3,11942,large,-0.038000000000000096,30,14.837476433065014
900000038562,36路(公交新东站--东方花园二期),36,公交新东站,东方花园二期,2025-01-20 09:00:00,2025-01-20 09:43:03,14265.0,19.881533101045296,43.05,"(115.12874961628322, 35.791883564642575)","(115.03960488268459, 35.79248719331132)",河南省,濮阳市,200,2,1963,large,6.938893903907228e-17,29,14.809752487804877
900000038562,36路(公交新东站--东方花园二期),36,公交新东站,东方花园二期,2025-01-20 09:29:00,2025-01-20 10:12:03,14265.0,19.881533101045296,43.05,"(115.12874961628322, 35.791883564642575)","(115.03960488268459, 35.79248719331132)",河南省,濮阳市,199,3,1963,large,6.938893903907228e-17,29,14.809752487804877
900000038560,36路(东方花园二期--公交新东站),36,东方花园二期,公交新东站,2025-01-20 09:29:00,2025-01-20 10:16:04,14653.0,18.679461756373936,47.06666666666667,"(115.03964352525156, 35.79474730496901)","(115.12901300793575, 35.79187092483457)",河南省,濮阳市,197,4,11942,large,-0.038000000000000096,30,15.07830747181303
900000038560,36路(东方花园二期--公交新东站),36,东方花园二期,公交新东站,2025-01-20 09:59:00,2025-01-20 10:46:04,14653.0,18.679461756373936,47.06666666666667,"(115.03964352525156, 35.79474730496901)","(115.12901300793575, 35.79187092483457)",河南省,濮阳市,200,3,11942,large,-0.038000000000000096,30,15.07830747181303
900000038562,36路(公交新东站--东方花园二期),36,公交新东站,东方花园二期,2025-01-20 10:00:00,2025-01-20 10:43:03,14265.0,19.881533101045296,43.05,"(115.12874961628322, 35.791883564642575)","(115.03960488268459, 35.79248719331132)",河南省,濮阳市,198,4,1963,large,6.938893903907228e-17,29,14.809752487804877
900000038562,36路(公交新东站--东方花园二期),36,公交新东站,东方花园二期,2025-01-20 10:39:00,2025-01-20 11:22:03,14265.0,19.881533101045296,43.05,"(115.12874961628322, 35.791883564642575)","(115.03960488268459, 35.79248719331132)",河南省,濮阳市,197,5,1963,large,6.938893903907228e-17,29,14.809752487804877
900000038560,36路(东方花园二期--公交新东站),36,东方花园二期,公交新东站,2025-01-20 10:39:00,2025-01-20 11:26:04,14653.0,18.679461756373936,47.06666666666667,"(115.03964352525156, 35.79474730496901)","(115.12901300793575, 35.79187092483457)",河南省,濮阳市,199,4,11942,large,-0.038000000000000096,30,15.07830747181303
900000038560,36路(东方花园二期--公交新东站),36,东方花园二期,公交新东站,2025-01-20 11:19:00,2025-01-20 12:06:04,14653.0,18.679461756373936,47.06666666666667,"(115.03964352525156, 35.79474730496901)","(115.12901300793575, 35.79187092483457)",河南省,濮阳市,198,5,11942,large,-0.038000000000000096,30,15.07830747181303
900000038562,36路(公交新东站--东方花园二期),36,公交新东站,东方花园二期,2025-01-20 11:20:00,2025-01-20 12:03:03,14265.0,19.881533101045296,43.05,"(115.12874961628322, 35.791883564642575)","(115.03960488268459, 35.79248719331132)",河南省,濮阳市,200,4,1963,large,6.938893903907228e-17,29,14.809752487804877
900000038560,36路(东方花园二期--公交新东站),36,东方花园二期,公交新东站,2025-01-20 12:00:00,2025-01-20 12:47:04,14653.0,18.679461756373936,47.06666666666667,"(115.03964352525156, 35.79474730496901)","(115.12901300793575, 35.79187092483457)",河南省,濮阳市,197,6,11942,large,-0.038000000000000096,30,15.07830747181303
900000038562,36路(公交新东站--东方花园二期),36,公交新东站,东方花园二期,2025-01-20 12:00:00,2025-01-20 12:43:03,14265.0,19.881533101045296,43.05,"(115.12874961628322, 35.791883564642575)","(115.03960488268459, 35.79248719331132)",河南省,濮阳市,199,5,1963,large,6.938893903907228e-17,29,14.809752487804877
900000038560,36路(东方花园二期--公交新东站),36,东方花园二期,公交新东站,2025-01-20 12:39:00,2025-01-20 13:26:04,14653.0,18.679461756373936,47.06666666666667,"(115.03964352525156, 35.79474730496901)","(115.12901300793575, 35.79187092483457)",河南省,濮阳市,200,5,11942,large,-0.038000000000000096,30,15.07830747181303
900000038562,36路(公交新东站--东方花园二期),36,公交新东站,东方花园二期,2025-01-20 12:39:00,2025-01-20 13:22:03,14265.0,19.881533101045296,43.05,"(115.12874961628322, 35.791883564642575)","(115.03960488268459, 35.79248719331132)",河南省,濮阳市,198,6,1963,large,6.938893903907228e-17,29,14.809752487804877
900000038560,36路(东方花园二期--公交新东站),36,东方花园二期,公交新东站,2025-01-20 13:09:00,2025-01-20 13:56:04,14653.0,18.679461756373936,47.06666666666667,"(115.03964352525156, 35.79474730496901)","(115.12901300793575, 35.79187092483457)",河南省,濮阳市,199,6,11942,large,-0.038000000000000096,30,15.07830747181303
900000038562,36路(公交新东站--东方花园二期),36,公交新东站,东方花园二期,2025-01-20 13:09:00,2025-01-20 13:52:03,14265.0,19.881533101045296,43.05,"(115.12874961628322, 35.791883564642575)","(115.03960488268459, 35.79248719331132)",河南省,濮阳市,197,7,1963,large,6.938893903907228e-17,29,14.809752487804877
900000038562,36路(公交新东站--东方花园二期),36,公交新东站,东方花园二期,2025-01-20 13:39:00,2025-01-20 14:22:03,14265.0,19.881533101045296,43.05,"(115.12874961628322, 35.791883564642575)","(115.03960488268459, 35.79248719331132)",河南省,濮阳市,200,6,1963,large,6.938893903907228e-17,29,14.809752487804877
900000038560,36路(东方花园二期--公交新东站),36,东方花园二期,公交新东站,2025-01-20 13:39:00,2025-01-20 14:26:04,14653.0,18.679461756373936,47.06666666666667,"(115.03964352525156, 35.79474730496901)","(115.12901300793575, 35.79187092483457)",河南省,濮阳市,198,7,11942,large,-0.038000000000000096,30,15.07830747181303
900000038560,36路(东方花园二期--公交新东站),36,东方花园二期,公交新东站,2025-01-20 14:10:00,2025-01-20 14:57:04,14653.0,18.679461756373936,47.06666666666667,"(115.03964352525156, 35.79474730496901)","(115.12901300793575, 35.79187092483457)",河南省,濮阳市,197,8,11942,large,-0.038000000000000096,30,15.07830747181303
900000038562,36路(公交新东站--东方花园二期),36,公交新东站,东方花园二期,2025-01-20 14:10:00,2025-01-20 14:53:03,14265.0,19.881533101045296,43.05,"(115.12874961628322, 35.791883564642575)","(115.03960488268459, 35.79248719331132)",河南省,濮阳市,199,7,1963,large,6.938893903907228e-17,29,14.809752487804877
900000038560,36路(东方花园二期--公交新东站),36,东方花园二期,公交新东站,2025-01-20 14:39:00,2025-01-20 15:26:04,14653.0,18.679461756373936,47.06666666666667,"(115.03964352525156, 35.79474730496901)","(115.12901300793575, 35.79187092483457)",河南省,濮阳市,200,7,11942,large,-0.038000000000000096,30,15.07830747181303
900000038562,36路(公交新东站--东方花园二期),36,公交新东站,东方花园二期,2025-01-20 14:40:00,2025-01-20 15:23:03,14265.0,19.881533101045296,43.05,"(115.12874961628322, 35.791883564642575)","(115.03960488268459, 35.79248719331132)",河南省,濮阳市,198,8,1963,large,6.938893903907228e-17,29,14.809752487804877
900000038560,36路(东方花园二期--公交新东站),36,东方花园二期,公交新东站,2025-01-20 15:19:00,2025-01-20 16:06:04,14653.0,18.679461756373936,47.06666666666667,"(115.03964352525156, 35.79474730496901)","(115.12901300793575, 35.79187092483457)",河南省,濮阳市,199,8,11942,large,-0.038000000000000096,30,15.07830747181303
900000038562,36路(公交新东站--东方花园二期),36,公交新东站,东方花园二期,2025-01-20 15:20:00,2025-01-20 16:03:03,14265.0,19.881533101045296,43.05,"(115.12874961628322, 35.791883564642575)","(115.03960488268459, 35.79248719331132)",河南省,濮阳市,197,9,1963,large,6.938893903907228e-17,29,14.809752487804877
900000038562,36路(公交新东站--东方花园二期),36,公交新东站,东方花园二期,2025-01-20 15:49:00,2025-01-20 16:32:03,14265.0,19.881533101045296,43.05,"(115.12874961628322, 35.791883564642575)","(115.03960488268459, 35.79248719331132)",河南省,濮阳市,200,8,1963,large,6.938893903907228e-17,29,14.809752487804877
900000038560,36路(东方花园二期--公交新东站),36,东方花园二期,公交新东站,2025-01-20 15:50:00,2025-01-20 16:37:04,14653.0,18.679461756373936,47.06666666666667,"(115.03964352525156, 35.79474730496901)","(115.12901300793575, 35.79187092483457)",河南省,濮阳市,198,9,11942,large,-0.038000000000000096,30,15.07830747181303
900000038560,36路(东方花园二期--公交新东站),36,东方花园二期,公交新东站,2025-01-20 16:19:00,2025-01-20 17:06:04,14653.0,18.679461756373936,47.06666666666667,"(115.03964352525156, 35.79474730496901)","(115.12901300793575, 35.79187092483457)",河南省,濮阳市,197,10,11942,large,-0.038000000000000096,30,15.07830747181303
900000038562,36路(公交新东站--东方花园二期),36,公交新东站,东方花园二期,2025-01-20 16:20:00,2025-01-20 17:03:03,14265.0,19.881533101045296,43.05,"(115.12874961628322, 35.791883564642575)","(115.03960488268459, 35.79248719331132)",河南省,濮阳市,199,9,1963,large,6.938893903907228e-17,29,14.809752487804877
900000038560,36路(东方花园二期--公交新东站),36,东方花园二期,公交新东站,2025-01-20 16:54:00,2025-01-20 17:41:04,14653.0,18.679461756373936,47.06666666666667,"(115.03964352525156, 35.79474730496901)","(115.12901300793575, 35.79187092483457)",河南省,濮阳市,200,9,11942,large,-0.038000000000000096,30,15.07830747181303
900000038562,36路(公交新东站--东方花园二期),36,公交新东站,东方花园二期,2025-01-20 16:54:00,2025-01-20 17:37:03,14265.0,19.881533101045296,43.05,"(115.12874961628322, 35.791883564642575)","(115.03960488268459, 35.79248719331132)",河南省,濮阳市,198,10,1963,large,6.938893903907228e-17,29,14.809752487804877
900000038562,36路(公交新东站--东方花园二期),36,公交新东站,东方花园二期,2025-01-20 17:30:00,2025-01-20 18:22:33,14265.0,16.28734538534729,52.55,"(115.12874961628322, 35.791883564642575)","(115.03960488268459, 35.79248719331132)",河南省,濮阳市,197,11,1963,large,6.938893903907228e-17,29,14.450854873453853
900000038560,36路(东方花园二期--公交新东站),36,东方花园二期,公交新东站,2025-01-20 17:49:00,2025-01-20 18:42:50,14653.0,16.33151702786378,53.833333333333336,"(115.03964352525156, 35.79474730496901)","(115.12901300793575, 35.79187092483457)",河南省,濮阳市,199,10,11942,large,-0.038000000000000096,30,14.837476433065014
900000038562,36路(公交新东站--东方花园二期),36,公交新东站,东方花园二期,2025-01-20 18:09:00,2025-01-20 19:01:33,14265.0,16.28734538534729,52.55,"(115.12874961628322, 35.791883564642575)","(115.03960488268459, 35.79248719331132)",河南省,濮阳市,200,10,1963,large,6.938893903907228e-17,29,14.450854873453853
900000038560,36路(东方花园二期--公交新东站),36,东方花园二期,公交新东站,2025-01-20 18:22:00,2025-01-20 19:15:50,14653.0,16.33151702786378,53.833333333333336,"(115.03964352525156, 35.79474730496901)","(115.12901300793575, 35.79187092483457)",河南省,濮阳市,201,1,11942,large,-0.038000000000000096,30,14.837476433065014
900000038562,36路(公交新东站--东方花园二期),36,公交新东站,东方花园二期,2025-01-20 18:59:00,2025-01-20 19:51:33,14265.0,16.28734538534729,52.55,"(115.12874961628322, 35.791883564642575)","(115.03960488268459, 35.79248719331132)",河南省,濮阳市,199,11,1963,large,6.938893903907228e-17,29,14.450854873453853
900000038560,36路(东方花园二期--公交新东站),36,东方花园二期,公交新东站,2025-01-20 18:59:00,2025-01-20 19:52:50,14653.0,16.33151702786378,53.833333333333336,"(115.03964352525156, 35.79474730496901)","(115.12901300793575, 35.79187092483457)",河南省,濮阳市,197,12,11942,large,-0.038000000000000096,30,14.837476433065014
410900010156,4路(水电--盟城),4,水电,盟城,2025-01-20 06:30:00,2025-01-20 07:06:19,9805.0,16.199173932996786,36.31666666666667,"(115.09876152744405, 35.76708427390756)","(115.03810968747631, 35.75191080346815)",河南省,濮阳市,202,1,2038,medium,0.15199999999999997,21,10.215264302891232
410900010155,4路(盟城--水电),4,盟城,水电,2025-01-20 06:30:00,2025-01-20 07:11:02,9778.0,14.297644191714054,41.03333333333333,"(115.03808377065053, 35.75185788354626)","(115.09867750256754, 35.76719620839328)",河南省,濮阳市,203,1,2432,medium,-0.03800000000000002,21,9.874802954346059
410900010155,4路(盟城--水电),4,盟城,水电,2025-01-20 06:40:00,2025-01-20 07:21:02,9778.0,14.297644191714054,41.03333333333333,"(115.03808377065053, 35.75185788354626)","(115.09867750256754, 35.76719620839328)",河南省,濮阳市,204,1,2432,medium,-0.03800000000000002,21,9.874802954346059
410900010156,4路(水电--盟城),4,水电,盟城,2025-01-20 06:40:00,2025-01-20 07:16:19,9805.0,16.199173932996786,36.31666666666667,"(115.09876152744405, 35.76708427390756)","(115.03810968747631, 35.75191080346815)",河南省,濮阳市,205,1,2038,medium,0.15199999999999997,21,10.215264302891232
410900010156,4路(水电--盟城),4,水电,盟城,2025-01-20 06:50:00,2025-01-20 07:26:19,9805.0,16.199173932996786,36.31666666666667,"(115.09876152744405, 35.76708427390756)","(115.03810968747631, 35.75191080346815)",河南省,濮阳市,206,1,2038,medium,0.15199999999999997,21,10.215264302891232
410900010155,4路(盟城--水电),4,盟城,水电,2025-01-20 06:51:00,2025-01-20 07:32:02,9778.0,14.297644191714054,41.03333333333333,"(115.03808377065053, 35.75185788354626)","(115.09867750256754, 35.76719620839328)",河南省,濮阳市,207,1,2432,medium,-0.03800000000000002,21,9.874802954346059
410900010156,4路(水电--盟城),4,水电,盟城,2025-01-20 07:00:00,2025-01-20 07:41:10,9805.0,14.290688259109311,41.16666666666666,"(115.09876152744405, 35.76708427390756)","(115.03810968747631, 35.75191080346815)",河南省,濮阳市,208,1,2038,medium,0.15199999999999997,21,10.084275388663967
410900010155,4路(盟城--水电),4,盟城,水电,2025-01-20 07:02:00,2025-01-20 07:43:05,9778.0,14.28024340770791,41.083333333333336,"(115.03808377065053, 35.75185788354626)","(115.09867750256754, 35.76719620839328)",河南省,濮阳市,209,1,2432,medium,-0.03800000000000002,21,9.873611940283975
410900010156,4路(水电--盟城),4,水电,盟城,2025-01-20 07:10:00,2025-01-20 07:51:10,9805.0,14.290688259109311,41.16666666666666,"(115.09876152744405, 35.76708427390756)","(115.03810968747631, 35.75191080346815)",河南省,濮阳市,210,1,2038,medium,0.15199999999999997,21,10.084275388663967
410900010155,4路(盟城--水电),4,盟城,水电,2025-01-20 07:13:00,2025-01-20 07:54:05,9778.0,14.28024340770791,41.083333333333336,"(115.03808377065053, 35.75185788354626)","(115.09867750256754, 35.76719620839328)",河南省,濮阳市,202,2,2432,medium,-0.03800000000000002,21,9.873611940283975
410900010156,4路(水电--盟城),4,水电,盟城,2025-01-20 07:21:00,2025-01-20 08:02:10,9805.0,14.290688259109311,41.16666666666666,"(115.09876152744405, 35.76708427390756)","(115.03810968747631, 35.75191080346815)",河南省,濮阳市,203,2,2038,medium,0.15199999999999997,21,10.084275388663967
410900010155,4路(盟城--水电),4,盟城,水电,2025-01-20 07:25:00,2025-01-20 08:06:05,9778.0,14.28024340770791,41.083333333333336,"(115.03808377065053, 35.75185788354626)","(115.09867750256754, 35.76719620839328)",河南省,濮阳市,205,2,2432,medium,-0.03800000000000002,21,9.873611940283975
410900010156,4路(水电--盟城),4,水电,盟城,2025-01-20 07:31:00,2025-01-20 08:12:10,9805.0,14.290688259109311,41.16666666666666,"(115.09876152744405, 35.76708427390756)","(115.03810968747631, 35.75191080346815)",河南省,濮阳市,204,2,2038,medium,0.15199999999999997,21,10.084275388663967
410900010155,4路(盟城--水电),4,盟城,水电,2025-01-20 07:35:00,2025-01-20 08:16:05,9778.0,14.28024340770791,41.083333333333336,"(115.03808377065053, 35.75185788354626)","(115.09867750256754, 35.76719620839328)",河南省,濮阳市,206,2,2432,medium,-0.03800000000000002,21,9.873611940283975
410900010156,4路(水电--盟城),4,水电,盟城,2025-01-20 07:43:00,2025-01-20 08:24:10,9805.0,14.290688259109311,41.16666666666666,"(115.09876152744405, 35.76708427390756)","(115.03810968747631, 35.75191080346815)",河南省,濮阳市,207,2,2038,medium,0.15199999999999997,21,10.084275388663967
410900010155,4路(盟城--水电),4,盟城,水电,2025-01-20 07:47:00,2025-01-20 08:28:05,9778.0,14.28024340770791,41.083333333333336,"(115.03808377065053, 35.75185788354626)","(115.09867750256754, 35.76719620839328)",河南省,濮阳市,208,2,2432,medium,-0.03800000000000002,21,9.873611940283975
410900010156,4路(水电--盟城),4,水电,盟城,2025-01-20 07:53:00,2025-01-20 08:34:10,9805.0,14.290688259109311,41.16666666666666,"(115.09876152744405, 35.76708427390756)","(115.03810968747631, 35.75191080346815)",河南省,濮阳市,209,2,2038,medium,0.15199999999999997,21,10.084275388663967
410900010155,4路(盟城--水电),4,盟城,水电,2025-01-20 07:58:00,2025-01-20 08:39:05,9778.0,14.28024340770791,41.083333333333336,"(115.03808377065053, 35.75185788354626)","(115.09867750256754, 35.76719620839328)",河南省,濮阳市,210,2,2432,medium,-0.03800000000000002,21,9.873611940283975
410900010156,4路(水电--盟城),4,水电,盟城,2025-01-20 08:05:00,2025-01-20 08:46:10,9805.0,14.290688259109311,41.16666666666666,"(115.09876152744405, 35.76708427390756)","(115.03810968747631, 35.75191080346815)",河南省,濮阳市,202,3,2038,medium,0.15199999999999997,21,10.084275388663967
410900010155,4路(盟城--水电),4,盟城,水电,2025-01-20 08:09:00,2025-01-20 08:50:05,9778.0,14.28024340770791,41.083333333333336,"(115.03808377065053, 35.75185788354626)","(115.09867750256754, 35.76719620839328)",河南省,濮阳市,203,3,2432,medium,-0.03800000000000002,21,9.873611940283975
410900010156,4路(水电--盟城),4,水电,盟城,2025-01-20 08:15:00,2025-01-20 08:56:10,9805.0,14.290688259109311,41.16666666666666,"(115.09876152744405, 35.76708427390756)","(115.03810968747631, 35.75191080346815)",河南省,濮阳市,205,3,2038,medium,0.15199999999999997,21,10.084275388663967
410900010155,4路(盟城--水电),4,盟城,水电,2025-01-20 08:20:00,2025-01-20 09:01:05,9778.0,14.28024340770791,41.083333333333336,"(115.03808377065053, 35.75185788354626)","(115.09867750256754, 35.76719620839328)",河南省,濮阳市,204,3,2432,medium,-0.03800000000000002,21,9.873611940283975
410900010156,4路(水电--盟城),4,水电,盟城,2025-01-20 08:27:00,2025-01-20 09:08:10,9805.0,14.290688259109311,41.16666666666666,"(115.09876152744405, 35.76708427390756)","(115.03810968747631, 35.75191080346815)",河南省,濮阳市,206,3,2038,medium,0.15199999999999997,21,10.084275388663967
410900010155,4路(盟城--水电),4,盟城,水电,2025-01-20 08:31:00,2025-01-20 09:12:05,9778.0,14.28024340770791,41.083333333333336,"(115.03808377065053, 35.75185788354626)","(115.09867750256754, 35.76719620839328)",河南省,濮阳市,207,3,2432,medium,-0.03800000000000002,21,9.873611940283975
410900010156,4路(水电--盟城),4,水电,盟城,2025-01-20 08:37:00,2025-01-20 09:18:10,9805.0,14.290688259109311,41.16666666666666,"(115.09876152744405, 35.76708427390756)","(115.03810968747631, 35.75191080346815)",河南省,濮阳市,208,3,2038,medium,0.15199999999999997,21,10.084275388663967
410900010155,4路(盟城--水电),4,盟城,水电,2025-01-20 08:42:00,2025-01-20 09:23:05,9778.0,14.28024340770791,41.083333333333336,"(115.03808377065053, 35.75185788354626)","(115.09867750256754, 35.76719620839328)",河南省,濮阳市,209,3,2432,medium,-0.03800000000000002,21,9.873611940283975
410900010156,4路(水电--盟城),4,水电,盟城,2025-01-20 08:49:00,2025-01-20 09:30:10,9805.0,14.290688259109311,41.16666666666666,"(115.09876152744405, 35.76708427390756)","(115.03810968747631, 35.75191080346815)",河南省,濮阳市,210,3,2038,medium,0.15199999999999997,21,10.084275388663967
410900010155,4路(盟城--水电),4,盟城,水电,2025-01-20 08:54:00,2025-01-20 09:35:05,9778.0,14.28024340770791,41.083333333333336,"(115.03808377065053, 35.75185788354626)","(115.09867750256754, 35.76719620839328)",河南省,濮阳市,202,4,2432,medium,-0.03800000000000002,21,9.873611940283975
410900010156,4路(水电--盟城),4,水电,盟城,2025-01-20 09:00:00,2025-01-20 09:36:19,9805.0,16.199173932996786,36.31666666666667,"(115.09876152744405, 35.76708427390756)","(115.03810968747631, 35.75191080346815)",河南省,濮阳市,203,4,2038,medium,0.15199999999999997,21,10.215264302891232
410900010155,4路(盟城--水电),4,盟城,水电,2025-01-20 09:07:00,2025-01-20 09:48:02,9778.0,14.297644191714054,41.03333333333333,"(115.03808377065053, 35.75185788354626)","(115.09867750256754, 35.76719620839328)",河南省,濮阳市,205,4,2432,medium,-0.03800000000000002,21,9.874802954346059
410900010156,4路(水电--盟城),4,水电,盟城,2025-01-20 09:11:00,2025-01-20 09:47:19,9805.0,16.199173932996786,36.31666666666667,"(115.09876152744405, 35.76708427390756)","(115.03810968747631, 35.75191080346815)",河南省,濮阳市,204,4,2038,medium,0.15199999999999997,21,10.215264302891232
410900010156,4路(水电--盟城),4,水电,盟城,2025-01-20 09:22:00,2025-01-20 09:58:19,9805.0,16.199173932996786,36.31666666666667,"(115.09876152744405, 35.76708427390756)","(115.03810968747631, 35.75191080346815)",河南省,濮阳市,207,4,2038,medium,0.15199999999999997,21,10.215264302891232
410900010155,4路(盟城--水电),4,盟城,水电,2025-01-20 09:22:00,2025-01-20 10:03:02,9778.0,14.297644191714054,41.03333333333333,"(115.03808377065053, 35.75185788354626)","(115.09867750256754, 35.76719620839328)",河南省,濮阳市,206,4,2432,medium,-0.03800000000000002,21,9.874802954346059
410900010155,4路(盟城--水电),4,盟城,水电,2025-01-20 09:33:00,2025-01-20 10:14:02,9778.0,14.297644191714054,41.03333333333333,"(115.03808377065053, 35.75185788354626)","(115.09867750256754, 35.76719620839328)",河南省,濮阳市,208,4,2432,medium,-0.03800000000000002,21,9.874802954346059
410900010156,4路(水电--盟城),4,水电,盟城,2025-01-20 09:35:00,2025-01-20 10:11:19,9805.0,16.199173932996786,36.31666666666667,"(115.09876152744405, 35.76708427390756)","(115.03810968747631, 35.75191080346815)",河南省,濮阳市,209,4,2038,medium,0.15199999999999997,21,10.215264302891232
410900010155,4路(盟城--水电),4,盟城,水电,2025-01-20 09:46:00,2025-01-20 10:27:02,9778.0,14.297644191714054,41.03333333333333,"(115.03808377065053, 35.75185788354626)","(115.09867750256754, 35.76719620839328)",河南省,濮阳市,210,4,2432,medium,-0.03800000000000002,21,9.874802954346059
410900010156,4路(水电--盟城),4,水电,盟城,2025-01-20 09:48:00,2025-01-20 10:24:19,9805.0,16.199173932996786,36.31666666666667,"(115.09876152744405, 35.76708427390756)","(115.03810968747631, 35.75191080346815)",河南省,濮阳市,202,5,2038,medium,0.15199999999999997,21,10.215264302891232
410900010155,4路(盟城--水电),4,盟城,水电,2025-01-20 10:00:00,2025-01-20 10:41:02,9778.0,14.297644191714054,41.03333333333333,"(115.03808377065053, 35.75185788354626)","(115.09867750256754, 35.76719620839328)",河南省,濮阳市,204,5,2432,medium,-0.03800000000000002,21,9.874802954346059
410900010156,4路(水电--盟城),4,水电,盟城,2025-01-20 10:01:00,2025-01-20 10:37:19,9805.0,16.199173932996786,36.31666666666667,"(115.09876152744405, 35.76708427390756)","(115.03810968747631, 35.75191080346815)",河南省,濮阳市,205,5,2038,medium,0.15199999999999997,21,10.215264302891232
410900010155,4路(盟城--水电),4,盟城,水电,2025-01-20 10:12:00,2025-01-20 10:53:02,9778.0,14.297644191714054,41.03333333333333,"(115.03808377065053, 35.75185788354626)","(115.09867750256754, 35.76719620839328)",河南省,濮阳市,207,5,2432,medium,-0.03800000000000002,21,9.874802954346059
410900010156,4路(水电--盟城),4,水电,盟城,2025-01-20 10:13:00,2025-01-20 10:49:19,9805.0,16.199173932996786,36.31666666666667,"(115.09876152744405, 35.76708427390756)","(115.03810968747631, 35.75191080346815)",河南省,濮阳市,206,5,2038,medium,0.15199999999999997,21,10.215264302891232
410900010155,4路(盟城--水电),4,盟城,水电,2025-01-20 10:27:00,2025-01-20 11:08:02,9778.0,14.297644191714054,41.03333333333333,"(115.03808377065053, 35.75185788354626)","(115.09867750256754, 35.76719620839328)",河南省,濮阳市,209,5,2432,medium,-0.03800000000000002,21,9.874802954346059
410900010156,4路(水电--盟城),4,水电,盟城,2025-01-20 10:27:00,2025-01-20 11:03:19,9805.0,16.199173932996786,36.31666666666667,"(115.09876152744405, 35.76708427390756)","(115.03810968747631, 35.75191080346815)",河南省,濮阳市,208,5,2038,medium,0.15199999999999997,21,10.215264302891232
410900010156,4路(水电--盟城),4,水电,盟城,2025-01-20 10:39:00,2025-01-20 11:15:19,9805.0,16.199173932996786,36.31666666666667,"(115.09876152744405, 35.76708427390756)","(115.03810968747631, 35.75191080346815)",河南省,濮阳市,210,5,2038,medium,0.15199999999999997,21,10.215264302891232
410900010155,4路(盟城--水电),4,盟城,水电,2025-01-20 10:43:00,2025-01-20 11:24:02,9778.0,14.297644191714054,41.03333333333333,"(115.03808377065053, 35.75185788354626)","(115.09867750256754, 35.76719620839328)",河南省,濮阳市,205,6,2432,medium,-0.03800000000000002,21,9.874802954346059
410900010156,4路(水电--盟城),4,水电,盟城,2025-01-20 10:53:00,2025-01-20 11:29:19,9805.0,16.199173932996786,36.31666666666667,"(115.09876152744405, 35.76708427390756)","(115.03810968747631, 35.75191080346815)",河南省,濮阳市,204,6,2038,medium,0.15199999999999997,21,10.215264302891232
410900010155,4路(盟城--水电),4,盟城,水电,2025-01-20 10:58:00,2025-01-20 11:39:02,9778.0,14.297644191714054,41.03333333333333,"(115.03808377065053, 35.75185788354626)","(115.09867750256754, 35.76719620839328)",河南省,濮阳市,206,6,2432,medium,-0.03800000000000002,21,9.874802954346059
410900010156,4路(水电--盟城),4,水电,盟城,2025-01-20 11:07:00,2025-01-20 11:43:19,9805.0,16.199173932996786,36.31666666666667,"(115.09876152744405, 35.76708427390756)","(115.03810968747631, 35.75191080346815)",河南省,濮阳市,207,6,2038,medium,0.15199999999999997,21,10.215264302891232
410900010155,4路(盟城--水电),4,盟城,水电,2025-01-20 11:15:00,2025-01-20 11:56:02,9778.0,14.297644191714054,41.03333333333333,"(115.03808377065053, 35.75185788354626)","(115.09867750256754, 35.76719620839328)",河南省,濮阳市,208,6,2432,medium,-0.03800000000000002,21,9.874802954346059
410900010156,4路(水电--盟城),4,水电,盟城,2025-01-20 11:23:00,2025-01-20 11:59:19,9805.0,16.199173932996786,36.31666666666667,"(115.09876152744405, 35.76708427390756)","(115.03810968747631, 35.75191080346815)",河南省,濮阳市,209,6,2038,medium,0.15199999999999997,21,10.215264302891232
410900010155,4路(盟城--水电),4,盟城,水电,2025-01-20 11:30:00,2025-01-20 12:11:02,9778.0,14.297644191714054,41.03333333333333,"(115.03808377065053, 35.75185788354626)","(115.09867750256754, 35.76719620839328)",河南省,濮阳市,210,6,2432,medium,-0.03800000000000002,21,9.874802954346059
410900010156,4路(水电--盟城),4,水电,盟城,2025-01-20 11:38:00,2025-01-20 12:14:19,9805.0,16.199173932996786,36.31666666666667,"(115.09876152744405, 35.76708427390756)","(115.03810968747631, 35.75191080346815)",河南省,濮阳市,205,7,2038,medium,0.15199999999999997,21,10.215264302891232
410900010155,4路(盟城--水电),4,盟城,水电,2025-01-20 11:47:00,2025-01-20 12:28:02,9778.0,14.297644191714054,41.03333333333333,"(115.03808377065053, 35.75185788354626)","(115.09867750256754, 35.76719620839328)",河南省,濮阳市,204,7,2432,medium,-0.03800000000000002,21,9.874802954346059
410900010156,4路(水电--盟城),4,水电,盟城,2025-01-20 11:55:00,2025-01-20 12:31:19,9805.0,16.199173932996786,36.31666666666667,"(115.09876152744405, 35.76708427390756)","(115.03810968747631, 35.75191080346815)",河南省,濮阳市,206,7,2038,medium,0.15199999999999997,21,10.215264302891232
410900010155,4路(盟城--水电),4,盟城,水电,2025-01-20 12:02:00,2025-01-20 12:43:02,9778.0,14.297644191714054,41.03333333333333,"(115.03808377065053, 35.75185788354626)","(115.09867750256754, 35.76719620839328)",河南省,濮阳市,207,7,2432,medium,-0.03800000000000002,21,9.874802954346059
410900010156,4路(水电--盟城),4,水电,盟城,2025-01-20 12:11:00,2025-01-20 12:47:19,9805.0,16.199173932996786,36.31666666666667,"(115.09876152744405, 35.76708427390756)","(115.03810968747631, 35.75191080346815)",河南省,濮阳市,208,7,2038,medium,0.15199999999999997,21,10.215264302891232
410900010155,4路(盟城--水电),4,盟城,水电,2025-01-20 12:19:00,2025-01-20 13:00:02,9778.0,14.297644191714054,41.03333333333333,"(115.03808377065053, 35.75185788354626)","(115.09867750256754, 35.76719620839328)",河南省,濮阳市,209,7,2432,medium,-0.03800000000000002,21,9.874802954346059
410900010156,4路(水电--盟城),4,水电,盟城,2025-01-20 12:27:00,2025-01-20 13:03:19,9805.0,16.199173932996786,36.31666666666667,"(115.09876152744405, 35.76708427390756)","(115.03810968747631, 35.75191080346815)",河南省,濮阳市,210,7,2038,medium,0.15199999999999997,21,10.215264302891232
410900010155,4路(盟城--水电),4,盟城,水电,2025-01-20 12:33:00,2025-01-20 13:14:02,9778.0,14.297644191714054,41.03333333333333,"(115.03808377065053, 35.75185788354626)","(115.09867750256754, 35.76719620839328)",河南省,濮阳市,205,8,2432,medium,-0.03800000000000002,21,9.874802954346059
410900010156,4路(水电--盟城),4,水电,盟城,2025-01-20 12:42:00,2025-01-20 13:18:19,9805.0,16.199173932996786,36.31666666666667,"(115.09876152744405, 35.76708427390756)","(115.03810968747631, 35.75191080346815)",河南省,濮阳市,204,8,2038,medium,0.15199999999999997,21,10.215264302891232
410900010155,4路(盟城--水电),4,盟城,水电,2025-01-20 12:50:00,2025-01-20 13:31:02,9778.0,14.297644191714054,41.03333333333333,"(115.03808377065053, 35.75185788354626)","(115.09867750256754, 35.76719620839328)",河南省,濮阳市,206,8,2432,medium,-0.03800000000000002,21,9.874802954346059
410900010156,4路(水电--盟城),4,水电,盟城,2025-01-20 12:59:00,2025-01-20 13:35:19,9805.0,16.199173932996786,36.31666666666667,"(115.09876152744405, 35.76708427390756)","(115.03810968747631, 35.75191080346815)",河南省,濮阳市,207,8,2038,medium,0.15199999999999997,21,10.215264302891232
410900010155,4路(盟城--水电),4,盟城,水电,2025-01-20 13:06:00,2025-01-20 13:47:02,9778.0,14.297644191714054,41.03333333333333,"(115.03808377065053, 35.75185788354626)","(115.09867750256754, 35.76719620839328)",河南省,濮阳市,208,8,2432,medium,-0.03800000000000002,21,9.874802954346059
410900010156,4路(水电--盟城),4,水电,盟城,2025-01-20 13:15:00,2025-01-20 13:51:19,9805.0,16.199173932996786,36.31666666666667,"(115.09876152744405, 35.76708427390756)","(115.03810968747631, 35.75191080346815)",河南省,濮阳市,209,8,2038,medium,0.15199999999999997,21,10.215264302891232
410900010155,4路(盟城--水电),4,盟城,水电,2025-01-20 13:23:00,2025-01-20 14:04:02,9778.0,14.297644191714054,41.03333333333333,"(115.03808377065053, 35.75185788354626)","(115.09867750256754, 35.76719620839328)",河南省,濮阳市,210,8,2432,medium,-0.03800000000000002,21,9.874802954346059
410900010156,4路(水电--盟城),4,水电,盟城,2025-01-20 13:31:00,2025-01-20 14:07:19,9805.0,16.199173932996786,36.31666666666667,"(115.09876152744405, 35.76708427390756)","(115.03810968747631, 35.75191080346815)",河南省,濮阳市,205,9,2038,medium,0.15199999999999997,21,10.215264302891232
410900010155,4路(盟城--水电),4,盟城,水电,2025-01-20 13:38:00,2025-01-20 14:19:02,9778.0,14.297644191714054,41.03333333333333,"(115.03808377065053, 35.75185788354626)","(115.09867750256754, 35.76719620839328)",河南省,濮阳市,204,9,2432,medium,-0.03800000000000002,21,9.874802954346059
410900010156,4路(水电--盟城),4,水电,盟城,2025-01-20 13:46:00,2025-01-20 14:22:19,9805.0,16.199173932996786,36.31666666666667,"(115.09876152744405, 35.76708427390756)","(115.03810968747631, 35.75191080346815)",河南省,濮阳市,206,9,2038,medium,0.15199999999999997,21,10.215264302891232
410900010155,4路(盟城--水电),4,盟城,水电,2025-01-20 13:54:00,2025-01-20 14:35:02,9778.0,14.297644191714054,41.03333333333333,"(115.03808377065053, 35.75185788354626)","(115.09867750256754, 35.76719620839328)",河南省,濮阳市,207,9,2432,medium,-0.03800000000000002,21,9.874802954346059
410900010156,4路(水电--盟城),4,水电,盟城,2025-01-20 14:03:00,2025-01-20 14:39:19,9805.0,16.199173932996786,36.31666666666667,"(115.09876152744405, 35.76708427390756)","(115.03810968747631, 35.75191080346815)",河南省,濮阳市,208,9,2038,medium,0.15199999999999997,21,10.215264302891232
410900010155,4路(盟城--水电),4,盟城,水电,2025-01-20 14:10:00,2025-01-20 14:51:02,9778.0,14.297644191714054,41.03333333333333,"(115.03808377065053, 35.75185788354626)","(115.09867750256754, 35.76719620839328)",河南省,濮阳市,209,9,2432,medium,-0.03800000000000002,21,9.874802954346059
410900010156,4路(水电--盟城),4,水电,盟城,2025-01-20 14:19:00,2025-01-20 14:55:19,9805.0,16.199173932996786,36.31666666666667,"(115.09876152744405, 35.76708427390756)","(115.03810968747631, 35.75191080346815)",河南省,濮阳市,210,9,2038,medium,0.15199999999999997,21,10.215264302891232
410900010155,4路(盟城--水电),4,盟城,水电,2025-01-20 14:27:00,2025-01-20 15:08:02,9778.0,14.297644191714054,41.03333333333333,"(115.03808377065053, 35.75185788354626)","(115.09867750256754, 35.76719620839328)",河南省,濮阳市,205,10,2432,medium,-0.03800000000000002,21,9.874802954346059
410900010156,4路(水电--盟城),4,水电,盟城,2025-01-20 14:35:00,2025-01-20 15:11:19,9805.0,16.199173932996786,36.31666666666667,"(115.09876152744405, 35.76708427390756)","(115.03810968747631, 35.75191080346815)",河南省,濮阳市,204,10,2038,medium,0.15199999999999997,21,10.215264302891232
410900010155,4路(盟城--水电),4,盟城,水电,2025-01-20 14:37:00,2025-01-20 15:18:02,9778.0,14.297644191714054,41.03333333333333,"(115.03808377065053, 35.75185788354626)","(115.09867750256754, 35.76719620839328)",河南省,濮阳市,206,10,2432,medium,-0.03800000000000002,21,9.874802954346059
410900010155,4路(盟城--水电),4,盟城,水电,2025-01-20 14:48:00,2025-01-20 15:29:02,9778.0,14.297644191714054,41.03333333333333,"(115.03808377065053, 35.75185788354626)","(115.09867750256754, 35.76719620839328)",河南省,濮阳市,208,10,2432,medium,-0.03800000000000002,21,9.874802954346059
410900010156,4路(水电--盟城),4,水电,盟城,2025-01-20 14:50:00,2025-01-20 15:26:19,9805.0,16.199173932996786,36.31666666666667,"(115.09876152744405, 35.76708427390756)","(115.03810968747631, 35.75191080346815)",河南省,濮阳市,207,10,2038,medium,0.15199999999999997,21,10.215264302891232
410900010155,4路(盟城--水电),4,盟城,水电,2025-01-20 14:59:00,2025-01-20 15:40:02,9778.0,14.297644191714054,41.03333333333333,"(115.03808377065053, 35.75185788354626)","(115.09867750256754, 35.76719620839328)",河南省,濮阳市,211,1,2432,medium,-0.03800000000000002,21,9.874802954346059
410900010156,4路(水电--盟城),4,水电,盟城,2025-01-20 15:07:00,2025-01-20 15:43:19,9805.0,16.199173932996786,36.31666666666667,"(115.09876152744405, 35.76708427390756)","(115.03810968747631, 35.75191080346815)",河南省,濮阳市,209,10,2038,medium,0.15199999999999997,21,10.215264302891232
410900010155,4路(盟城--水电),4,盟城,水电,2025-01-20 15:11:00,2025-01-20 15:52:02,9778.0,14.297644191714054,41.03333333333333,"(115.03808377065053, 35.75185788354626)","(115.09867750256754, 35.76719620839328)",河南省,濮阳市,210,10,2432,medium,-0.03800000000000002,21,9.874802954346059
410900010156,4路(水电--盟城),4,水电,盟城,2025-01-20 15:18:00,2025-01-20 15:54:19,9805.0,16.199173932996786,36.31666666666667,"(115.09876152744405, 35.76708427390756)","(115.03810968747631, 35.75191080346815)",河南省,濮阳市,205,11,2038,medium,0.15199999999999997,21,10.215264302891232
410900010155,4路(盟城--水电),4,盟城,水电,2025-01-20 15:22:00,2025-01-20 16:03:02,9778.0,14.297644191714054,41.03333333333333,"(115.03808377065053, 35.75185788354626)","(115.09867750256754, 35.76719620839328)",河南省,濮阳市,204,11,2432,medium,-0.03800000000000002,21,9.874802954346059
410900010156,4路(水电--盟城),4,水电,盟城,2025-01-20 15:29:00,2025-01-20 16:05:19,9805.0,16.199173932996786,36.31666666666667,"(115.09876152744405, 35.76708427390756)","(115.03810968747631, 35.75191080346815)",河南省,濮阳市,206,11,2038,medium,0.15199999999999997,21,10.215264302891232
410900010155,4路(盟城--水电),4,盟城,水电,2025-01-20 15:32:00,2025-01-20 16:13:02,9778.0,14.297644191714054,41.03333333333333,"(115.03808377065053, 35.75185788354626)","(115.09867750256754, 35.76719620839328)",河南省,濮阳市,207,11,2432,medium,-0.03800000000000002,21,9.874802954346059
410900010156,4路(水电--盟城),4,水电,盟城,2025-01-20 15:39:00,2025-01-20 16:15:19,9805.0,16.199173932996786,36.31666666666667,"(115.09876152744405, 35.76708427390756)","(115.03810968747631, 35.75191080346815)",河南省,濮阳市,208,11,2038,medium,0.15199999999999997,21,10.215264302891232
410900010155,4路(盟城--水电),4,盟城,水电,2025-01-20 15:43:00,2025-01-20 16:24:02,9778.0,14.297644191714054,41.03333333333333,"(115.03808377065053, 35.75185788354626)","(115.09867750256754, 35.76719620839328)",河南省,濮阳市,212,1,2432,medium,-0.03800000000000002,21,9.874802954346059
410900010156,4路(水电--盟城),4,水电,盟城,2025-01-20 15:51:00,2025-01-20 16:27:19,9805.0,16.199173932996786,36.31666666666667,"(115.09876152744405, 35.76708427390756)","(115.03810968747631, 35.75191080346815)",河南省,濮阳市,211,2,2038,medium,0.15199999999999997,21,10.215264302891232
410900010155,4路(盟城--水电),4,盟城,水电,2025-01-20 15:54:00,2025-01-20 16:35:02,9778.0,14.297644191714054,41.03333333333333,"(115.03808377065053, 35.75185788354626)","(115.09867750256754, 35.76719620839328)",河南省,濮阳市,209,11,2432,medium,-0.03800000000000002,21,9.874802954346059
410900010156,4路(水电--盟城),4,水电,盟城,2025-01-20 16:02:00,2025-01-20 16:38:19,9805.0,16.199173932996786,36.31666666666667,"(115.09876152744405, 35.76708427390756)","(115.03810968747631, 35.75191080346815)",河南省,濮阳市,210,11,2038,medium,0.15199999999999997,21,10.215264302891232
410900010155,4路(盟城--水电),4,盟城,水电,2025-01-20 16:05:00,2025-01-20 16:46:02,9778.0,14.297644191714054,41.03333333333333,"(115.03808377065053, 35.75185788354626)","(115.09867750256754, 35.76719620839328)",河南省,濮阳市,205,12,2432,medium,-0.03800000000000002,21,9.874802954346059
410900010156,4路(水电--盟城),4,水电,盟城,2025-01-20 16:13:00,2025-01-20 16:49:19,9805.0,16.199173932996786,36.31666666666667,"(115.09876152744405, 35.76708427390756)","(115.03810968747631, 35.75191080346815)",河南省,濮阳市,204,12,2038,medium,0.15199999999999997,21,10.215264302891232
410900010155,4路(盟城--水电),4,盟城,水电,2025-01-20 16:18:00,2025-01-20 16:59:02,9778.0,14.297644191714054,41.03333333333333,"(115.03808377065053, 35.75185788354626)","(115.09867750256754, 35.76719620839328)",河南省,濮阳市,206,12,2432,medium,-0.03800000000000002,21,9.874802954346059
410900010156,4路(水电--盟城),4,水电,盟城,2025-01-20 16:23:00,2025-01-20 16:59:19,9805.0,16.199173932996786,36.31666666666667,"(115.09876152744405, 35.76708427390756)","(115.03810968747631, 35.75191080346815)",河南省,濮阳市,207,12,2038,medium,0.15199999999999997,21,10.215264302891232
410900010155,4路(盟城--水电),4,盟城,水电,2025-01-20 16:29:00,2025-01-20 17:10:02,9778.0,14.297644191714054,41.03333333333333,"(115.03808377065053, 35.75185788354626)","(115.09867750256754, 35.76719620839328)",河南省,濮阳市,208,12,2432,medium,-0.03800000000000002,21,9.874802954346059
410900010156,4路(水电--盟城),4,水电,盟城,2025-01-20 16:35:00,2025-01-20 17:11:19,9805.0,16.199173932996786,36.31666666666667,"(115.09876152744405, 35.76708427390756)","(115.03810968747631, 35.75191080346815)",河南省,濮阳市,212,2,2038,medium,0.15199999999999997,21,10.215264302891232
410900010155,4路(盟城--水电),4,盟城,水电,2025-01-20 16:42:00,2025-01-20 17:23:02,9778.0,14.297644191714054,41.03333333333333,"(115.03808377065053, 35.75185788354626)","(115.09867750256754, 35.76719620839328)",河南省,濮阳市,211,3,2432,medium,-0.03800000000000002,21,9.874802954346059
410900010156,4路(水电--盟城),4,水电,盟城,2025-01-20 16:45:00,2025-01-20 17:21:19,9805.0,16.199173932996786,36.31666666666667,"(115.09876152744405, 35.76708427390756)","(115.03810968747631, 35.75191080346815)",河南省,濮阳市,209,12,2038,medium,0.15199999999999997,21,10.215264302891232
410900010155,4路(盟城--水电),4,盟城,水电,2025-01-20 16:53:00,2025-01-20 17:34:02,9778.0,14.297644191714054,41.03333333333333,"(115.03808377065053, 35.75185788354626)","(115.09867750256754, 35.76719620839328)",河南省,濮阳市,210,12,2432,medium,-0.03800000000000002,21,9.874802954346059
410900010156,4路(水电--盟城),4,水电,盟城,2025-01-20 16:58:00,2025-01-20 17:34:19,9805.0,16.199173932996786,36.31666666666667,"(115.09876152744405, 35.76708427390756)","(115.03810968747631, 35.75191080346815)",河南省,濮阳市,205,13,2038,medium,0.15199999999999997,21,10.215264302891232
410900010155,4路(盟城--水电),4,盟城,水电,2025-01-20 17:06:00,2025-01-20 17:47:05,9778.0,14.28024340770791,41.083333333333336,"(115.03808377065053, 35.75185788354626)","(115.09867750256754, 35.76719620839328)",河南省,濮阳市,207,13,2432,medium,-0.03800000000000002,21,9.873611940283975
410900010156,4路(水电--盟城),4,水电,盟城,2025-01-20 17:10:00,2025-01-20 17:51:10,9805.0,14.290688259109311,41.16666666666666,"(115.09876152744405, 35.76708427390756)","(115.03810968747631, 35.75191080346815)",河南省,濮阳市,206,13,2038,medium,0.15199999999999997,21,10.084275388663967
410900010155,4路(盟城--水电),4,盟城,水电,2025-01-20 17:17:00,2025-01-20 17:58:05,9778.0,14.28024340770791,41.083333333333336,"(115.03808377065053, 35.75185788354626)","(115.09867750256754, 35.76719620839328)",河南省,濮阳市,212,3,2432,medium,-0.03800000000000002,21,9.873611940283975
410900010156,4路(水电--盟城),4,水电,盟城,2025-01-20 17:23:00,2025-01-20 18:04:10,9805.0,14.290688259109311,41.16666666666666,"(115.09876152744405, 35.76708427390756)","(115.03810968747631, 35.75191080346815)",河南省,濮阳市,208,13,2038,medium,0.15199999999999997,21,10.084275388663967
410900010155,4路(盟城--水电),4,盟城,水电,2025-01-20 17:29:00,2025-01-20 18:10:05,9778.0,14.28024340770791,41.083333333333336,"(115.03808377065053, 35.75185788354626)","(115.09867750256754, 35.76719620839328)",河南省,濮阳市,209,13,2432,medium,-0.03800000000000002,21,9.873611940283975
410900010156,4路(水电--盟城),4,水电,盟城,2025-01-20 17:34:00,2025-01-20 18:15:10,9805.0,14.290688259109311,41.16666666666666,"(115.09876152744405, 35.76708427390756)","(115.03810968747631, 35.75191080346815)",河南省,濮阳市,211,4,2038,medium,0.15199999999999997,21,10.084275388663967
410900010155,4路(盟城--水电),4,盟城,水电,2025-01-20 17:41:00,2025-01-20 18:22:05,9778.0,14.28024340770791,41.083333333333336,"(115.03808377065053, 35.75185788354626)","(115.09867750256754, 35.76719620839328)",河南省,濮阳市,205,14,2432,medium,-0.03800000000000002,21,9.873611940283975
410900010156,4路(水电--盟城),4,水电,盟城,2025-01-20 17:46:00,2025-01-20 18:27:10,9805.0,14.290688259109311,41.16666666666666,"(115.09876152744405, 35.76708427390756)","(115.03810968747631, 35.75191080346815)",河南省,濮阳市,210,13,2038,medium,0.15199999999999997,21,10.084275388663967
410900010155,4路(盟城--水电),4,盟城,水电,2025-01-20 17:52:00,2025-01-20 18:33:05,9778.0,14.28024340770791,41.083333333333336,"(115.03808377065053, 35.75185788354626)","(115.09867750256754, 35.76719620839328)",河南省,濮阳市,213,1,2432,medium,-0.03800000000000002,21,9.873611940283975
410900010156,4路(水电--盟城),4,水电,盟城,2025-01-20 17:57:00,2025-01-20 18:38:10,9805.0,14.290688259109311,41.16666666666666,"(115.09876152744405, 35.76708427390756)","(115.03810968747631, 35.75191080346815)",河南省,濮阳市,207,14,2038,medium,0.15199999999999997,21,10.084275388663967
410900010155,4路(盟城--水电),4,盟城,水电,2025-01-20 18:03:00,2025-01-20 18:44:05,9778.0,14.28024340770791,41.083333333333336,"(115.03808377065053, 35.75185788354626)","(115.09867750256754, 35.76719620839328)",河南省,濮阳市,206,14,2432,medium,-0.03800000000000002,21,9.873611940283975
410900010156,4路(水电--盟城),4,水电,盟城,2025-01-20 18:10:00,2025-01-20 18:51:10,9805.0,14.290688259109311,41.16666666666666,"(115.09876152744405, 35.76708427390756)","(115.03810968747631, 35.75191080346815)",河南省,濮阳市,212,4,2038,medium,0.15199999999999997,21,10.084275388663967
410900010155,4路(盟城--水电),4,盟城,水电,2025-01-20 18:15:00,2025-01-20 18:56:05,9778.0,14.28024340770791,41.083333333333336,"(115.03808377065053, 35.75185788354626)","(115.09867750256754, 35.76719620839328)",河南省,濮阳市,208,14,2432,medium,-0.03800000000000002,21,9.873611940283975
410900010156,4路(水电--盟城),4,水电,盟城,2025-01-20 18:22:00,2025-01-20 19:03:10,9805.0,14.290688259109311,41.16666666666666,"(115.09876152744405, 35.76708427390756)","(115.03810968747631, 35.75191080346815)",河南省,濮阳市,209,14,2038,medium,0.15199999999999997,21,10.084275388663967
410900010155,4路(盟城--水电),4,盟城,水电,2025-01-20 18:24:00,2025-01-20 19:05:05,9778.0,14.28024340770791,41.083333333333336,"(115.03808377065053, 35.75185788354626)","(115.09867750256754, 35.76719620839328)",河南省,濮阳市,211,5,2432,medium,-0.03800000000000002,21,9.873611940283975
410900010156,4路(水电--盟城),4,水电,盟城,2025-01-20 18:34:00,2025-01-20 19:15:10,9805.0,14.290688259109311,41.16666666666666,"(115.09876152744405, 35.76708427390756)","(115.03810968747631, 35.75191080346815)",河南省,濮阳市,205,15,2038,medium,0.15199999999999997,21,10.084275388663967
410900010155,4路(盟城--水电),4,盟城,水电,2025-01-20 18:36:00,2025-01-20 19:17:05,9778.0,14.28024340770791,41.083333333333336,"(115.03808377065053, 35.75185788354626)","(115.09867750256754, 35.76719620839328)",河南省,濮阳市,210,14,2432,medium,-0.03800000000000002,21,9.873611940283975
410900010155,4路(盟城--水电),4,盟城,水电,2025-01-20 18:47:00,2025-01-20 19:28:05,9778.0,14.28024340770791,41.083333333333336,"(115.03808377065053, 35.75185788354626)","(115.09867750256754, 35.76719620839328)",河南省,濮阳市,207,15,2432,medium,-0.03800000000000002,21,9.873611940283975
410900010156,4路(水电--盟城),4,水电,盟城,2025-01-20 18:47:00,2025-01-20 19:28:10,9805.0,14.290688259109311,41.16666666666666,"(115.09876152744405, 35.76708427390756)","(115.03810968747631, 35.75191080346815)",河南省,濮阳市,213,2,2038,medium,0.15199999999999997,21,10.084275388663967
410900010156,4路(水电--盟城),4,水电,盟城,2025-01-20 19:00:00,2025-01-20 19:36:19,9805.0,16.199173932996786,36.31666666666667,"(115.09876152744405, 35.76708427390756)","(115.03810968747631, 35.75191080346815)",河南省,濮阳市,206,15,2038,medium,0.15199999999999997,21,10.215264302891232
410900010155,4路(盟城--水电),4,盟城,水电,2025-01-20 19:00:00,2025-01-20 19:41:02,9778.0,14.297644191714054,41.03333333333333,"(115.03808377065053, 35.75185788354626)","(115.09867750256754, 35.76719620839328)",河南省,濮阳市,212,5,2432,medium,-0.03800000000000002,21,9.874802954346059
410900010157,5路内环(班家小镇--班家小镇),5,班家小镇,班家小镇,2025-01-20 07:10:00,2025-01-20 08:50:18,28185.0,16.860418743768694,100.3,"(114.9631366292741, 35.80311994413409)","(114.96314061444103, 35.80313092975024)",河南省,濮阳市,214,1,11756,large,1.3877787807814457e-17,52,27.987054316051843
410900010007,5路外环(班家小镇--班家小镇),5,班家小镇,班家小镇,2025-01-20 07:10:00,2025-01-20 08:40:19,28748.0,19.098136187488468,90.31666666666666,"(114.9631366292741, 35.80311994413409)","(114.96063216821919, 35.8027516393895)",河南省,濮阳市,215,1,11750,large,0.03800000000000001,54,29.15745493382543
410900010157,5路内环(班家小镇--班家小镇),5,班家小镇,班家小镇,2025-01-20 07:47:00,2025-01-20 09:27:18,28185.0,16.860418743768694,100.3,"(114.9631366292741, 35.80311994413409)","(114.96314061444103, 35.80313092975024)",河南省,濮阳市,216,1,11756,large,1.3877787807814457e-17,52,27.987054316051843
410900010007,5路外环(班家小镇--班家小镇),5,班家小镇,班家小镇,2025-01-20 07:47:00,2025-01-20 09:17:19,28748.0,19.098136187488468,90.31666666666666,"(114.9631366292741, 35.80311994413409)","(114.96063216821919, 35.8027516393895)",河南省,濮阳市,217,1,11750,large,0.03800000000000001,54,29.15745493382543
410900010157,5路内环(班家小镇--班家小镇),5,班家小镇,班家小镇,2025-01-20 08:24:00,2025-01-20 10:04:18,28185.0,16.860418743768694,100.3,"(114.9631366292741, 35.80311994413409)","(114.96314061444103, 35.80313092975024)",河南省,濮阳市,218,1,11756,large,1.3877787807814457e-17,52,27.987054316051843
410900010007,5路外环(班家小镇--班家小镇),5,班家小镇,班家小镇,2025-01-20 08:24:00,2025-01-20 09:54:19,28748.0,19.098136187488468,90.31666666666666,"(114.9631366292741, 35.80311994413409)","(114.96063216821919, 35.8027516393895)",河南省,濮阳市,219,1,11750,large,0.03800000000000001,54,29.15745493382543
410900010157,5路内环(班家小镇--班家小镇),5,班家小镇,班家小镇,2025-01-20 09:03:00,2025-01-20 10:38:09,28185.0,17.77299001576458,95.15,"(114.9631366292741, 35.80311994413409)","(114.96314061444103, 35.80313092975024)",河南省,濮阳市,215,2,11756,large,1.3877787807814457e-17,52,28.16710006516027
410900010007,5路外环(班家小镇--班家小镇),5,班家小镇,班家小镇,2025-01-20 09:03:00,2025-01-20 10:26:45,28748.0,20.59558208955224,83.75,"(114.9631366292741, 35.80311994413409)","(114.96063216821919, 35.8027516393895)",河南省,濮阳市,220,1,11750,large,0.03800000000000001,54,29.458794957373133
410900010007,5路外环(班家小镇--班家小镇),5,班家小镇,班家小镇,2025-01-20 09:40:00,2025-01-20 11:03:45,28748.0,20.59558208955224,83.75,"(114.9631366292741, 35.80311994413409)","(114.96063216821919, 35.8027516393895)",河南省,濮阳市,217,2,11750,large,0.03800000000000001,54,29.458794957373133
410900010157,5路内环(班家小镇--班家小镇),5,班家小镇,班家小镇,2025-01-20 09:40:00,2025-01-20 11:15:09,28185.0,17.77299001576458,95.15,"(114.9631366292741, 35.80311994413409)","(114.96314061444103, 35.80313092975024)",河南省,濮阳市,221,1,11756,large,1.3877787807814457e-17,52,28.16710006516027
410900010007,5路外环(班家小镇--班家小镇),5,班家小镇,班家小镇,2025-01-20 10:18:00,2025-01-20 11:41:45,28748.0,20.59558208955224,83.75,"(114.9631366292741, 35.80311994413409)","(114.96063216821919, 35.8027516393895)",河南省,濮阳市,219,2,11750,large,0.03800000000000001,54,29.458794957373133
410900010157,5路内环(班家小镇--班家小镇),5,班家小镇,班家小镇,2025-01-20 10:18:00,2025-01-20 11:53:09,28185.0,17.77299001576458,95.15,"(114.9631366292741, 35.80311994413409)","(114.96314061444103, 35.80313092975024)",河南省,濮阳市,222,1,11756,large,1.3877787807814457e-17,52,28.16710006516027
410900010157,5路内环(班家小镇--班家小镇),5,班家小镇,班家小镇,2025-01-20 10:55:00,2025-01-20 12:30:09,28185.0,17.77299001576458,95.15,"(114.9631366292741, 35.80311994413409)","(114.96314061444103, 35.80313092975024)",河南省,濮阳市,220,2,11756,large,1.3877787807814457e-17,52,28.16710006516027
410900010007,5路外环(班家小镇--班家小镇),5,班家小镇,班家小镇,2025-01-20 10:56:00,2025-01-20 12:19:45,28748.0,20.59558208955224,83.75,"(114.9631366292741, 35.80311994413409)","(114.96063216821919, 35.8027516393895)",河南省,濮阳市,223,1,11750,large,0.03800000000000001,54,29.458794957373133
410900010157,5路内环(班家小镇--班家小镇),5,班家小镇,班家小镇,2025-01-20 11:35:00,2025-01-20 13:10:09,28185.0,17.77299001576458,95.15,"(114.9631366292741, 35.80311994413409)","(114.96314061444103, 35.80313092975024)",河南省,濮阳市,221,2,11756,large,1.3877787807814457e-17,52,28.16710006516027
410900010007,5路外环(班家小镇--班家小镇),5,班家小镇,班家小镇,2025-01-20 11:35:00,2025-01-20 12:58:45,28748.0,20.59558208955224,83.75,"(114.9631366292741, 35.80311994413409)","(114.96063216821919, 35.8027516393895)",河南省,濮阳市,224,1,11750,large,0.03800000000000001,54,29.458794957373133
410900010007,5路外环(班家小镇--班家小镇),5,班家小镇,班家小镇,2025-01-20 12:12:00,2025-01-20 13:35:45,28748.0,20.59558208955224,83.75,"(114.9631366292741, 35.80311994413409)","(114.96063216821919, 35.8027516393895)",河南省,濮阳市,222,2,11750,large,0.03800000000000001,54,29.458794957373133
410900010157,5路内环(班家小镇--班家小镇),5,班家小镇,班家小镇,2025-01-20 12:12:00,2025-01-20 13:47:09,28185.0,17.77299001576458,95.15,"(114.9631366292741, 35.80311994413409)","(114.96314061444103, 35.80313092975024)",河南省,濮阳市,225,1,11756,large,1.3877787807814457e-17,52,28.16710006516027
410900010007,5路外环(班家小镇--班家小镇),5,班家小镇,班家小镇,2025-01-20 12:50:00,2025-01-20 14:13:45,28748.0,20.59558208955224,83.75,"(114.9631366292741, 35.80311994413409)","(114.96063216821919, 35.8027516393895)",河南省,濮阳市,223,2,11750,large,0.03800000000000001,54,29.458794957373133
410900010157,5路内环(班家小镇--班家小镇),5,班家小镇,班家小镇,2025-01-20 12:51:00,2025-01-20 14:26:09,28185.0,17.77299001576458,95.15,"(114.9631366292741, 35.80311994413409)","(114.96314061444103, 35.80313092975024)",河南省,濮阳市,226,1,11756,large,1.3877787807814457e-17,52,28.16710006516027
410900010157,5路内环(班家小镇--班家小镇),5,班家小镇,班家小镇,2025-01-20 13:28:00,2025-01-20 15:03:09,28185.0,17.77299001576458,95.15,"(114.9631366292741, 35.80311994413409)","(114.96314061444103, 35.80313092975024)",河南省,濮阳市,224,2,11756,large,1.3877787807814457e-17,52,28.16710006516027
410900010007,5路外环(班家小镇--班家小镇),5,班家小镇,班家小镇,2025-01-20 13:28:00,2025-01-20 14:51:45,28748.0,20.59558208955224,83.75,"(114.9631366292741, 35.80311994413409)","(114.96063216821919, 35.8027516393895)",河南省,濮阳市,227,1,11750,large,0.03800000000000001,54,29.458794957373133
410900010157,5路内环(班家小镇--班家小镇),5,班家小镇,班家小镇,2025-01-20 14:06:00,2025-01-20 15:41:09,28185.0,17.77299001576458,95.15,"(114.9631366292741, 35.80311994413409)","(114.96314061444103, 35.80313092975024)",河南省,濮阳市,225,2,11756,large,1.3877787807814457e-17,52,28.16710006516027
410900010007,5路外环(班家小镇--班家小镇),5,班家小镇,班家小镇,2025-01-20 14:07:00,2025-01-20 15:30:45,28748.0,20.59558208955224,83.75,"(114.9631366292741, 35.80311994413409)","(114.96063216821919, 35.8027516393895)",河南省,濮阳市,228,1,11750,large,0.03800000000000001,54,29.458794957373133
410900010007,5路外环(班家小镇--班家小镇),5,班家小镇,班家小镇,2025-01-20 14:44:00,2025-01-20 16:07:45,28748.0,20.59558208955224,83.75,"(114.9631366292741, 35.80311994413409)","(114.96063216821919, 35.8027516393895)",河南省,濮阳市,226,2,11750,large,0.03800000000000001,54,29.458794957373133
410900010157,5路内环(班家小镇--班家小镇),5,班家小镇,班家小镇,2025-01-20 14:45:00,2025-01-20 16:20:09,28185.0,17.77299001576458,95.15,"(114.9631366292741, 35.80311994413409)","(114.96314061444103, 35.80313092975024)",河南省,濮阳市,229,1,11756,large,1.3877787807814457e-17,52,28.16710006516027
410900010007,5路外环(班家小镇--班家小镇),5,班家小镇,班家小镇,2025-01-20 15:24:00,2025-01-20 16:47:45,28748.0,20.59558208955224,83.75,"(114.9631366292741, 35.80311994413409)","(114.96063216821919, 35.8027516393895)",河南省,濮阳市,227,2,11750,large,0.03800000000000001,54,29.458794957373133
410900010157,5路内环(班家小镇--班家小镇),5,班家小镇,班家小镇,2025-01-20 15:24:00,2025-01-20 16:59:09,28185.0,17.77299001576458,95.15,"(114.9631366292741, 35.80311994413409)","(114.96314061444103, 35.80313092975024)",河南省,濮阳市,230,1,11756,large,1.3877787807814457e-17,52,28.16710006516027
410900010157,5路内环(班家小镇--班家小镇),5,班家小镇,班家小镇,2025-01-20 16:02:00,2025-01-20 17:37:09,28185.0,17.77299001576458,95.15,"(114.9631366292741, 35.80311994413409)","(114.96314061444103, 35.80313092975024)",河南省,濮阳市,228,2,11756,large,1.3877787807814457e-17,52,28.16710006516027
410900010007,5路外环(班家小镇--班家小镇),5,班家小镇,班家小镇,2025-01-20 16:03:00,2025-01-20 17:26:45,28748.0,20.59558208955224,83.75,"(114.9631366292741, 35.80311994413409)","(114.96063216821919, 35.8027516393895)",河南省,濮阳市,231,1,11750,large,0.03800000000000001,54,29.458794957373133
410900010007,5路外环(班家小镇--班家小镇),5,班家小镇,班家小镇,2025-01-20 16:41:00,2025-01-20 18:04:45,28748.0,20.59558208955224,83.75,"(114.9631366292741, 35.80311994413409)","(114.96063216821919, 35.8027516393895)",河南省,濮阳市,229,2,11750,large,0.03800000000000001,54,29.458794957373133
410900010157,5路内环(班家小镇--班家小镇),5,班家小镇,班家小镇,2025-01-20 16:41:00,2025-01-20 18:16:09,28185.0,17.77299001576458,95.15,"(114.9631366292741, 35.80311994413409)","(114.96314061444103, 35.80313092975024)",河南省,濮阳市,232,1,11756,large,1.3877787807814457e-17,52,28.16710006516027
410900010157,5路内环(班家小镇--班家小镇),5,班家小镇,班家小镇,2025-01-20 17:20:00,2025-01-20 19:00:18,28185.0,16.860418743768694,100.3,"(114.9631366292741, 35.80311994413409)","(114.96314061444103, 35.80313092975024)",河南省,濮阳市,230,2,11756,large,1.3877787807814457e-17,52,27.987054316051843
410900010007,5路外环(班家小镇--班家小镇),5,班家小镇,班家小镇,2025-01-20 17:21:00,2025-01-20 18:51:19,28748.0,19.098136187488468,90.31666666666666,"(114.9631366292741, 35.80311994413409)","(114.96063216821919, 35.8027516393895)",河南省,濮阳市,233,1,11750,large,0.03800000000000001,54,29.15745493382543
410900010157,5路内环(班家小镇--班家小镇),5,班家小镇,班家小镇,2025-01-20 17:58:00,2025-01-20 19:38:18,28185.0,16.860418743768694,100.3,"(114.9631366292741, 35.80311994413409)","(114.96314061444103, 35.80313092975024)",河南省,濮阳市,231,2,11756,large,1.3877787807814457e-17,52,27.987054316051843
410900010007,5路外环(班家小镇--班家小镇),5,班家小镇,班家小镇,2025-01-20 17:59:00,2025-01-20 19:29:19,28748.0,19.098136187488468,90.31666666666666,"(114.9631366292741, 35.80311994413409)","(114.96063216821919, 35.8027516393895)",河南省,濮阳市,234,1,11750,large,0.03800000000000001,54,29.15745493382543
410900010159,6路(濮阳石油化工职业技术学院--公交公司),6,濮阳石油化工职业技术学院,公交公司,2025-01-20 06:30:00,2025-01-20 07:31:25,17949.0,17.534979647218456,61.41666666666666,"(115.16441023073762, 35.77641245292205)","(115.06535312879537, 35.744890394173005)",河南省,濮阳市,235,1,3055,large,-0.11400000000000007,32,17.650968647815468
410900010158,6路(公交公司--濮阳石油化工职业技术学院),6,公交公司,濮阳石油化工职业技术学院,2025-01-20 06:30:00,2025-01-20 07:21:45,17827.0,20.66898550724638,51.75,"(115.06543700011643, 35.7447853352607)","(115.16250817271008, 35.77633891686956)",河南省,濮阳市,236,1,16953,large,0.11399999999999999,33,18.30514963246377
410900010159,6路(濮阳石油化工职业技术学院--公交公司),6,濮阳石油化工职业技术学院,公交公司,2025-01-20 06:45:00,2025-01-20 07:46:25,17949.0,17.534979647218456,61.41666666666666,"(115.16441023073762, 35.77641245292205)","(115.06535312879537, 35.744890394173005)",河南省,濮阳市,237,1,3055,large,-0.11400000000000007,32,17.650968647815468
410900010158,6路(公交公司--濮阳石油化工职业技术学院),6,公交公司,濮阳石油化工职业技术学院,2025-01-20 06:46:00,2025-01-20 07:37:45,17827.0,20.66898550724638,51.75,"(115.06543700011643, 35.7447853352607)","(115.16250817271008, 35.77633891686956)",河南省,濮阳市,238,1,16953,large,0.11399999999999999,33,18.30514963246377
410900010159,6路(濮阳石油化工职业技术学院--公交公司),6,濮阳石油化工职业技术学院,公交公司,2025-01-20 07:01:00,2025-01-20 08:02:37,17949.0,17.47806329456316,61.61666666666667,"(115.16441023073762, 35.77641245292205)","(115.06535312879537, 35.744890394173005)",河南省,濮阳市,239,1,3055,large,-0.11400000000000007,32,17.6438175065188
410900010158,6路(公交公司--濮阳石油化工职业技术学院),6,公交公司,濮阳石油化工职业技术学院,2025-01-20 07:01:00,2025-01-20 08:02:58,17827.0,17.261215707369555,61.96666666666667,"(115.06543700011643, 35.7447853352607)","(115.16250817271008, 35.77633891686956)",河南省,濮阳市,240,1,16953,large,0.11399999999999999,33,17.87989744690694
410900010158,6路(公交公司--濮阳石油化工职业技术学院),6,公交公司,濮阳石油化工职业技术学院,2025-01-20 07:18:00,2025-01-20 08:19:58,17827.0,17.261215707369555,61.96666666666667,"(115.06543700011643, 35.7447853352607)","(115.16250817271008, 35.77633891686956)",河南省,濮阳市,241,1,16953,large,0.11399999999999999,33,17.87989744690694
410900010159,6路(濮阳石油化工职业技术学院--公交公司),6,濮阳石油化工职业技术学院,公交公司,2025-01-20 07:18:00,2025-01-20 08:19:37,17949.0,17.47806329456316,61.61666666666667,"(115.16441023073762, 35.77641245292205)","(115.06535312879537, 35.744890394173005)",河南省,濮阳市,242,1,3055,large,-0.11400000000000007,32,17.6438175065188
410900010159,6路(濮阳石油化工职业技术学院--公交公司),6,濮阳石油化工职业技术学院,公交公司,2025-01-20 07:34:00,2025-01-20 08:35:37,17949.0,17.47806329456316,61.61666666666667,"(115.16441023073762, 35.77641245292205)","(115.06535312879537, 35.744890394173005)",河南省,濮阳市,236,2,3055,large,-0.11400000000000007,32,17.6438175065188
410900010158,6路(公交公司--濮阳石油化工职业技术学院),6,公交公司,濮阳石油化工职业技术学院,2025-01-20 07:37:00,2025-01-20 08:38:58,17827.0,17.261215707369555,61.96666666666667,"(115.06543700011643, 35.7447853352607)","(115.16250817271008, 35.77633891686956)",河南省,濮阳市,235,2,16953,large,0.11399999999999999,33,17.87989744690694
410900010159,6路(濮阳石油化工职业技术学院--公交公司),6,濮阳石油化工职业技术学院,公交公司,2025-01-20 07:51:00,2025-01-20 08:52:37,17949.0,17.47806329456316,61.61666666666667,"(115.16441023073762, 35.77641245292205)","(115.06535312879537, 35.744890394173005)",河南省,濮阳市,238,2,3055,large,-0.11400000000000007,32,17.6438175065188
410900010158,6路(公交公司--濮阳石油化工职业技术学院),6,公交公司,濮阳石油化工职业技术学院,2025-01-20 07:54:00,2025-01-20 08:55:58,17827.0,17.261215707369555,61.96666666666667,"(115.06543700011643, 35.7447853352607)","(115.16250817271008, 35.77633891686956)",河南省,濮阳市,237,2,16953,large,0.11399999999999999,33,17.87989744690694
410900010159,6路(濮阳石油化工职业技术学院--公交公司),6,濮阳石油化工职业技术学院,公交公司,2025-01-20 08:08:00,2025-01-20 09:09:37,17949.0,17.47806329456316,61.61666666666667,"(115.16441023073762, 35.77641245292205)","(115.06535312879537, 35.744890394173005)",河南省,濮阳市,240,2,3055,large,-0.11400000000000007,32,17.6438175065188
410900010158,6路(公交公司--濮阳石油化工职业技术学院),6,公交公司,濮阳石油化工职业技术学院,2025-01-20 08:12:00,2025-01-20 09:13:58,17827.0,17.261215707369555,61.96666666666667,"(115.06543700011643, 35.7447853352607)","(115.16250817271008, 35.77633891686956)",河南省,濮阳市,239,2,16953,large,0.11399999999999999,33,17.87989744690694
410900010159,6路(濮阳石油化工职业技术学院--公交公司),6,濮阳石油化工职业技术学院,公交公司,2025-01-20 08:25:00,2025-01-20 09:26:37,17949.0,17.47806329456316,61.61666666666667,"(115.16441023073762, 35.77641245292205)","(115.06535312879537, 35.744890394173005)",河南省,濮阳市,241,2,3055,large,-0.11400000000000007,32,17.6438175065188
410900010158,6路(公交公司--濮阳石油化工职业技术学院),6,公交公司,濮阳石油化工职业技术学院,2025-01-20 08:30:00,2025-01-20 09:31:58,17827.0,17.261215707369555,61.96666666666667,"(115.06543700011643, 35.7447853352607)","(115.16250817271008, 35.77633891686956)",河南省,濮阳市,242,2,16953,large,0.11399999999999999,33,17.87989744690694
410900010159,6路(濮阳石油化工职业技术学院--公交公司),6,濮阳石油化工职业技术学院,公交公司,2025-01-20 08:42:00,2025-01-20 09:43:37,17949.0,17.47806329456316,61.61666666666667,"(115.16441023073762, 35.77641245292205)","(115.06535312879537, 35.744890394173005)",河南省,濮阳市,243,1,3055,large,-0.11400000000000007,32,17.6438175065188
410900010158,6路(公交公司--濮阳石油化工职业技术学院),6,公交公司,濮阳石油化工职业技术学院,2025-01-20 08:52:00,2025-01-20 09:53:58,17827.0,17.261215707369555,61.96666666666667,"(115.06543700011643, 35.7447853352607)","(115.16250817271008, 35.77633891686956)",河南省,濮阳市,236,3,16953,large,0.11399999999999999,33,17.87989744690694
410900010159,6路(濮阳石油化工职业技术学院--公交公司),6,濮阳石油化工职业技术学院,公交公司,2025-01-20 08:59:00,2025-01-20 10:00:37,17949.0,17.47806329456316,61.61666666666667,"(115.16441023073762, 35.77641245292205)","(115.06535312879537, 35.744890394173005)",河南省,濮阳市,235,3,3055,large,-0.11400000000000007,32,17.6438175065188
410900010158,6路(公交公司--濮阳石油化工职业技术学院),6,公交公司,濮阳石油化工职业技术学院,2025-01-20 09:13:00,2025-01-20 10:04:45,17827.0,20.66898550724638,51.75,"(115.06543700011643, 35.7447853352607)","(115.16250817271008, 35.77633891686956)",河南省,濮阳市,238,3,16953,large,0.11399999999999999,33,18.30514963246377
410900010159,6路(濮阳石油化工职业技术学院--公交公司),6,濮阳石油化工职业技术学院,公交公司,2025-01-20 09:17:00,2025-01-20 10:18:25,17949.0,17.534979647218456,61.41666666666666,"(115.16441023073762, 35.77641245292205)","(115.06535312879537, 35.744890394173005)",河南省,濮阳市,237,3,3055,large,-0.11400000000000007,32,17.650968647815468
410900010158,6路(公交公司--濮阳石油化工职业技术学院),6,公交公司,濮阳石油化工职业技术学院,2025-01-20 09:33:00,2025-01-20 10:24:45,17827.0,20.66898550724638,51.75,"(115.06543700011643, 35.7447853352607)","(115.16250817271008, 35.77633891686956)",河南省,濮阳市,241,3,16953,large,0.11399999999999999,33,18.30514963246377
410900010159,6路(濮阳石油化工职业技术学院--公交公司),6,濮阳石油化工职业技术学院,公交公司,2025-01-20 09:38:00,2025-01-20 10:39:25,17949.0,17.534979647218456,61.41666666666666,"(115.16441023073762, 35.77641245292205)","(115.06535312879537, 35.744890394173005)",河南省,濮阳市,242,3,3055,large,-0.11400000000000007,32,17.650968647815468
410900010158,6路(公交公司--濮阳石油化工职业技术学院),6,公交公司,濮阳石油化工职业技术学院,2025-01-20 09:53:00,2025-01-20 10:44:45,17827.0,20.66898550724638,51.75,"(115.06543700011643, 35.7447853352607)","(115.16250817271008, 35.77633891686956)",河南省,濮阳市,243,2,16953,large,0.11399999999999999,33,18.30514963246377
410900010159,6路(濮阳石油化工职业技术学院--公交公司),6,濮阳石油化工职业技术学院,公交公司,2025-01-20 09:57:00,2025-01-20 10:58:25,17949.0,17.534979647218456,61.41666666666666,"(115.16441023073762, 35.77641245292205)","(115.06535312879537, 35.744890394173005)",河南省,濮阳市,244,1,3055,large,-0.11400000000000007,32,17.650968647815468
410900010158,6路(公交公司--濮阳石油化工职业技术学院),6,公交公司,濮阳石油化工职业技术学院,2025-01-20 10:15:00,2025-01-20 11:06:45,17827.0,20.66898550724638,51.75,"(115.06543700011643, 35.7447853352607)","(115.16250817271008, 35.77633891686956)",河南省,濮阳市,235,4,16953,large,0.11399999999999999,33,18.30514963246377
410900010159,6路(濮阳石油化工职业技术学院--公交公司),6,濮阳石油化工职业技术学院,公交公司,2025-01-20 10:17:00,2025-01-20 11:18:25,17949.0,17.534979647218456,61.41666666666666,"(115.16441023073762, 35.77641245292205)","(115.06535312879537, 35.744890394173005)",河南省,濮阳市,238,4,3055,large,-0.11400000000000007,32,17.650968647815468
410900010159,6路(濮阳石油化工职业技术学院--公交公司),6,濮阳石油化工职业技术学院,公交公司,2025-01-20 10:37:00,2025-01-20 11:38:25,17949.0,17.534979647218456,61.41666666666666,"(115.16441023073762, 35.77641245292205)","(115.06535312879537, 35.744890394173005)",河南省,濮阳市,241,4,3055,large,-0.11400000000000007,32,17.650968647815468
410900010158,6路(公交公司--濮阳石油化工职业技术学院),6,公交公司,濮阳石油化工职业技术学院,2025-01-20 10:38:00,2025-01-20 11:29:45,17827.0,20.66898550724638,51.75,"(115.06543700011643, 35.7447853352607)","(115.16250817271008, 35.77633891686956)",河南省,濮阳市,237,4,16953,large,0.11399999999999999,33,18.30514963246377
410900010159,6路(濮阳石油化工职业技术学院--公交公司),6,濮阳石油化工职业技术学院,公交公司,2025-01-20 10:58:00,2025-01-20 11:59:25,17949.0,17.534979647218456,61.41666666666666,"(115.16441023073762, 35.77641245292205)","(115.06535312879537, 35.744890394173005)",河南省,濮阳市,243,3,3055,large,-0.11400000000000007,32,17.650968647815468
410900010158,6路(公交公司--濮阳石油化工职业技术学院),6,公交公司,濮阳石油化工职业技术学院,2025-01-20 11:00:00,2025-01-20 11:51:45,17827.0,20.66898550724638,51.75,"(115.06543700011643, 35.7447853352607)","(115.16250817271008, 35.77633891686956)",河南省,濮阳市,242,4,16953,large,0.11399999999999999,33,18.30514963246377
410900010159,6路(濮阳石油化工职业技术学院--公交公司),6,濮阳石油化工职业技术学院,公交公司,2025-01-20 11:19:00,2025-01-20 12:20:25,17949.0,17.534979647218456,61.41666666666666,"(115.16441023073762, 35.77641245292205)","(115.06535312879537, 35.744890394173005)",河南省,濮阳市,235,5,3055,large,-0.11400000000000007,32,17.650968647815468
410900010158,6路(公交公司--濮阳石油化工职业技术学院),6,公交公司,濮阳石油化工职业技术学院,2025-01-20 11:22:00,2025-01-20 12:13:45,17827.0,20.66898550724638,51.75,"(115.06543700011643, 35.7447853352607)","(115.16250817271008, 35.77633891686956)",河南省,濮阳市,244,2,16953,large,0.11399999999999999,33,18.30514963246377
410900010159,6路(濮阳石油化工职业技术学院--公交公司),6,濮阳石油化工职业技术学院,公交公司,2025-01-20 11:41:00,2025-01-20 12:42:25,17949.0,17.534979647218456,61.41666666666666,"(115.16441023073762, 35.77641245292205)","(115.06535312879537, 35.744890394173005)",河南省,濮阳市,237,5,3055,large,-0.11400000000000007,32,17.650968647815468
410900010158,6路(公交公司--濮阳石油化工职业技术学院),6,公交公司,濮阳石油化工职业技术学院,2025-01-20 11:43:00,2025-01-20 12:34:45,17827.0,20.66898550724638,51.75,"(115.06543700011643, 35.7447853352607)","(115.16250817271008, 35.77633891686956)",河南省,濮阳市,238,5,16953,large,0.11399999999999999,33,18.30514963246377
410900010159,6路(濮阳石油化工职业技术学院--公交公司),6,濮阳石油化工职业技术学院,公交公司,2025-01-20 12:03:00,2025-01-20 13:04:25,17949.0,17.534979647218456,61.41666666666666,"(115.16441023073762, 35.77641245292205)","(115.06535312879537, 35.744890394173005)",河南省,濮阳市,242,5,3055,large,-0.11400000000000007,32,17.650968647815468
410900010158,6路(公交公司--濮阳石油化工职业技术学院),6,公交公司,濮阳石油化工职业技术学院,2025-01-20 12:06:00,2025-01-20 12:57:45,17827.0,20.66898550724638,51.75,"(115.06543700011643, 35.7447853352607)","(115.16250817271008, 35.77633891686956)",河南省,濮阳市,243,4,16953,large,0.11399999999999999,33,18.30514963246377
410900010159,6路(濮阳石油化工职业技术学院--公交公司),6,濮阳石油化工职业技术学院,公交公司,2025-01-20 12:26:00,2025-01-20 13:27:25,17949.0,17.534979647218456,61.41666666666666,"(115.16441023073762, 35.77641245292205)","(115.06535312879537, 35.744890394173005)",河南省,濮阳市,244,3,3055,large,-0.11400000000000007,32,17.650968647815468
410900010158,6路(公交公司--濮阳石油化工职业技术学院),6,公交公司,濮阳石油化工职业技术学院,2025-01-20 12:27:00,2025-01-20 13:18:45,17827.0,20.66898550724638,51.75,"(115.06543700011643, 35.7447853352607)","(115.16250817271008, 35.77633891686956)",河南省,濮阳市,235,6,16953,large,0.11399999999999999,33,18.30514963246377
410900010159,6路(濮阳石油化工职业技术学院--公交公司),6,濮阳石油化工职业技术学院,公交公司,2025-01-20 12:48:00,2025-01-20 13:49:25,17949.0,17.534979647218456,61.41666666666666,"(115.16441023073762, 35.77641245292205)","(115.06535312879537, 35.744890394173005)",河南省,濮阳市,238,6,3055,large,-0.11400000000000007,32,17.650968647815468
410900010158,6路(公交公司--濮阳石油化工职业技术学院),6,公交公司,濮阳石油化工职业技术学院,2025-01-20 12:50:00,2025-01-20 13:41:45,17827.0,20.66898550724638,51.75,"(115.06543700011643, 35.7447853352607)","(115.16250817271008, 35.77633891686956)",河南省,濮阳市,237,6,16953,large,0.11399999999999999,33,18.30514963246377
410900010159,6路(濮阳石油化工职业技术学院--公交公司),6,濮阳石油化工职业技术学院,公交公司,2025-01-20 13:09:00,2025-01-20 14:10:25,17949.0,17.534979647218456,61.41666666666666,"(115.16441023073762, 35.77641245292205)","(115.06535312879537, 35.744890394173005)",河南省,濮阳市,243,5,3055,large,-0.11400000000000007,32,17.650968647815468
410900010158,6路(公交公司--濮阳石油化工职业技术学院),6,公交公司,濮阳石油化工职业技术学院,2025-01-20 13:14:00,2025-01-20 14:05:45,17827.0,20.66898550724638,51.75,"(115.06543700011643, 35.7447853352607)","(115.16250817271008, 35.77633891686956)",河南省,濮阳市,242,6,16953,large,0.11399999999999999,33,18.30514963246377
410900010159,6路(濮阳石油化工职业技术学院--公交公司),6,濮阳石油化工职业技术学院,公交公司,2025-01-20 13:31:00,2025-01-20 14:32:25,17949.0,17.534979647218456,61.41666666666666,"(115.16441023073762, 35.77641245292205)","(115.06535312879537, 35.744890394173005)",河南省,濮阳市,235,7,3055,large,-0.11400000000000007,32,17.650968647815468
410900010158,6路(公交公司--濮阳石油化工职业技术学院),6,公交公司,濮阳石油化工职业技术学院,2025-01-20 13:34:00,2025-01-20 14:25:45,17827.0,20.66898550724638,51.75,"(115.06543700011643, 35.7447853352607)","(115.16250817271008, 35.77633891686956)",河南省,濮阳市,244,4,16953,large,0.11399999999999999,33,18.30514963246377
410900010159,6路(濮阳石油化工职业技术学院--公交公司),6,濮阳石油化工职业技术学院,公交公司,2025-01-20 13:53:00,2025-01-20 14:54:25,17949.0,17.534979647218456,61.41666666666666,"(115.16441023073762, 35.77641245292205)","(115.06535312879537, 35.744890394173005)",河南省,濮阳市,237,7,3055,large,-0.11400000000000007,32,17.650968647815468
410900010158,6路(公交公司--濮阳石油化工职业技术学院),6,公交公司,濮阳石油化工职业技术学院,2025-01-20 13:56:00,2025-01-20 14:47:45,17827.0,20.66898550724638,51.75,"(115.06543700011643, 35.7447853352607)","(115.16250817271008, 35.77633891686956)",河南省,濮阳市,238,7,16953,large,0.11399999999999999,33,18.30514963246377
410900010159,6路(濮阳石油化工职业技术学院--公交公司),6,濮阳石油化工职业技术学院,公交公司,2025-01-20 14:15:00,2025-01-20 15:16:25,17949.0,17.534979647218456,61.41666666666666,"(115.16441023073762, 35.77641245292205)","(115.06535312879537, 35.744890394173005)",河南省,濮阳市,242,7,3055,large,-0.11400000000000007,32,17.650968647815468
410900010158,6路(公交公司--濮阳石油化工职业技术学院),6,公交公司,濮阳石油化工职业技术学院,2025-01-20 14:18:00,2025-01-20 15:09:45,17827.0,20.66898550724638,51.75,"(115.06543700011643, 35.7447853352607)","(115.16250817271008, 35.77633891686956)",河南省,濮阳市,243,6,16953,large,0.11399999999999999,33,18.30514963246377
410900010158,6路(公交公司--濮阳石油化工职业技术学院),6,公交公司,濮阳石油化工职业技术学院,2025-01-20 14:35:00,2025-01-20 15:26:45,17827.0,20.66898550724638,51.75,"(115.06543700011643, 35.7447853352607)","(115.16250817271008, 35.77633891686956)",河南省,濮阳市,245,1,16953,large,0.11399999999999999,33,18.30514963246377
410900010159,6路(濮阳石油化工职业技术学院--公交公司),6,濮阳石油化工职业技术学院,公交公司,2025-01-20 14:37:00,2025-01-20 15:38:25,17949.0,17.534979647218456,61.41666666666666,"(115.16441023073762, 35.77641245292205)","(115.06535312879537, 35.744890394173005)",河南省,濮阳市,244,5,3055,large,-0.11400000000000007,32,17.650968647815468
410900010158,6路(公交公司--濮阳石油化工职业技术学院),6,公交公司,濮阳石油化工职业技术学院,2025-01-20 14:52:00,2025-01-20 15:43:45,17827.0,20.66898550724638,51.75,"(115.06543700011643, 35.7447853352607)","(115.16250817271008, 35.77633891686956)",河南省,濮阳市,235,8,16953,large,0.11399999999999999,33,18.30514963246377
410900010159,6路(濮阳石油化工职业技术学院--公交公司),6,濮阳石油化工职业技术学院,公交公司,2025-01-20 14:59:00,2025-01-20 16:00:25,17949.0,17.534979647218456,61.41666666666666,"(115.16441023073762, 35.77641245292205)","(115.06535312879537, 35.744890394173005)",河南省,濮阳市,238,8,3055,large,-0.11400000000000007,32,17.650968647815468
410900010158,6路(公交公司--濮阳石油化工职业技术学院),6,公交公司,濮阳石油化工职业技术学院,2025-01-20 15:09:00,2025-01-20 16:00:45,17827.0,20.66898550724638,51.75,"(115.06543700011643, 35.7447853352607)","(115.16250817271008, 35.77633891686956)",河南省,濮阳市,237,8,16953,large,0.11399999999999999,33,18.30514963246377
410900010159,6路(濮阳石油化工职业技术学院--公交公司),6,濮阳石油化工职业技术学院,公交公司,2025-01-20 15:22:00,2025-01-20 16:23:25,17949.0,17.534979647218456,61.41666666666666,"(115.16441023073762, 35.77641245292205)","(115.06535312879537, 35.744890394173005)",河南省,濮阳市,243,7,3055,large,-0.11400000000000007,32,17.650968647815468
410900010158,6路(公交公司--濮阳石油化工职业技术学院),6,公交公司,濮阳石油化工职业技术学院,2025-01-20 15:26:00,2025-01-20 16:17:45,17827.0,20.66898550724638,51.75,"(115.06543700011643, 35.7447853352607)","(115.16250817271008, 35.77633891686956)",河南省,濮阳市,242,8,16953,large,0.11399999999999999,33,18.30514963246377
410900010159,6路(濮阳石油化工职业技术学院--公交公司),6,濮阳石油化工职业技术学院,公交公司,2025-01-20 15:38:00,2025-01-20 16:39:25,17949.0,17.534979647218456,61.41666666666666,"(115.16441023073762, 35.77641245292205)","(115.06535312879537, 35.744890394173005)",河南省,濮阳市,245,2,3055,large,-0.11400000000000007,32,17.650968647815468
410900010158,6路(公交公司--濮阳石油化工职业技术学院),6,公交公司,濮阳石油化工职业技术学院,2025-01-20 15:43:00,2025-01-20 16:34:45,17827.0,20.66898550724638,51.75,"(115.06543700011643, 35.7447853352607)","(115.16250817271008, 35.77633891686956)",河南省,濮阳市,246,1,16953,large,0.11399999999999999,33,18.30514963246377
410900010159,6路(濮阳石油化工职业技术学院--公交公司),6,濮阳石油化工职业技术学院,公交公司,2025-01-20 15:56:00,2025-01-20 16:57:25,17949.0,17.534979647218456,61.41666666666666,"(115.16441023073762, 35.77641245292205)","(115.06535312879537, 35.744890394173005)",河南省,濮阳市,235,9,3055,large,-0.11400000000000007,32,17.650968647815468
410900010158,6路(公交公司--濮阳石油化工职业技术学院),6,公交公司,濮阳石油化工职业技术学院,2025-01-20 15:59:00,2025-01-20 16:50:45,17827.0,20.66898550724638,51.75,"(115.06543700011643, 35.7447853352607)","(115.16250817271008, 35.77633891686956)",河南省,濮阳市,244,6,16953,large,0.11399999999999999,33,18.30514963246377
410900010159,6路(濮阳石油化工职业技术学院--公交公司),6,濮阳石油化工职业技术学院,公交公司,2025-01-20 16:15:00,2025-01-20 17:16:25,17949.0,17.534979647218456,61.41666666666666,"(115.16441023073762, 35.77641245292205)","(115.06535312879537, 35.744890394173005)",河南省,濮阳市,237,9,3055,large,-0.11400000000000007,32,17.650968647815468
410900010158,6路(公交公司--濮阳石油化工职业技术学院),6,公交公司,濮阳石油化工职业技术学院,2025-01-20 16:18:00,2025-01-20 17:09:45,17827.0,20.66898550724638,51.75,"(115.06543700011643, 35.7447853352607)","(115.16250817271008, 35.77633891686956)",河南省,濮阳市,238,9,16953,large,0.11399999999999999,33,18.30514963246377
410900010159,6路(濮阳石油化工职业技术学院--公交公司),6,濮阳石油化工职业技术学院,公交公司,2025-01-20 16:35:00,2025-01-20 17:36:25,17949.0,17.534979647218456,61.41666666666666,"(115.16441023073762, 35.77641245292205)","(115.06535312879537, 35.744890394173005)",河南省,濮阳市,242,9,3055,large,-0.11400000000000007,32,17.650968647815468
410900010158,6路(公交公司--濮阳石油化工职业技术学院),6,公交公司,濮阳石油化工职业技术学院,2025-01-20 16:36:00,2025-01-20 17:27:45,17827.0,20.66898550724638,51.75,"(115.06543700011643, 35.7447853352607)","(115.16250817271008, 35.77633891686956)",河南省,濮阳市,243,8,16953,large,0.11399999999999999,33,18.30514963246377
410900010159,6路(濮阳石油化工职业技术学院--公交公司),6,濮阳石油化工职业技术学院,公交公司,2025-01-20 16:55:00,2025-01-20 17:56:25,17949.0,17.534979647218456,61.41666666666666,"(115.16441023073762, 35.77641245292205)","(115.06535312879537, 35.744890394173005)",河南省,濮阳市,246,2,3055,large,-0.11400000000000007,32,17.650968647815468
410900010158,6路(公交公司--濮阳石油化工职业技术学院),6,公交公司,濮阳石油化工职业技术学院,2025-01-20 16:56:00,2025-01-20 17:47:45,17827.0,20.66898550724638,51.75,"(115.06543700011643, 35.7447853352607)","(115.16250817271008, 35.77633891686956)",河南省,濮阳市,245,3,16953,large,0.11399999999999999,33,18.30514963246377
410900010158,6路(公交公司--濮阳石油化工职业技术学院),6,公交公司,濮阳石油化工职业技术学院,2025-01-20 17:16:00,2025-01-20 18:17:58,17827.0,17.261215707369555,61.96666666666667,"(115.06543700011643, 35.7447853352607)","(115.16250817271008, 35.77633891686956)",河南省,濮阳市,235,10,16953,large,0.11399999999999999,33,17.87989744690694
410900010159,6路(濮阳石油化工职业技术学院--公交公司),6,濮阳石油化工职业技术学院,公交公司,2025-01-20 17:16:00,2025-01-20 18:17:37,17949.0,17.47806329456316,61.61666666666667,"(115.16441023073762, 35.77641245292205)","(115.06535312879537, 35.744890394173005)",河南省,濮阳市,244,7,3055,large,-0.11400000000000007,32,17.6438175065188
410900010158,6路(公交公司--濮阳石油化工职业技术学院),6,公交公司,濮阳石油化工职业技术学院,2025-01-20 17:35:00,2025-01-20 18:36:58,17827.0,17.261215707369555,61.96666666666667,"(115.06543700011643, 35.7447853352607)","(115.16250817271008, 35.77633891686956)",河南省,濮阳市,237,10,16953,large,0.11399999999999999,33,17.87989744690694
410900010159,6路(濮阳石油化工职业技术学院--公交公司),6,濮阳石油化工职业技术学院,公交公司,2025-01-20 17:35:00,2025-01-20 18:36:37,17949.0,17.47806329456316,61.61666666666667,"(115.16441023073762, 35.77641245292205)","(115.06535312879537, 35.744890394173005)",河南省,濮阳市,243,9,3055,large,-0.11400000000000007,32,17.6438175065188
410900010159,6路(濮阳石油化工职业技术学院--公交公司),6,濮阳石油化工职业技术学院,公交公司,2025-01-20 17:49:00,2025-01-20 18:50:37,17949.0,17.47806329456316,61.61666666666667,"(115.16441023073762, 35.77641245292205)","(115.06535312879537, 35.744890394173005)",河南省,濮阳市,247,1,3055,large,-0.11400000000000007,32,17.6438175065188
410900010158,6路(公交公司--濮阳石油化工职业技术学院),6,公交公司,濮阳石油化工职业技术学院,2025-01-20 17:51:00,2025-01-20 18:52:58,17827.0,17.261215707369555,61.96666666666667,"(115.06543700011643, 35.7447853352607)","(115.16250817271008, 35.77633891686956)",河南省,濮阳市,242,10,16953,large,0.11399999999999999,33,17.87989744690694
410900010159,6路(濮阳石油化工职业技术学院--公交公司),6,濮阳石油化工职业技术学院,公交公司,2025-01-20 18:04:00,2025-01-20 19:05:37,17949.0,17.47806329456316,61.61666666666667,"(115.16441023073762, 35.77641245292205)","(115.06535312879537, 35.744890394173005)",河南省,濮阳市,245,4,3055,large,-0.11400000000000007,32,17.6438175065188
410900010158,6路(公交公司--濮阳石油化工职业技术学院),6,公交公司,濮阳石油化工职业技术学院,2025-01-20 18:07:00,2025-01-20 19:08:58,17827.0,17.261215707369555,61.96666666666667,"(115.06543700011643, 35.7447853352607)","(115.16250817271008, 35.77633891686956)",河南省,濮阳市,246,3,16953,large,0.11399999999999999,33,17.87989744690694
410900010159,6路(濮阳石油化工职业技术学院--公交公司),6,濮阳石油化工职业技术学院,公交公司,2025-01-20 18:19:00,2025-01-20 19:20:37,17949.0,17.47806329456316,61.61666666666667,"(115.16441023073762, 35.77641245292205)","(115.06535312879537, 35.744890394173005)",河南省,濮阳市,248,1,3055,large,-0.11400000000000007,32,17.6438175065188
410900010158,6路(公交公司--濮阳石油化工职业技术学院),6,公交公司,濮阳石油化工职业技术学院,2025-01-20 18:24:00,2025-01-20 19:25:58,17827.0,17.261215707369555,61.96666666666667,"(115.06543700011643, 35.7447853352607)","(115.16250817271008, 35.77633891686956)",河南省,濮阳市,244,8,16953,large,0.11399999999999999,33,17.87989744690694
410900010159,6路(濮阳石油化工职业技术学院--公交公司),6,濮阳石油化工职业技术学院,公交公司,2025-01-20 18:39:00,2025-01-20 19:40:37,17949.0,17.47806329456316,61.61666666666667,"(115.16441023073762, 35.77641245292205)","(115.06535312879537, 35.744890394173005)",河南省,濮阳市,235,11,3055,large,-0.11400000000000007,32,17.6438175065188
410900010158,6路(公交公司--濮阳石油化工职业技术学院),6,公交公司,濮阳石油化工职业技术学院,2025-01-20 18:42:00,2025-01-20 19:43:58,17827.0,17.261215707369555,61.96666666666667,"(115.06543700011643, 35.7447853352607)","(115.16250817271008, 35.77633891686956)",河南省,濮阳市,243,10,16953,large,0.11399999999999999,33,17.87989744690694
410900010159,6路(濮阳石油化工职业技术学院--公交公司),6,濮阳石油化工职业技术学院,公交公司,2025-01-20 18:59:00,2025-01-20 20:00:37,17949.0,17.47806329456316,61.61666666666667,"(115.16441023073762, 35.77641245292205)","(115.06535312879537, 35.744890394173005)",河南省,濮阳市,242,11,3055,large,-0.11400000000000007,32,17.6438175065188
410900010158,6路(公交公司--濮阳石油化工职业技术学院),6,公交公司,濮阳石油化工职业技术学院,2025-01-20 19:00:00,2025-01-20 19:51:45,17827.0,20.66898550724638,51.75,"(115.06543700011643, 35.7447853352607)","(115.16250817271008, 35.77633891686956)",河南省,濮阳市,247,2,16953,large,0.11399999999999999,33,18.30514963246377
900000144880,66路(东城花园--公交公司),66,东城花园,公交公司,2025-01-20 06:30:00,2025-01-20 07:02:07,10097.0,18.86310326933057,32.11666666666667,"(115.10724576057747, 35.7753289921196)","(115.06537106171513, 35.74523223482266)",河南省,濮阳市,249,1,3055,medium,-0.03800000000000001,23,10.689188875973013
900000144879,66路(公交公司--东城花园),66,公交公司,东城花园,2025-01-20 06:30:00,2025-01-20 07:15:18,10007.0,13.254304635761589,45.3,"(115.06543700011643, 35.7447853352607)","(115.10576994371274, 35.775465068428424)",河南省,濮阳市,250,1,2353,medium,0.03800000000000002,23,10.302922385430461
900000144880,66路(东城花园--公交公司),66,东城花园,公交公司,2025-01-20 06:54:00,2025-01-20 07:26:07,10097.0,18.86310326933057,32.11666666666667,"(115.10724576057747, 35.7753289921196)","(115.06537106171513, 35.74523223482266)",河南省,濮阳市,251,1,3055,medium,-0.03800000000000001,23,10.689188875973013
900000144879,66路(公交公司--东城花园),66,公交公司,东城花园,2025-01-20 07:13:00,2025-01-20 08:00:41,10007.0,12.591821041593848,47.68333333333333,"(115.06543700011643, 35.7447853352607)","(115.10576994371274, 35.775465068428424)",河南省,濮阳市,249,2,2353,medium,0.03800000000000002,23,10.256516072142606
900000144880,66路(东城花园--公交公司),66,东城花园,公交公司,2025-01-20 07:25:00,2025-01-20 08:00:31,10097.0,17.05734396996715,35.516666666666666,"(115.10724576057747, 35.7753289921196)","(115.06537106171513, 35.74523223482266)",河南省,濮阳市,250,2,3055,medium,-0.03800000000000001,23,10.561559614453307
900000144879,66路(公交公司--东城花园),66,公交公司,东城花园,2025-01-20 07:48:00,2025-01-20 08:35:41,10007.0,12.591821041593848,47.68333333333333,"(115.06543700011643, 35.7447853352607)","(115.10576994371274, 35.775465068428424)",河南省,濮阳市,251,2,2353,medium,0.03800000000000002,23,10.256516072142606
900000144880,66路(东城花园--公交公司),66,东城花园,公交公司,2025-01-20 07:55:00,2025-01-20 08:30:31,10097.0,17.05734396996715,35.516666666666666,"(115.10724576057747, 35.7753289921196)","(115.06537106171513, 35.74523223482266)",河南省,濮阳市,252,1,3055,medium,-0.03800000000000001,23,10.561559614453307
900000144879,66路(公交公司--东城花园),66,公交公司,东城花园,2025-01-20 08:23:00,2025-01-20 09:10:41,10007.0,12.591821041593848,47.68333333333333,"(115.06543700011643, 35.7447853352607)","(115.10576994371274, 35.775465068428424)",河南省,濮阳市,250,3,2353,medium,0.03800000000000002,23,10.256516072142606
900000144880,66路(东城花园--公交公司),66,东城花园,公交公司,2025-01-20 08:27:00,2025-01-20 09:02:31,10097.0,17.05734396996715,35.516666666666666,"(115.10724576057747, 35.7753289921196)","(115.06537106171513, 35.74523223482266)",河南省,濮阳市,249,3,3055,medium,-0.03800000000000001,23,10.561559614453307
900000144879,66路(公交公司--东城花园),66,公交公司,东城花园,2025-01-20 08:50:00,2025-01-20 09:37:41,10007.0,12.591821041593848,47.68333333333333,"(115.06543700011643, 35.7447853352607)","(115.10576994371274, 35.775465068428424)",河南省,濮阳市,252,2,2353,medium,0.03800000000000002,23,10.256516072142606
900000144880,66路(东城花园--公交公司),66,东城花园,公交公司,2025-01-20 09:01:00,2025-01-20 09:33:07,10097.0,18.86310326933057,32.11666666666667,"(115.10724576057747, 35.7753289921196)","(115.06537106171513, 35.74523223482266)",河南省,濮阳市,251,3,3055,medium,-0.03800000000000001,23,10.689188875973013
900000144880,66路(东城花园--公交公司),66,东城花园,公交公司,2025-01-20 09:24:00,2025-01-20 09:56:07,10097.0,18.86310326933057,32.11666666666667,"(115.10724576057747, 35.7753289921196)","(115.06537106171513, 35.74523223482266)",河南省,濮阳市,250,4,3055,medium,-0.03800000000000001,23,10.689188875973013
900000144879,66路(公交公司--东城花园),66,公交公司,东城花园,2025-01-20 09:30:00,2025-01-20 10:15:18,10007.0,13.254304635761589,45.3,"(115.06543700011643, 35.7447853352607)","(115.10576994371274, 35.775465068428424)",河南省,濮阳市,249,4,2353,medium,0.03800000000000002,23,10.302922385430461
900000144879,66路(公交公司--东城花园),66,公交公司,东城花园,2025-01-20 10:07:00,2025-01-20 10:52:18,10007.0,13.254304635761589,45.3,"(115.06543700011643, 35.7447853352607)","(115.10576994371274, 35.775465068428424)",河南省,濮阳市,251,4,2353,medium,0.03800000000000002,23,10.302922385430461
900000144880,66路(东城花园--公交公司),66,东城花园,公交公司,2025-01-20 10:15:00,2025-01-20 10:47:07,10097.0,18.86310326933057,32.11666666666667,"(115.10724576057747, 35.7753289921196)","(115.06537106171513, 35.74523223482266)",河南省,濮阳市,252,3,3055,medium,-0.03800000000000001,23,10.689188875973013
900000144879,66路(公交公司--东城花园),66,公交公司,东城花园,2025-01-20 10:36:00,2025-01-20 11:21:18,10007.0,13.254304635761589,45.3,"(115.06543700011643, 35.7447853352607)","(115.10576994371274, 35.775465068428424)",河南省,濮阳市,253,1,2353,medium,0.03800000000000002,23,10.302922385430461
900000144880,66路(东城花园--公交公司),66,东城花园,公交公司,2025-01-20 10:49:00,2025-01-20 11:21:07,10097.0,18.86310326933057,32.11666666666667,"(115.10724576057747, 35.7753289921196)","(115.06537106171513, 35.74523223482266)",河南省,濮阳市,249,5,3055,medium,-0.03800000000000001,23,10.689188875973013
900000144880,66路(东城花园--公交公司),66,东城花园,公交公司,2025-01-20 11:19:00,2025-01-20 11:51:07,10097.0,18.86310326933057,32.11666666666667,"(115.10724576057747, 35.7753289921196)","(115.06537106171513, 35.74523223482266)",河南省,濮阳市,251,5,3055,medium,-0.03800000000000001,23,10.689188875973013
900000144879,66路(公交公司--东城花园),66,公交公司,东城花园,2025-01-20 11:30:00,2025-01-20 12:15:18,10007.0,13.254304635761589,45.3,"(115.06543700011643, 35.7447853352607)","(115.10576994371274, 35.775465068428424)",河南省,濮阳市,252,4,2353,medium,0.03800000000000002,23,10.302922385430461
900000144880,66路(东城花园--公交公司),66,东城花园,公交公司,2025-01-20 12:14:00,2025-01-20 12:46:07,10097.0,18.86310326933057,32.11666666666667,"(115.10724576057747, 35.7753289921196)","(115.06537106171513, 35.74523223482266)",河南省,濮阳市,253,2,3055,medium,-0.03800000000000001,23,10.689188875973013
900000144879,66路(公交公司--东城花园),66,公交公司,东城花园,2025-01-20 12:15:00,2025-01-20 13:00:18,10007.0,13.254304635761589,45.3,"(115.06543700011643, 35.7447853352607)","(115.10576994371274, 35.775465068428424)",河南省,濮阳市,251,6,2353,medium,0.03800000000000002,23,10.302922385430461
900000144879,66路(公交公司--东城花园),66,公交公司,东城花园,2025-01-20 12:48:00,2025-01-20 13:33:18,10007.0,13.254304635761589,45.3,"(115.06543700011643, 35.7447853352607)","(115.10576994371274, 35.775465068428424)",河南省,濮阳市,254,1,2353,medium,0.03800000000000002,23,10.302922385430461
900000144880,66路(东城花园--公交公司),66,东城花园,公交公司,2025-01-20 12:58:00,2025-01-20 13:30:07,10097.0,18.86310326933057,32.11666666666667,"(115.10724576057747, 35.7753289921196)","(115.06537106171513, 35.74523223482266)",河南省,濮阳市,252,5,3055,medium,-0.03800000000000001,23,10.689188875973013
900000144880,66路(东城花园--公交公司),66,东城花园,公交公司,2025-01-20 13:31:00,2025-01-20 14:03:07,10097.0,18.86310326933057,32.11666666666667,"(115.10724576057747, 35.7753289921196)","(115.06537106171513, 35.74523223482266)",河南省,濮阳市,251,7,3055,medium,-0.03800000000000001,23,10.689188875973013
900000144879,66路(公交公司--东城花园),66,公交公司,东城花园,2025-01-20 13:40:00,2025-01-20 14:25:18,10007.0,13.254304635761589,45.3,"(115.06543700011643, 35.7447853352607)","(115.10576994371274, 35.775465068428424)",河南省,濮阳市,253,3,2353,medium,0.03800000000000002,23,10.302922385430461
900000144880,66路(东城花园--公交公司),66,东城花园,公交公司,2025-01-20 14:18:00,2025-01-20 14:50:07,10097.0,18.86310326933057,32.11666666666667,"(115.10724576057747, 35.7753289921196)","(115.06537106171513, 35.74523223482266)",河南省,濮阳市,254,2,3055,medium,-0.03800000000000001,23,10.689188875973013
900000144879,66路(公交公司--东城花园),66,公交公司,东城花园,2025-01-20 14:25:00,2025-01-20 15:10:18,10007.0,13.254304635761589,45.3,"(115.06543700011643, 35.7447853352607)","(115.10576994371274, 35.775465068428424)",河南省,濮阳市,251,8,2353,medium,0.03800000000000002,23,10.302922385430461
900000144879,66路(公交公司--东城花园),66,公交公司,东城花园,2025-01-20 14:50:00,2025-01-20 15:35:18,10007.0,13.254304635761589,45.3,"(115.06543700011643, 35.7447853352607)","(115.10576994371274, 35.775465068428424)",河南省,濮阳市,255,1,2353,medium,0.03800000000000002,23,10.302922385430461
900000144880,66路(东城花园--公交公司),66,东城花园,公交公司,2025-01-20 15:09:00,2025-01-20 15:41:07,10097.0,18.86310326933057,32.11666666666667,"(115.10724576057747, 35.7753289921196)","(115.06537106171513, 35.74523223482266)",河南省,濮阳市,253,4,3055,medium,-0.03800000000000001,23,10.689188875973013
900000144879,66路(公交公司--东城花园),66,公交公司,东城花园,2025-01-20 15:30:00,2025-01-20 16:15:18,10007.0,13.254304635761589,45.3,"(115.06543700011643, 35.7447853352607)","(115.10576994371274, 35.775465068428424)",河南省,濮阳市,254,3,2353,medium,0.03800000000000002,23,10.302922385430461
900000144880,66路(东城花园--公交公司),66,东城花园,公交公司,2025-01-20 16:04:00,2025-01-20 16:36:07,10097.0,18.86310326933057,32.11666666666667,"(115.10724576057747, 35.7753289921196)","(115.06537106171513, 35.74523223482266)",河南省,濮阳市,255,2,3055,medium,-0.03800000000000001,23,10.689188875973013
900000144879,66路(公交公司--东城花园),66,公交公司,东城花园,2025-01-20 16:20:00,2025-01-20 17:05:18,10007.0,13.254304635761589,45.3,"(115.06543700011643, 35.7447853352607)","(115.10576994371274, 35.775465068428424)",河南省,濮阳市,253,5,2353,medium,0.03800000000000002,23,10.302922385430461
900000144880,66路(东城花园--公交公司),66,东城花园,公交公司,2025-01-20 16:33:00,2025-01-20 17:05:07,10097.0,18.86310326933057,32.11666666666667,"(115.10724576057747, 35.7753289921196)","(115.06537106171513, 35.74523223482266)",河南省,濮阳市,254,4,3055,medium,-0.03800000000000001,23,10.689188875973013
900000144879,66路(公交公司--东城花园),66,公交公司,东城花园,2025-01-20 16:55:00,2025-01-20 17:40:18,10007.0,13.254304635761589,45.3,"(115.06543700011643, 35.7447853352607)","(115.10576994371274, 35.775465068428424)",河南省,濮阳市,255,3,2353,medium,0.03800000000000002,23,10.302922385430461
900000144880,66路(东城花园--公交公司),66,东城花园,公交公司,2025-01-20 17:03:00,2025-01-20 17:38:31,10097.0,17.05734396996715,35.516666666666666,"(115.10724576057747, 35.7753289921196)","(115.06537106171513, 35.74523223482266)",河南省,濮阳市,256,1,3055,medium,-0.03800000000000001,23,10.561559614453307
900000144879,66路(公交公司--东城花园),66,公交公司,东城花园,2025-01-20 17:31:00,2025-01-20 18:18:41,10007.0,12.591821041593848,47.68333333333333,"(115.06543700011643, 35.7447853352607)","(115.10576994371274, 35.775465068428424)",河南省,濮阳市,254,5,2353,medium,0.03800000000000002,23,10.256516072142606
900000144880,66路(东城花园--公交公司),66,东城花园,公交公司,2025-01-20 17:39:00,2025-01-20 18:14:31,10097.0,17.05734396996715,35.516666666666666,"(115.10724576057747, 35.7753289921196)","(115.06537106171513, 35.74523223482266)",河南省,濮阳市,253,6,3055,medium,-0.03800000000000001,23,10.561559614453307
900000144879,66路(公交公司--东城花园),66,公交公司,东城花园,2025-01-20 18:00:00,2025-01-20 18:47:41,10007.0,12.591821041593848,47.68333333333333,"(115.06543700011643, 35.7447853352607)","(115.10576994371274, 35.775465068428424)",河南省,濮阳市,256,2,2353,medium,0.03800000000000002,23,10.256516072142606
900000144880,66路(东城花园--公交公司),66,东城花园,公交公司,2025-01-20 18:19:00,2025-01-20 18:54:31,10097.0,17.05734396996715,35.516666666666666,"(115.10724576057747, 35.7753289921196)","(115.06537106171513, 35.74523223482266)",河南省,濮阳市,255,4,3055,medium,-0.03800000000000001,23,10.561559614453307
900000144879,66路(公交公司--东城花园),66,公交公司,东城花园,2025-01-20 18:30:00,2025-01-20 19:17:41,10007.0,12.591821041593848,47.68333333333333,"(115.06543700011643, 35.7447853352607)","(115.10576994371274, 35.775465068428424)",河南省,濮阳市,253,7,2353,medium,0.03800000000000002,23,10.256516072142606
900000144880,66路(东城花园--公交公司),66,东城花园,公交公司,2025-01-20 18:59:00,2025-01-20 19:34:31,10097.0,17.05734396996715,35.516666666666666,"(115.10724576057747, 35.7753289921196)","(115.06537106171513, 35.74523223482266)",河南省,濮阳市,256,3,3055,medium,-0.03800000000000001,23,10.561559614453307
900000144879,66路(公交公司--东城花园),66,公交公司,东城花园,2025-01-20 18:59:00,2025-01-20 19:46:41,10007.0,12.591821041593848,47.68333333333333,"(115.06543700011643, 35.7447853352607)","(115.10576994371274, 35.775465068428424)",河南省,濮阳市,257,1,2353,medium,0.03800000000000002,23,10.256516072142606
410900010161,7路(火车站--高铁公交客运中心),7,火车站,高铁公交客运中心,2025-01-20 06:30:00,2025-01-20 07:33:16,16818.0,15.949631190727082,63.266666666666666,"(115.01865140874098, 35.74409481581915)","(115.14311558112037, 35.767673330706465)",河南省,濮阳市,258,1,15889,large,-0.0760000000000001,35,17.025024681559536
410900010160,7路(高铁公交客运中心--火车站),7,高铁公交客运中心,火车站,2025-01-20 06:30:00,2025-01-20 07:35:09,16800.0,15.471987720644666,65.15,"(115.14304645406683, 35.76764522575136)","(115.01855968601367, 35.744613863509436)",河南省,濮阳市,259,1,2903,large,0.15200000000000008,34,17.055345755947812
410900010160,7路(高铁公交客运中心--火车站),7,高铁公交客运中心,火车站,2025-01-20 06:39:00,2025-01-20 07:44:09,16800.0,15.471987720644666,65.15,"(115.14304645406683, 35.76764522575136)","(115.01855968601367, 35.744613863509436)",河南省,濮阳市,260,1,2903,large,0.15200000000000008,34,17.055345755947812
410900010161,7路(火车站--高铁公交客运中心),7,火车站,高铁公交客运中心,2025-01-20 06:39:00,2025-01-20 07:42:16,16818.0,15.949631190727082,63.266666666666666,"(115.01865140874098, 35.74409481581915)","(115.14311558112037, 35.767673330706465)",河南省,濮阳市,261,1,15889,large,-0.0760000000000001,35,17.025024681559536
410900010161,7路(火车站--高铁公交客运中心),7,火车站,高铁公交客运中心,2025-01-20 06:47:00,2025-01-20 07:50:16,16818.0,15.949631190727082,63.266666666666666,"(115.01865140874098, 35.74409481581915)","(115.14311558112037, 35.767673330706465)",河南省,濮阳市,262,1,15889,large,-0.0760000000000001,35,17.025024681559536
410900010160,7路(高铁公交客运中心--火车站),7,高铁公交客运中心,火车站,2025-01-20 06:47:00,2025-01-20 07:52:09,16800.0,15.471987720644666,65.15,"(115.14304645406683, 35.76764522575136)","(115.01855968601367, 35.744613863509436)",河南省,濮阳市,263,1,2903,large,0.15200000000000008,34,17.055345755947812
410900010160,7路(高铁公交客运中心--火车站),7,高铁公交客运中心,火车站,2025-01-20 06:56:00,2025-01-20 08:01:09,16800.0,15.471987720644666,65.15,"(115.14304645406683, 35.76764522575136)","(115.01855968601367, 35.744613863509436)",河南省,濮阳市,264,1,2903,large,0.15200000000000008,34,17.055345755947812
410900010161,7路(火车站--高铁公交客运中心),7,火车站,高铁公交客运中心,2025-01-20 06:57:00,2025-01-20 08:00:16,16818.0,15.949631190727082,63.266666666666666,"(115.01865140874098, 35.74409481581915)","(115.14311558112037, 35.767673330706465)",河南省,濮阳市,265,1,15889,large,-0.0760000000000001,35,17.025024681559536
410900010160,7路(高铁公交客运中心--火车站),7,高铁公交客运中心,火车站,2025-01-20 07:06:00,2025-01-20 08:15:41,16800.0,14.465438890217651,69.68333333333334,"(115.14304645406683, 35.76764522575136)","(115.01855968601367, 35.744613863509436)",河南省,濮阳市,266,1,2903,large,0.15200000000000008,34,16.936975613489597
410900010161,7路(火车站--高铁公交客运中心),7,火车站,高铁公交客运中心,2025-01-20 07:06:00,2025-01-20 08:09:16,16818.0,15.949631190727082,63.266666666666666,"(115.01865140874098, 35.74409481581915)","(115.14311558112037, 35.767673330706465)",河南省,濮阳市,267,1,15889,large,-0.0760000000000001,35,17.025024681559536
410900010161,7路(火车站--高铁公交客运中心),7,火车站,高铁公交客运中心,2025-01-20 07:15:00,2025-01-20 08:18:16,16818.0,15.949631190727082,63.266666666666666,"(115.01865140874098, 35.74409481581915)","(115.14311558112037, 35.767673330706465)",河南省,濮阳市,268,1,15889,large,-0.0760000000000001,35,17.025024681559536
410900010160,7路(高铁公交客运中心--火车站),7,高铁公交客运中心,火车站,2025-01-20 07:15:00,2025-01-20 08:24:41,16800.0,14.465438890217651,69.68333333333334,"(115.14304645406683, 35.76764522575136)","(115.01855968601367, 35.744613863509436)",河南省,濮阳市,269,1,2903,large,0.15200000000000008,34,16.936975613489597
410900010161,7路(火车站--高铁公交客运中心),7,火车站,高铁公交客运中心,2025-01-20 07:23:00,2025-01-20 08:26:16,16818.0,15.949631190727082,63.266666666666666,"(115.01865140874098, 35.74409481581915)","(115.14311558112037, 35.767673330706465)",河南省,濮阳市,270,1,15889,large,-0.0760000000000001,35,17.025024681559536
410900010160,7路(高铁公交客运中心--火车站),7,高铁公交客运中心,火车站,2025-01-20 07:24:00,2025-01-20 08:33:41,16800.0,14.465438890217651,69.68333333333334,"(115.14304645406683, 35.76764522575136)","(115.01855968601367, 35.744613863509436)",河南省,濮阳市,271,1,2903,large,0.15200000000000008,34,16.936975613489597
410900010161,7路(火车站--高铁公交客运中心),7,火车站,高铁公交客运中心,2025-01-20 07:33:00,2025-01-20 08:36:16,16818.0,15.949631190727082,63.266666666666666,"(115.01865140874098, 35.74409481581915)","(115.14311558112037, 35.767673330706465)",河南省,濮阳市,272,1,15889,large,-0.0760000000000001,35,17.025024681559536
410900010160,7路(高铁公交客运中心--火车站),7,高铁公交客运中心,火车站,2025-01-20 07:33:00,2025-01-20 08:42:41,16800.0,14.465438890217651,69.68333333333334,"(115.14304645406683, 35.76764522575136)","(115.01855968601367, 35.744613863509436)",河南省,濮阳市,273,1,2903,large,0.15200000000000008,34,16.936975613489597
410900010160,7路(高铁公交客运中心--火车站),7,高铁公交客运中心,火车站,2025-01-20 07:42:00,2025-01-20 08:51:41,16800.0,14.465438890217651,69.68333333333334,"(115.14304645406683, 35.76764522575136)","(115.01855968601367, 35.744613863509436)",河南省,濮阳市,258,2,2903,large,0.15200000000000008,34,16.936975613489597
410900010161,7路(火车站--高铁公交客运中心),7,火车站,高铁公交客运中心,2025-01-20 07:43:00,2025-01-20 08:46:16,16818.0,15.949631190727082,63.266666666666666,"(115.01865140874098, 35.74409481581915)","(115.14311558112037, 35.767673330706465)",河南省,濮阳市,259,2,15889,large,-0.0760000000000001,35,17.025024681559536
410900010160,7路(高铁公交客运中心--火车站),7,高铁公交客运中心,火车站,2025-01-20 07:53:00,2025-01-20 09:02:41,16800.0,14.465438890217651,69.68333333333334,"(115.14304645406683, 35.76764522575136)","(115.01855968601367, 35.744613863509436)",河南省,濮阳市,261,2,2903,large,0.15200000000000008,34,16.936975613489597
410900010161,7路(火车站--高铁公交客运中心),7,火车站,高铁公交客运中心,2025-01-20 07:53:00,2025-01-20 08:56:16,16818.0,15.949631190727082,63.266666666666666,"(115.01865140874098, 35.74409481581915)","(115.14311558112037, 35.767673330706465)",河南省,濮阳市,260,2,15889,large,-0.0760000000000001,35,17.025024681559536
410900010161,7路(火车站--高铁公交客运中心),7,火车站,高铁公交客运中心,2025-01-20 08:02:00,2025-01-20 09:05:16,16818.0,15.949631190727082,63.266666666666666,"(115.01865140874098, 35.74409481581915)","(115.14311558112037, 35.767673330706465)",河南省,濮阳市,263,2,15889,large,-0.0760000000000001,35,17.025024681559536
410900010160,7路(高铁公交客运中心--火车站),7,高铁公交客运中心,火车站,2025-01-20 08:07:00,2025-01-20 09:16:41,16800.0,14.465438890217651,69.68333333333334,"(115.14304645406683, 35.76764522575136)","(115.01855968601367, 35.744613863509436)",河南省,濮阳市,265,2,2903,large,0.15200000000000008,34,16.936975613489597
410900010161,7路(火车站--高铁公交客运中心),7,火车站,高铁公交客运中心,2025-01-20 08:11:00,2025-01-20 09:14:16,16818.0,15.949631190727082,63.266666666666666,"(115.01865140874098, 35.74409481581915)","(115.14311558112037, 35.767673330706465)",河南省,濮阳市,264,2,15889,large,-0.0760000000000001,35,17.025024681559536
410900010160,7路(高铁公交客运中心--火车站),7,高铁公交客运中心,火车站,2025-01-20 08:17:00,2025-01-20 09:26:41,16800.0,14.465438890217651,69.68333333333334,"(115.14304645406683, 35.76764522575136)","(115.01855968601367, 35.744613863509436)",河南省,濮阳市,267,2,2903,large,0.15200000000000008,34,16.936975613489597
410900010161,7路(火车站--高铁公交客运中心),7,火车站,高铁公交客运中心,2025-01-20 08:20:00,2025-01-20 09:23:16,16818.0,15.949631190727082,63.266666666666666,"(115.01865140874098, 35.74409481581915)","(115.14311558112037, 35.767673330706465)",河南省,濮阳市,274,1,15889,large,-0.0760000000000001,35,17.025024681559536
410900010161,7路(火车站--高铁公交客运中心),7,火车站,高铁公交客运中心,2025-01-20 08:29:00,2025-01-20 09:32:16,16818.0,15.949631190727082,63.266666666666666,"(115.01865140874098, 35.74409481581915)","(115.14311558112037, 35.767673330706465)",河南省,濮阳市,266,2,15889,large,-0.0760000000000001,35,17.025024681559536
410900010160,7路(高铁公交客运中心--火车站),7,高铁公交客运中心,火车站,2025-01-20 08:30:00,2025-01-20 09:39:41,16800.0,14.465438890217651,69.68333333333334,"(115.14304645406683, 35.76764522575136)","(115.01855968601367, 35.744613863509436)",河南省,濮阳市,268,2,2903,large,0.15200000000000008,34,16.936975613489597
410900010161,7路(火车站--高铁公交客运中心),7,火车站,高铁公交客运中心,2025-01-20 08:38:00,2025-01-20 09:41:16,16818.0,15.949631190727082,63.266666666666666,"(115.01865140874098, 35.74409481581915)","(115.14311558112037, 35.767673330706465)",河南省,濮阳市,269,2,15889,large,-0.0760000000000001,35,17.025024681559536
410900010160,7路(高铁公交客运中心--火车站),7,高铁公交客运中心,火车站,2025-01-20 08:41:00,2025-01-20 09:50:41,16800.0,14.465438890217651,69.68333333333334,"(115.14304645406683, 35.76764522575136)","(115.01855968601367, 35.744613863509436)",河南省,濮阳市,270,2,2903,large,0.15200000000000008,34,16.936975613489597
410900010161,7路(火车站--高铁公交客运中心),7,火车站,高铁公交客运中心,2025-01-20 08:47:00,2025-01-20 09:50:16,16818.0,15.949631190727082,63.266666666666666,"(115.01865140874098, 35.74409481581915)","(115.14311558112037, 35.767673330706465)",河南省,濮阳市,271,2,15889,large,-0.0760000000000001,35,17.025024681559536
410900010160,7路(高铁公交客运中心--火车站),7,高铁公交客运中心,火车站,2025-01-20 08:54:00,2025-01-20 10:03:41,16800.0,14.465438890217651,69.68333333333334,"(115.14304645406683, 35.76764522575136)","(115.01855968601367, 35.744613863509436)",河南省,濮阳市,272,2,2903,large,0.15200000000000008,34,16.936975613489597
410900010161,7路(火车站--高铁公交客运中心),7,火车站,高铁公交客运中心,2025-01-20 08:57:00,2025-01-20 10:00:16,16818.0,15.949631190727082,63.266666666666666,"(115.01865140874098, 35.74409481581915)","(115.14311558112037, 35.767673330706465)",河南省,濮阳市,273,2,15889,large,-0.0760000000000001,35,17.025024681559536
410900010160,7路(高铁公交客运中心--火车站),7,高铁公交客运中心,火车站,2025-01-20 09:04:00,2025-01-20 10:09:09,16800.0,15.471987720644666,65.15,"(115.14304645406683, 35.76764522575136)","(115.01855968601367, 35.744613863509436)",河南省,濮阳市,260,3,2903,large,0.15200000000000008,34,17.055345755947812
410900010161,7路(火车站--高铁公交客运中心),7,火车站,高铁公交客运中心,2025-01-20 09:08:00,2025-01-20 10:11:16,16818.0,15.949631190727082,63.266666666666666,"(115.01865140874098, 35.74409481581915)","(115.14311558112037, 35.767673330706465)",河南省,濮阳市,261,3,15889,large,-0.0760000000000001,35,17.025024681559536
410900010160,7路(高铁公交客运中心--火车站),7,高铁公交客运中心,火车站,2025-01-20 09:11:00,2025-01-20 10:16:09,16800.0,15.471987720644666,65.15,"(115.14304645406683, 35.76764522575136)","(115.01855968601367, 35.744613863509436)",河南省,濮阳市,263,3,2903,large,0.15200000000000008,34,17.055345755947812
410900010161,7路(火车站--高铁公交客运中心),7,火车站,高铁公交客运中心,2025-01-20 09:17:00,2025-01-20 10:20:16,16818.0,15.949631190727082,63.266666666666666,"(115.01865140874098, 35.74409481581915)","(115.14311558112037, 35.767673330706465)",河南省,濮阳市,275,1,15889,large,-0.0760000000000001,35,17.025024681559536
410900010160,7路(高铁公交客运中心--火车站),7,高铁公交客运中心,火车站,2025-01-20 09:19:00,2025-01-20 10:24:09,16800.0,15.471987720644666,65.15,"(115.14304645406683, 35.76764522575136)","(115.01855968601367, 35.744613863509436)",河南省,濮阳市,276,1,2903,large,0.15200000000000008,34,17.055345755947812
410900010160,7路(高铁公交客运中心--火车站),7,高铁公交客运中心,火车站,2025-01-20 09:27:00,2025-01-20 10:32:09,16800.0,15.471987720644666,65.15,"(115.14304645406683, 35.76764522575136)","(115.01855968601367, 35.744613863509436)",河南省,濮阳市,264,3,2903,large,0.15200000000000008,34,17.055345755947812
410900010161,7路(火车站--高铁公交客运中心),7,火车站,高铁公交客运中心,2025-01-20 09:28:00,2025-01-20 10:31:16,16818.0,15.949631190727082,63.266666666666666,"(115.01865140874098, 35.74409481581915)","(115.14311558112037, 35.767673330706465)",河南省,濮阳市,265,3,15889,large,-0.0760000000000001,35,17.025024681559536
410900010160,7路(高铁公交客运中心--火车站),7,高铁公交客运中心,火车站,2025-01-20 09:35:00,2025-01-20 10:40:09,16800.0,15.471987720644666,65.15,"(115.14304645406683, 35.76764522575136)","(115.01855968601367, 35.744613863509436)",河南省,濮阳市,274,2,2903,large,0.15200000000000008,34,17.055345755947812
410900010161,7路(火车站--高铁公交客运中心),7,火车站,高铁公交客运中心,2025-01-20 09:38:00,2025-01-20 10:41:16,16818.0,15.949631190727082,63.266666666666666,"(115.01865140874098, 35.74409481581915)","(115.14311558112037, 35.767673330706465)",河南省,濮阳市,267,3,15889,large,-0.0760000000000001,35,17.025024681559536
410900010160,7路(高铁公交客运中心--火车站),7,高铁公交客运中心,火车站,2025-01-20 09:44:00,2025-01-20 10:49:09,16800.0,15.471987720644666,65.15,"(115.14304645406683, 35.76764522575136)","(115.01855968601367, 35.744613863509436)",河南省,濮阳市,266,3,2903,large,0.15200000000000008,34,17.055345755947812
410900010161,7路(火车站--高铁公交客运中心),7,火车站,高铁公交客运中心,2025-01-20 09:47:00,2025-01-20 10:50:16,16818.0,15.949631190727082,63.266666666666666,"(115.01865140874098, 35.74409481581915)","(115.14311558112037, 35.767673330706465)",河南省,濮阳市,268,3,15889,large,-0.0760000000000001,35,17.025024681559536
410900010160,7路(高铁公交客运中心--火车站),7,高铁公交客运中心,火车站,2025-01-20 09:52:00,2025-01-20 10:57:09,16800.0,15.471987720644666,65.15,"(115.14304645406683, 35.76764522575136)","(115.01855968601367, 35.744613863509436)",河南省,濮阳市,269,3,2903,large,0.15200000000000008,34,17.055345755947812
410900010161,7路(火车站--高铁公交客运中心),7,火车站,高铁公交客运中心,2025-01-20 09:59:00,2025-01-20 11:02:16,16818.0,15.949631190727082,63.266666666666666,"(115.01865140874098, 35.74409481581915)","(115.14311558112037, 35.767673330706465)",河南省,濮阳市,270,3,15889,large,-0.0760000000000001,35,17.025024681559536
410900010160,7路(高铁公交客运中心--火车站),7,高铁公交客运中心,火车站,2025-01-20 10:00:00,2025-01-20 11:05:09,16800.0,15.471987720644666,65.15,"(115.14304645406683, 35.76764522575136)","(115.01855968601367, 35.744613863509436)",河南省,濮阳市,271,3,2903,large,0.15200000000000008,34,17.055345755947812
410900010161,7路(火车站--高铁公交客运中心),7,火车站,高铁公交客运中心,2025-01-20 10:07:00,2025-01-20 11:10:16,16818.0,15.949631190727082,63.266666666666666,"(115.01865140874098, 35.74409481581915)","(115.14311558112037, 35.767673330706465)",河南省,濮阳市,277,1,15889,large,-0.0760000000000001,35,17.025024681559536
410900010160,7路(高铁公交客运中心--火车站),7,高铁公交客运中心,火车站,2025-01-20 10:08:00,2025-01-20 11:13:09,16800.0,15.471987720644666,65.15,"(115.14304645406683, 35.76764522575136)","(115.01855968601367, 35.744613863509436)",河南省,濮阳市,273,3,2903,large,0.15200000000000008,34,17.055345755947812
410900010161,7路(火车站--高铁公交客运中心),7,火车站,高铁公交客运中心,2025-01-20 10:15:00,2025-01-20 11:18:16,16818.0,15.949631190727082,63.266666666666666,"(115.01865140874098, 35.74409481581915)","(115.14311558112037, 35.767673330706465)",河南省,濮阳市,272,3,15889,large,-0.0760000000000001,35,17.025024681559536
410900010160,7路(高铁公交客运中心--火车站),7,高铁公交客运中心,火车站,2025-01-20 10:19:00,2025-01-20 11:24:09,16800.0,15.471987720644666,65.15,"(115.14304645406683, 35.76764522575136)","(115.01855968601367, 35.744613863509436)",河南省,濮阳市,261,4,2903,large,0.15200000000000008,34,17.055345755947812
410900010161,7路(火车站--高铁公交客运中心),7,火车站,高铁公交客运中心,2025-01-20 10:23:00,2025-01-20 11:26:16,16818.0,15.949631190727082,63.266666666666666,"(115.01865140874098, 35.74409481581915)","(115.14311558112037, 35.767673330706465)",河南省,濮阳市,263,4,15889,large,-0.0760000000000001,35,17.025024681559536
410900010160,7路(高铁公交客运中心--火车站),7,高铁公交客运中心,火车站,2025-01-20 10:29:00,2025-01-20 11:34:09,16800.0,15.471987720644666,65.15,"(115.14304645406683, 35.76764522575136)","(115.01855968601367, 35.744613863509436)",河南省,濮阳市,275,2,2903,large,0.15200000000000008,34,17.055345755947812
410900010161,7路(火车站--高铁公交客运中心),7,火车站,高铁公交客运中心,2025-01-20 10:31:00,2025-01-20 11:34:16,16818.0,15.949631190727082,63.266666666666666,"(115.01865140874098, 35.74409481581915)","(115.14311558112037, 35.767673330706465)",河南省,濮阳市,276,2,15889,large,-0.0760000000000001,35,17.025024681559536
410900010161,7路(火车站--高铁公交客运中心),7,火车站,高铁公交客运中心,2025-01-20 10:39:00,2025-01-20 11:42:16,16818.0,15.949631190727082,63.266666666666666,"(115.01865140874098, 35.74409481581915)","(115.14311558112037, 35.767673330706465)",河南省,濮阳市,264,4,15889,large,-0.0760000000000001,35,17.025024681559536
410900010160,7路(高铁公交客运中心--火车站),7,高铁公交客运中心,火车站,2025-01-20 10:40:00,2025-01-20 11:45:09,16800.0,15.471987720644666,65.15,"(115.14304645406683, 35.76764522575136)","(115.01855968601367, 35.744613863509436)",河南省,濮阳市,265,4,2903,large,0.15200000000000008,34,17.055345755947812
410900010161,7路(火车站--高铁公交客运中心),7,火车站,高铁公交客运中心,2025-01-20 10:47:00,2025-01-20 11:50:16,16818.0,15.949631190727082,63.266666666666666,"(115.01865140874098, 35.74409481581915)","(115.14311558112037, 35.767673330706465)",河南省,濮阳市,274,3,15889,large,-0.0760000000000001,35,17.025024681559536
410900010160,7路(高铁公交客运中心--火车站),7,高铁公交客运中心,火车站,2025-01-20 10:52:00,2025-01-20 11:57:09,16800.0,15.471987720644666,65.15,"(115.14304645406683, 35.76764522575136)","(115.01855968601367, 35.744613863509436)",河南省,濮阳市,267,4,2903,large,0.15200000000000008,34,17.055345755947812
410900010161,7路(火车站--高铁公交客运中心),7,火车站,高铁公交客运中心,2025-01-20 10:55:00,2025-01-20 11:58:16,16818.0,15.949631190727082,63.266666666666666,"(115.01865140874098, 35.74409481581915)","(115.14311558112037, 35.767673330706465)",河南省,濮阳市,266,4,15889,large,-0.0760000000000001,35,17.025024681559536
410900010160,7路(高铁公交客运中心--火车站),7,高铁公交客运中心,火车站,2025-01-20 11:03:00,2025-01-20 12:08:09,16800.0,15.471987720644666,65.15,"(115.14304645406683, 35.76764522575136)","(115.01855968601367, 35.744613863509436)",河南省,濮阳市,268,4,2903,large,0.15200000000000008,34,17.055345755947812
410900010161,7路(火车站--高铁公交客运中心),7,火车站,高铁公交客运中心,2025-01-20 11:03:00,2025-01-20 12:06:16,16818.0,15.949631190727082,63.266666666666666,"(115.01865140874098, 35.74409481581915)","(115.14311558112037, 35.767673330706465)",河南省,濮阳市,269,4,15889,large,-0.0760000000000001,35,17.025024681559536
410900010161,7路(火车站--高铁公交客运中心),7,火车站,高铁公交客运中心,2025-01-20 11:11:00,2025-01-20 12:14:16,16818.0,15.949631190727082,63.266666666666666,"(115.01865140874098, 35.74409481581915)","(115.14311558112037, 35.767673330706465)",河南省,濮阳市,271,4,15889,large,-0.0760000000000001,35,17.025024681559536
410900010160,7路(高铁公交客运中心--火车站),7,高铁公交客运中心,火车站,2025-01-20 11:16:00,2025-01-20 12:21:09,16800.0,15.471987720644666,65.15,"(115.14304645406683, 35.76764522575136)","(115.01855968601367, 35.744613863509436)",河南省,濮阳市,277,2,2903,large,0.15200000000000008,34,17.055345755947812
410900010161,7路(火车站--高铁公交客运中心),7,火车站,高铁公交客运中心,2025-01-20 11:23:00,2025-01-20 12:26:16,16818.0,15.949631190727082,63.266666666666666,"(115.01865140874098, 35.74409481581915)","(115.14311558112037, 35.767673330706465)",河南省,濮阳市,273,4,15889,large,-0.0760000000000001,35,17.025024681559536
410900010160,7路(高铁公交客运中心--火车站),7,高铁公交客运中心,火车站,2025-01-20 11:24:00,2025-01-20 12:29:09,16800.0,15.471987720644666,65.15,"(115.14304645406683, 35.76764522575136)","(115.01855968601367, 35.744613863509436)",河南省,濮阳市,272,4,2903,large,0.15200000000000008,34,17.055345755947812
410900010161,7路(火车站--高铁公交客运中心),7,火车站,高铁公交客运中心,2025-01-20 11:33:00,2025-01-20 12:36:16,16818.0,15.949631190727082,63.266666666666666,"(115.01865140874098, 35.74409481581915)","(115.14311558112037, 35.767673330706465)",河南省,濮阳市,261,5,15889,large,-0.0760000000000001,35,17.025024681559536
410900010160,7路(高铁公交客运中心--火车站),7,高铁公交客运中心,火车站,2025-01-20 11:37:00,2025-01-20 12:42:09,16800.0,15.471987720644666,65.15,"(115.14304645406683, 35.76764522575136)","(115.01855968601367, 35.744613863509436)",河南省,濮阳市,263,5,2903,large,0.15200000000000008,34,17.055345755947812
410900010161,7路(火车站--高铁公交客运中心),7,火车站,高铁公交客运中心,2025-01-20 11:44:00,2025-01-20 12:47:16,16818.0,15.949631190727082,63.266666666666666,"(115.01865140874098, 35.74409481581915)","(115.14311558112037, 35.767673330706465)",河南省,濮阳市,275,3,15889,large,-0.0760000000000001,35,17.025024681559536
410900010160,7路(高铁公交客运中心--火车站),7,高铁公交客运中心,火车站,2025-01-20 11:47:00,2025-01-20 12:52:09,16800.0,15.471987720644666,65.15,"(115.14304645406683, 35.76764522575136)","(115.01855968601367, 35.744613863509436)",河南省,濮阳市,276,3,2903,large,0.15200000000000008,34,17.055345755947812
410900010160,7路(高铁公交客运中心--火车站),7,高铁公交客运中心,火车站,2025-01-20 11:55:00,2025-01-20 13:00:09,16800.0,15.471987720644666,65.15,"(115.14304645406683, 35.76764522575136)","(115.01855968601367, 35.744613863509436)",河南省,濮阳市,264,5,2903,large,0.15200000000000008,34,17.055345755947812
410900010161,7路(火车站--高铁公交客运中心),7,火车站,高铁公交客运中心,2025-01-20 11:56:00,2025-01-20 12:59:16,16818.0,15.949631190727082,63.266666666666666,"(115.01865140874098, 35.74409481581915)","(115.14311558112037, 35.767673330706465)",河南省,濮阳市,265,5,15889,large,-0.0760000000000001,35,17.025024681559536
410900010160,7路(高铁公交客运中心--火车站),7,高铁公交客运中心,火车站,2025-01-20 12:04:00,2025-01-20 13:09:09,16800.0,15.471987720644666,65.15,"(115.14304645406683, 35.76764522575136)","(115.01855968601367, 35.744613863509436)",河南省,濮阳市,274,4,2903,large,0.15200000000000008,34,17.055345755947812
410900010161,7路(火车站--高铁公交客运中心),7,火车站,高铁公交客运中心,2025-01-20 12:07:00,2025-01-20 13:10:16,16818.0,15.949631190727082,63.266666666666666,"(115.01865140874098, 35.74409481581915)","(115.14311558112037, 35.767673330706465)",河南省,濮阳市,267,5,15889,large,-0.0760000000000001,35,17.025024681559536
410900010160,7路(高铁公交客运中心--火车站),7,高铁公交客运中心,火车站,2025-01-20 12:14:00,2025-01-20 13:19:09,16800.0,15.471987720644666,65.15,"(115.14304645406683, 35.76764522575136)","(115.01855968601367, 35.744613863509436)",河南省,濮阳市,269,5,2903,large,0.15200000000000008,34,17.055345755947812
410900010161,7路(火车站--高铁公交客运中心),7,火车站,高铁公交客运中心,2025-01-20 12:18:00,2025-01-20 13:21:16,16818.0,15.949631190727082,63.266666666666666,"(115.01865140874098, 35.74409481581915)","(115.14311558112037, 35.767673330706465)",河南省,濮阳市,268,5,15889,large,-0.0760000000000001,35,17.025024681559536
410900010160,7路(高铁公交客运中心--火车站),7,高铁公交客运中心,火车站,2025-01-20 12:22:00,2025-01-20 13:27:09,16800.0,15.471987720644666,65.15,"(115.14304645406683, 35.76764522575136)","(115.01855968601367, 35.744613863509436)",河南省,濮阳市,271,5,2903,large,0.15200000000000008,34,17.055345755947812
410900010160,7路(高铁公交客运中心--火车站),7,高铁公交客运中心,火车站,2025-01-20 12:31:00,2025-01-20 13:36:09,16800.0,15.471987720644666,65.15,"(115.14304645406683, 35.76764522575136)","(115.01855968601367, 35.744613863509436)",河南省,濮阳市,278,1,2903,large,0.15200000000000008,34,17.055345755947812
410900010161,7路(火车站--高铁公交客运中心),7,火车站,高铁公交客运中心,2025-01-20 12:31:00,2025-01-20 13:34:16,16818.0,15.949631190727082,63.266666666666666,"(115.01865140874098, 35.74409481581915)","(115.14311558112037, 35.767673330706465)",河南省,濮阳市,277,3,15889,large,-0.0760000000000001,35,17.025024681559536
410900010160,7路(高铁公交客运中心--火车站),7,高铁公交客运中心,火车站,2025-01-20 12:41:00,2025-01-20 13:46:09,16800.0,15.471987720644666,65.15,"(115.14304645406683, 35.76764522575136)","(115.01855968601367, 35.744613863509436)",河南省,濮阳市,273,5,2903,large,0.15200000000000008,34,17.055345755947812
410900010161,7路(火车站--高铁公交客运中心),7,火车站,高铁公交客运中心,2025-01-20 12:43:00,2025-01-20 13:46:16,16818.0,15.949631190727082,63.266666666666666,"(115.01865140874098, 35.74409481581915)","(115.14311558112037, 35.767673330706465)",河南省,濮阳市,272,5,15889,large,-0.0760000000000001,35,17.025024681559536
410900010161,7路(火车站--高铁公交客运中心),7,火车站,高铁公交客运中心,2025-01-20 12:51:00,2025-01-20 13:54:16,16818.0,15.949631190727082,63.266666666666666,"(115.01865140874098, 35.74409481581915)","(115.14311558112037, 35.767673330706465)",河南省,濮阳市,263,6,15889,large,-0.0760000000000001,35,17.025024681559536
410900010160,7路(高铁公交客运中心--火车站),7,高铁公交客运中心,火车站,2025-01-20 12:52:00,2025-01-20 13:57:09,16800.0,15.471987720644666,65.15,"(115.14304645406683, 35.76764522575136)","(115.01855968601367, 35.744613863509436)",河南省,濮阳市,261,6,2903,large,0.15200000000000008,34,17.055345755947812
410900010161,7路(火车站--高铁公交客运中心),7,火车站,高铁公交客运中心,2025-01-20 13:01:00,2025-01-20 14:04:16,16818.0,15.949631190727082,63.266666666666666,"(115.01865140874098, 35.74409481581915)","(115.14311558112037, 35.767673330706465)",河南省,濮阳市,276,4,15889,large,-0.0760000000000001,35,17.025024681559536
410900010160,7路(高铁公交客运中心--火车站),7,高铁公交客运中心,火车站,2025-01-20 13:03:00,2025-01-20 14:08:09,16800.0,15.471987720644666,65.15,"(115.14304645406683, 35.76764522575136)","(115.01855968601367, 35.744613863509436)",河南省,濮阳市,275,4,2903,large,0.15200000000000008,34,17.055345755947812
410900010161,7路(火车站--高铁公交客运中心),7,火车站,高铁公交客运中心,2025-01-20 13:10:00,2025-01-20 14:13:16,16818.0,15.949631190727082,63.266666666666666,"(115.01865140874098, 35.74409481581915)","(115.14311558112037, 35.767673330706465)",河南省,濮阳市,264,6,15889,large,-0.0760000000000001,35,17.025024681559536
410900010160,7路(高铁公交客运中心--火车站),7,高铁公交客运中心,火车站,2025-01-20 13:14:00,2025-01-20 14:19:09,16800.0,15.471987720644666,65.15,"(115.14304645406683, 35.76764522575136)","(115.01855968601367, 35.744613863509436)",河南省,濮阳市,265,6,2903,large,0.15200000000000008,34,17.055345755947812
410900010161,7路(火车站--高铁公交客运中心),7,火车站,高铁公交客运中心,2025-01-20 13:19:00,2025-01-20 14:22:16,16818.0,15.949631190727082,63.266666666666666,"(115.01865140874098, 35.74409481581915)","(115.14311558112037, 35.767673330706465)",河南省,濮阳市,274,5,15889,large,-0.0760000000000001,35,17.025024681559536
410900010160,7路(高铁公交客运中心--火车站),7,高铁公交客运中心,火车站,2025-01-20 13:24:00,2025-01-20 14:29:09,16800.0,15.471987720644666,65.15,"(115.14304645406683, 35.76764522575136)","(115.01855968601367, 35.744613863509436)",河南省,濮阳市,267,6,2903,large,0.15200000000000008,34,17.055345755947812
410900010161,7路(火车站--高铁公交客运中心),7,火车站,高铁公交客运中心,2025-01-20 13:28:00,2025-01-20 14:31:16,16818.0,15.949631190727082,63.266666666666666,"(115.01865140874098, 35.74409481581915)","(115.14311558112037, 35.767673330706465)",河南省,濮阳市,269,6,15889,large,-0.0760000000000001,35,17.025024681559536
410900010160,7路(高铁公交客运中心--火车站),7,高铁公交客运中心,火车站,2025-01-20 13:36:00,2025-01-20 14:41:09,16800.0,15.471987720644666,65.15,"(115.14304645406683, 35.76764522575136)","(115.01855968601367, 35.744613863509436)",河南省,濮阳市,268,6,2903,large,0.15200000000000008,34,17.055345755947812
410900010161,7路(火车站--高铁公交客运中心),7,火车站,高铁公交客运中心,2025-01-20 13:37:00,2025-01-20 14:40:16,16818.0,15.949631190727082,63.266666666666666,"(115.01865140874098, 35.74409481581915)","(115.14311558112037, 35.767673330706465)",河南省,濮阳市,271,6,15889,large,-0.0760000000000001,35,17.025024681559536
410900010161,7路(火车站--高铁公交客运中心),7,火车站,高铁公交客运中心,2025-01-20 13:45:00,2025-01-20 14:48:16,16818.0,15.949631190727082,63.266666666666666,"(115.01865140874098, 35.74409481581915)","(115.14311558112037, 35.767673330706465)",河南省,濮阳市,278,2,15889,large,-0.0760000000000001,35,17.025024681559536
410900010160,7路(高铁公交客运中心--火车站),7,高铁公交客运中心,火车站,2025-01-20 13:47:00,2025-01-20 14:52:09,16800.0,15.471987720644666,65.15,"(115.14304645406683, 35.76764522575136)","(115.01855968601367, 35.744613863509436)",河南省,濮阳市,277,4,2903,large,0.15200000000000008,34,17.055345755947812
410900010161,7路(火车站--高铁公交客运中心),7,火车站,高铁公交客运中心,2025-01-20 13:56:00,2025-01-20 14:59:16,16818.0,15.949631190727082,63.266666666666666,"(115.01865140874098, 35.74409481581915)","(115.14311558112037, 35.767673330706465)",河南省,濮阳市,273,6,15889,large,-0.0760000000000001,35,17.025024681559536
410900010160,7路(高铁公交客运中心--火车站),7,高铁公交客运中心,火车站,2025-01-20 13:58:00,2025-01-20 15:03:09,16800.0,15.471987720644666,65.15,"(115.14304645406683, 35.76764522575136)","(115.01855968601367, 35.744613863509436)",河南省,濮阳市,272,6,2903,large,0.15200000000000008,34,17.055345755947812
410900010161,7路(火车站--高铁公交客运中心),7,火车站,高铁公交客运中心,2025-01-20 14:08:00,2025-01-20 15:11:16,16818.0,15.949631190727082,63.266666666666666,"(115.01865140874098, 35.74409481581915)","(115.14311558112037, 35.767673330706465)",河南省,濮阳市,261,7,15889,large,-0.0760000000000001,35,17.025024681559536
410900010160,7路(高铁公交客运中心--火车站),7,高铁公交客运中心,火车站,2025-01-20 14:10:00,2025-01-20 15:15:09,16800.0,15.471987720644666,65.15,"(115.14304645406683, 35.76764522575136)","(115.01855968601367, 35.744613863509436)",河南省,濮阳市,276,5,2903,large,0.15200000000000008,34,17.055345755947812
410900010161,7路(火车站--高铁公交客运中心),7,火车站,高铁公交客运中心,2025-01-20 14:18:00,2025-01-20 15:21:16,16818.0,15.949631190727082,63.266666666666666,"(115.01865140874098, 35.74409481581915)","(115.14311558112037, 35.767673330706465)",河南省,濮阳市,275,5,15889,large,-0.0760000000000001,35,17.025024681559536
410900010160,7路(高铁公交客运中心--火车站),7,高铁公交客运中心,火车站,2025-01-20 14:20:00,2025-01-20 15:25:09,16800.0,15.471987720644666,65.15,"(115.14304645406683, 35.76764522575136)","(115.01855968601367, 35.744613863509436)",河南省,濮阳市,264,7,2903,large,0.15200000000000008,34,17.055345755947812
410900010160,7路(高铁公交客运中心--火车站),7,高铁公交客运中心,火车站,2025-01-20 14:29:00,2025-01-20 15:34:09,16800.0,15.471987720644666,65.15,"(115.14304645406683, 35.76764522575136)","(115.01855968601367, 35.744613863509436)",河南省,濮阳市,274,6,2903,large,0.15200000000000008,34,17.055345755947812
410900010161,7路(火车站--高铁公交客运中心),7,火车站,高铁公交客运中心,2025-01-20 14:29:00,2025-01-20 15:32:16,16818.0,15.949631190727082,63.266666666666666,"(115.01865140874098, 35.74409481581915)","(115.14311558112037, 35.767673330706465)",河南省,濮阳市,265,7,15889,large,-0.0760000000000001,35,17.025024681559536
410900010160,7路(高铁公交客运中心--火车站),7,高铁公交客运中心,火车站,2025-01-20 14:38:00,2025-01-20 15:43:09,16800.0,15.471987720644666,65.15,"(115.14304645406683, 35.76764522575136)","(115.01855968601367, 35.744613863509436)",河南省,濮阳市,269,7,2903,large,0.15200000000000008,34,17.055345755947812
410900010161,7路(火车站--高铁公交客运中心),7,火车站,高铁公交客运中心,2025-01-20 14:40:00,2025-01-20 15:43:16,16818.0,15.949631190727082,63.266666666666666,"(115.01865140874098, 35.74409481581915)","(115.14311558112037, 35.767673330706465)",河南省,濮阳市,267,7,15889,large,-0.0760000000000001,35,17.025024681559536
410900010160,7路(高铁公交客运中心--火车站),7,高铁公交客运中心,火车站,2025-01-20 14:46:00,2025-01-20 15:51:09,16800.0,15.471987720644666,65.15,"(115.14304645406683, 35.76764522575136)","(115.01855968601367, 35.744613863509436)",河南省,濮阳市,271,7,2903,large,0.15200000000000008,34,17.055345755947812
410900010161,7路(火车站--高铁公交客运中心),7,火车站,高铁公交客运中心,2025-01-20 14:51:00,2025-01-20 15:54:16,16818.0,15.949631190727082,63.266666666666666,"(115.01865140874098, 35.74409481581915)","(115.14311558112037, 35.767673330706465)",河南省,濮阳市,268,7,15889,large,-0.0760000000000001,35,17.025024681559536
410900010160,7路(高铁公交客运中心--火车站),7,高铁公交客运中心,火车站,2025-01-20 14:55:00,2025-01-20 16:00:09,16800.0,15.471987720644666,65.15,"(115.14304645406683, 35.76764522575136)","(115.01855968601367, 35.744613863509436)",河南省,濮阳市,278,3,2903,large,0.15200000000000008,34,17.055345755947812
410900010161,7路(火车站--高铁公交客运中心),7,火车站,高铁公交客运中心,2025-01-20 15:02:00,2025-01-20 16:05:16,16818.0,15.949631190727082,63.266666666666666,"(115.01865140874098, 35.74409481581915)","(115.14311558112037, 35.767673330706465)",河南省,濮阳市,277,5,15889,large,-0.0760000000000001,35,17.025024681559536
410900010160,7路(高铁公交客运中心--火车站),7,高铁公交客运中心,火车站,2025-01-20 15:04:00,2025-01-20 16:09:09,16800.0,15.471987720644666,65.15,"(115.14304645406683, 35.76764522575136)","(115.01855968601367, 35.744613863509436)",河南省,濮阳市,279,1,2903,large,0.15200000000000008,34,17.055345755947812
410900010160,7路(高铁公交客运中心--火车站),7,高铁公交客运中心,火车站,2025-01-20 15:14:00,2025-01-20 16:19:09,16800.0,15.471987720644666,65.15,"(115.14304645406683, 35.76764522575136)","(115.01855968601367, 35.744613863509436)",河南省,濮阳市,273,7,2903,large,0.15200000000000008,34,17.055345755947812
410900010161,7路(火车站--高铁公交客运中心),7,火车站,高铁公交客运中心,2025-01-20 15:15:00,2025-01-20 16:18:16,16818.0,15.949631190727082,63.266666666666666,"(115.01865140874098, 35.74409481581915)","(115.14311558112037, 35.767673330706465)",河南省,濮阳市,272,7,15889,large,-0.0760000000000001,35,17.025024681559536
410900010160,7路(高铁公交客运中心--火车站),7,高铁公交客运中心,火车站,2025-01-20 15:23:00,2025-01-20 16:28:09,16800.0,15.471987720644666,65.15,"(115.14304645406683, 35.76764522575136)","(115.01855968601367, 35.744613863509436)",河南省,濮阳市,261,8,2903,large,0.15200000000000008,34,17.055345755947812
410900010161,7路(火车站--高铁公交客运中心),7,火车站,高铁公交客运中心,2025-01-20 15:25:00,2025-01-20 16:28:16,16818.0,15.949631190727082,63.266666666666666,"(115.01865140874098, 35.74409481581915)","(115.14311558112037, 35.767673330706465)",河南省,濮阳市,276,6,15889,large,-0.0760000000000001,35,17.025024681559536
410900010160,7路(高铁公交客运中心--火车站),7,高铁公交客运中心,火车站,2025-01-20 15:31:00,2025-01-20 16:36:09,16800.0,15.471987720644666,65.15,"(115.14304645406683, 35.76764522575136)","(115.01855968601367, 35.744613863509436)",河南省,濮阳市,275,6,2903,large,0.15200000000000008,34,17.055345755947812
410900010161,7路(火车站--高铁公交客运中心),7,火车站,高铁公交客运中心,2025-01-20 15:35:00,2025-01-20 16:38:16,16818.0,15.949631190727082,63.266666666666666,"(115.01865140874098, 35.74409481581915)","(115.14311558112037, 35.767673330706465)",河南省,濮阳市,264,8,15889,large,-0.0760000000000001,35,17.025024681559536
410900010160,7路(高铁公交客运中心--火车站),7,高铁公交客运中心,火车站,2025-01-20 15:41:00,2025-01-20 16:46:09,16800.0,15.471987720644666,65.15,"(115.14304645406683, 35.76764522575136)","(115.01855968601367, 35.744613863509436)",河南省,濮阳市,265,8,2903,large,0.15200000000000008,34,17.055345755947812
410900010161,7路(火车站--高铁公交客运中心),7,火车站,高铁公交客运中心,2025-01-20 15:45:00,2025-01-20 16:48:16,16818.0,15.949631190727082,63.266666666666666,"(115.01865140874098, 35.74409481581915)","(115.14311558112037, 35.767673330706465)",河南省,濮阳市,274,7,15889,large,-0.0760000000000001,35,17.025024681559536
410900010160,7路(高铁公交客运中心--火车站),7,高铁公交客运中心,火车站,2025-01-20 15:49:00,2025-01-20 16:54:09,16800.0,15.471987720644666,65.15,"(115.14304645406683, 35.76764522575136)","(115.01855968601367, 35.744613863509436)",河南省,濮阳市,267,8,2903,large,0.15200000000000008,34,17.055345755947812
410900010161,7路(火车站--高铁公交客运中心),7,火车站,高铁公交客运中心,2025-01-20 15:54:00,2025-01-20 16:57:16,16818.0,15.949631190727082,63.266666666666666,"(115.01865140874098, 35.74409481581915)","(115.14311558112037, 35.767673330706465)",河南省,濮阳市,269,8,15889,large,-0.0760000000000001,35,17.025024681559536
410900010160,7路(高铁公交客运中心--火车站),7,高铁公交客运中心,火车站,2025-01-20 15:58:00,2025-01-20 17:03:09,16800.0,15.471987720644666,65.15,"(115.14304645406683, 35.76764522575136)","(115.01855968601367, 35.744613863509436)",河南省,濮阳市,280,1,2903,large,0.15200000000000008,34,17.055345755947812
410900010161,7路(火车站--高铁公交客运中心),7,火车站,高铁公交客运中心,2025-01-20 16:03:00,2025-01-20 17:06:16,16818.0,15.949631190727082,63.266666666666666,"(115.01865140874098, 35.74409481581915)","(115.14311558112037, 35.767673330706465)",河南省,濮阳市,271,8,15889,large,-0.0760000000000001,35,17.025024681559536
410900010160,7路(高铁公交客运中心--火车站),7,高铁公交客运中心,火车站,2025-01-20 16:08:00,2025-01-20 17:13:09,16800.0,15.471987720644666,65.15,"(115.14304645406683, 35.76764522575136)","(115.01855968601367, 35.744613863509436)",河南省,濮阳市,268,8,2903,large,0.15200000000000008,34,17.055345755947812
410900010161,7路(火车站--高铁公交客运中心),7,火车站,高铁公交客运中心,2025-01-20 16:12:00,2025-01-20 17:15:16,16818.0,15.949631190727082,63.266666666666666,"(115.01865140874098, 35.74409481581915)","(115.14311558112037, 35.767673330706465)",河南省,濮阳市,278,4,15889,large,-0.0760000000000001,35,17.025024681559536
410900010160,7路(高铁公交客运中心--火车站),7,高铁公交客运中心,火车站,2025-01-20 16:17:00,2025-01-20 17:22:09,16800.0,15.471987720644666,65.15,"(115.14304645406683, 35.76764522575136)","(115.01855968601367, 35.744613863509436)",河南省,濮阳市,277,6,2903,large,0.15200000000000008,34,17.055345755947812
410900010161,7路(火车站--高铁公交客运中心),7,火车站,高铁公交客运中心,2025-01-20 16:21:00,2025-01-20 17:24:16,16818.0,15.949631190727082,63.266666666666666,"(115.01865140874098, 35.74409481581915)","(115.14311558112037, 35.767673330706465)",河南省,濮阳市,279,2,15889,large,-0.0760000000000001,35,17.025024681559536
410900010160,7路(高铁公交客运中心--火车站),7,高铁公交客运中心,火车站,2025-01-20 16:25:00,2025-01-20 17:30:09,16800.0,15.471987720644666,65.15,"(115.14304645406683, 35.76764522575136)","(115.01855968601367, 35.744613863509436)",河南省,濮阳市,272,8,2903,large,0.15200000000000008,34,17.055345755947812
410900010161,7路(火车站--高铁公交客运中心),7,火车站,高铁公交客运中心,2025-01-20 16:30:00,2025-01-20 17:33:16,16818.0,15.949631190727082,63.266666666666666,"(115.01865140874098, 35.74409481581915)","(115.14311558112037, 35.767673330706465)",河南省,濮阳市,273,8,15889,large,-0.0760000000000001,35,17.025024681559536
410900010160,7路(高铁公交客运中心--火车站),7,高铁公交客运中心,火车站,2025-01-20 16:34:00,2025-01-20 17:39:09,16800.0,15.471987720644666,65.15,"(115.14304645406683, 35.76764522575136)","(115.01855968601367, 35.744613863509436)",河南省,濮阳市,276,7,2903,large,0.15200000000000008,34,17.055345755947812
410900010161,7路(火车站--高铁公交客运中心),7,火车站,高铁公交客运中心,2025-01-20 16:40:00,2025-01-20 17:43:16,16818.0,15.949631190727082,63.266666666666666,"(115.01865140874098, 35.74409481581915)","(115.14311558112037, 35.767673330706465)",河南省,濮阳市,261,9,15889,large,-0.0760000000000001,35,17.025024681559536
410900010160,7路(高铁公交客运中心--火车站),7,高铁公交客运中心,火车站,2025-01-20 16:43:00,2025-01-20 17:48:09,16800.0,15.471987720644666,65.15,"(115.14304645406683, 35.76764522575136)","(115.01855968601367, 35.744613863509436)",河南省,濮阳市,281,1,2903,large,0.15200000000000008,34,17.055345755947812
410900010161,7路(火车站--高铁公交客运中心),7,火车站,高铁公交客运中心,2025-01-20 16:50:00,2025-01-20 17:53:16,16818.0,15.949631190727082,63.266666666666666,"(115.01865140874098, 35.74409481581915)","(115.14311558112037, 35.767673330706465)",河南省,濮阳市,275,7,15889,large,-0.0760000000000001,35,17.025024681559536
410900010160,7路(高铁公交客运中心--火车站),7,高铁公交客运中心,火车站,2025-01-20 16:53:00,2025-01-20 17:58:09,16800.0,15.471987720644666,65.15,"(115.14304645406683, 35.76764522575136)","(115.01855968601367, 35.744613863509436)",河南省,濮阳市,264,9,2903,large,0.15200000000000008,34,17.055345755947812
410900010161,7路(火车站--高铁公交客运中心),7,火车站,高铁公交客运中心,2025-01-20 17:00:00,2025-01-20 18:03:16,16818.0,15.949631190727082,63.266666666666666,"(115.01865140874098, 35.74409481581915)","(115.14311558112037, 35.767673330706465)",河南省,濮阳市,267,9,15889,large,-0.0760000000000001,35,17.025024681559536
410900010160,7路(高铁公交客运中心--火车站),7,高铁公交客运中心,火车站,2025-01-20 17:02:00,2025-01-20 18:11:41,16800.0,14.465438890217651,69.68333333333334,"(115.14304645406683, 35.76764522575136)","(115.01855968601367, 35.744613863509436)",河南省,濮阳市,274,8,2903,large,0.15200000000000008,34,16.936975613489597
410900010160,7路(高铁公交客运中心--火车站),7,高铁公交客运中心,火车站,2025-01-20 17:10:00,2025-01-20 18:19:41,16800.0,14.465438890217651,69.68333333333334,"(115.14304645406683, 35.76764522575136)","(115.01855968601367, 35.744613863509436)",河南省,濮阳市,269,9,2903,large,0.15200000000000008,34,16.936975613489597
410900010161,7路(火车站--高铁公交客运中心),7,火车站,高铁公交客运中心,2025-01-20 17:10:00,2025-01-20 18:13:16,16818.0,15.949631190727082,63.266666666666666,"(115.01865140874098, 35.74409481581915)","(115.14311558112037, 35.767673330706465)",河南省,濮阳市,280,2,15889,large,-0.0760000000000001,35,17.025024681559536
410900010160,7路(高铁公交客运中心--火车站),7,高铁公交客运中心,火车站,2025-01-20 17:12:00,2025-01-20 18:21:41,16800.0,14.465438890217651,69.68333333333334,"(115.14304645406683, 35.76764522575136)","(115.01855968601367, 35.744613863509436)",河南省,濮阳市,271,9,2903,large,0.15200000000000008,34,16.936975613489597
410900010161,7路(火车站--高铁公交客运中心),7,火车站,高铁公交客运中心,2025-01-20 17:20:00,2025-01-20 18:23:16,16818.0,15.949631190727082,63.266666666666666,"(115.01865140874098, 35.74409481581915)","(115.14311558112037, 35.767673330706465)",河南省,濮阳市,268,9,15889,large,-0.0760000000000001,35,17.025024681559536
410900010160,7路(高铁公交客运中心--火车站),7,高铁公交客运中心,火车站,2025-01-20 17:23:00,2025-01-20 18:32:41,16800.0,14.465438890217651,69.68333333333334,"(115.14304645406683, 35.76764522575136)","(115.01855968601367, 35.744613863509436)",河南省,濮阳市,278,5,2903,large,0.15200000000000008,34,16.936975613489597
410900010161,7路(火车站--高铁公交客运中心),7,火车站,高铁公交客运中心,2025-01-20 17:31:00,2025-01-20 18:34:16,16818.0,15.949631190727082,63.266666666666666,"(115.01865140874098, 35.74409481581915)","(115.14311558112037, 35.767673330706465)",河南省,濮阳市,277,7,15889,large,-0.0760000000000001,35,17.025024681559536
410900010160,7路(高铁公交客运中心--火车站),7,高铁公交客运中心,火车站,2025-01-20 17:32:00,2025-01-20 18:41:41,16800.0,14.465438890217651,69.68333333333334,"(115.14304645406683, 35.76764522575136)","(115.01855968601367, 35.744613863509436)",河南省,濮阳市,279,3,2903,large,0.15200000000000008,34,16.936975613489597
410900010161,7路(火车站--高铁公交客运中心),7,火车站,高铁公交客运中心,2025-01-20 17:40:00,2025-01-20 18:43:16,16818.0,15.949631190727082,63.266666666666666,"(115.01865140874098, 35.74409481581915)","(115.14311558112037, 35.767673330706465)",河南省,濮阳市,272,9,15889,large,-0.0760000000000001,35,17.025024681559536
410900010160,7路(高铁公交客运中心--火车站),7,高铁公交客运中心,火车站,2025-01-20 17:41:00,2025-01-20 18:50:41,16800.0,14.465438890217651,69.68333333333334,"(115.14304645406683, 35.76764522575136)","(115.01855968601367, 35.744613863509436)",河南省,濮阳市,273,9,2903,large,0.15200000000000008,34,16.936975613489597
410900010160,7路(高铁公交客运中心--火车站),7,高铁公交客运中心,火车站,2025-01-20 17:49:00,2025-01-20 18:58:41,16800.0,14.465438890217651,69.68333333333334,"(115.14304645406683, 35.76764522575136)","(115.01855968601367, 35.744613863509436)",河南省,濮阳市,261,10,2903,large,0.15200000000000008,34,16.936975613489597
410900010161,7路(火车站--高铁公交客运中心),7,火车站,高铁公交客运中心,2025-01-20 17:51:00,2025-01-20 18:54:16,16818.0,15.949631190727082,63.266666666666666,"(115.01865140874098, 35.74409481581915)","(115.14311558112037, 35.767673330706465)",河南省,濮阳市,276,8,15889,large,-0.0760000000000001,35,17.025024681559536
410900010160,7路(高铁公交客运中心--火车站),7,高铁公交客运中心,火车站,2025-01-20 18:00:00,2025-01-20 19:09:41,16800.0,14.465438890217651,69.68333333333334,"(115.14304645406683, 35.76764522575136)","(115.01855968601367, 35.744613863509436)",河南省,濮阳市,275,8,2903,large,0.15200000000000008,34,16.936975613489597
410900010161,7路(火车站--高铁公交客运中心),7,火车站,高铁公交客运中心,2025-01-20 18:01:00,2025-01-20 19:04:16,16818.0,15.949631190727082,63.266666666666666,"(115.01865140874098, 35.74409481581915)","(115.14311558112037, 35.767673330706465)",河南省,濮阳市,281,2,15889,large,-0.0760000000000001,35,17.025024681559536
410900010160,7路(高铁公交客运中心--火车站),7,高铁公交客运中心,火车站,2025-01-20 18:11:00,2025-01-20 19:20:41,16800.0,14.465438890217651,69.68333333333334,"(115.14304645406683, 35.76764522575136)","(115.01855968601367, 35.744613863509436)",河南省,濮阳市,267,10,2903,large,0.15200000000000008,34,16.936975613489597
410900010161,7路(火车站--高铁公交客运中心),7,火车站,高铁公交客运中心,2025-01-20 18:11:00,2025-01-20 19:14:16,16818.0,15.949631190727082,63.266666666666666,"(115.01865140874098, 35.74409481581915)","(115.14311558112037, 35.767673330706465)",河南省,濮阳市,264,10,15889,large,-0.0760000000000001,35,17.025024681559536
410900010160,7路(高铁公交客运中心--火车站),7,高铁公交客运中心,火车站,2025-01-20 18:20:00,2025-01-20 19:29:41,16800.0,14.465438890217651,69.68333333333334,"(115.14304645406683, 35.76764522575136)","(115.01855968601367, 35.744613863509436)",河南省,濮阳市,280,3,2903,large,0.15200000000000008,34,16.936975613489597
410900010161,7路(火车站--高铁公交客运中心),7,火车站,高铁公交客运中心,2025-01-20 18:21:00,2025-01-20 19:24:16,16818.0,15.949631190727082,63.266666666666666,"(115.01865140874098, 35.74409481581915)","(115.14311558112037, 35.767673330706465)",河南省,濮阳市,274,9,15889,large,-0.0760000000000001,35,17.025024681559536
410900010161,7路(火车站--高铁公交客运中心),7,火车站,高铁公交客运中心,2025-01-20 18:31:00,2025-01-20 19:34:16,16818.0,15.949631190727082,63.266666666666666,"(115.01865140874098, 35.74409481581915)","(115.14311558112037, 35.767673330706465)",河南省,濮阳市,271,10,15889,large,-0.0760000000000001,35,17.025024681559536
410900010160,7路(高铁公交客运中心--火车站),7,高铁公交客运中心,火车站,2025-01-20 18:31:00,2025-01-20 19:40:41,16800.0,14.465438890217651,69.68333333333334,"(115.14304645406683, 35.76764522575136)","(115.01855968601367, 35.744613863509436)",河南省,濮阳市,268,10,2903,large,0.15200000000000008,34,16.936975613489597
410900010161,7路(火车站--高铁公交客运中心),7,火车站,高铁公交客运中心,2025-01-20 18:40:00,2025-01-20 19:43:16,16818.0,15.949631190727082,63.266666666666666,"(115.01865140874098, 35.74409481581915)","(115.14311558112037, 35.767673330706465)",河南省,濮阳市,278,6,15889,large,-0.0760000000000001,35,17.025024681559536
410900010160,7路(高铁公交客运中心--火车站),7,高铁公交客运中心,火车站,2025-01-20 18:41:00,2025-01-20 19:50:41,16800.0,14.465438890217651,69.68333333333334,"(115.14304645406683, 35.76764522575136)","(115.01855968601367, 35.744613863509436)",河南省,濮阳市,277,8,2903,large,0.15200000000000008,34,16.936975613489597
410900010161,7路(火车站--高铁公交客运中心),7,火车站,高铁公交客运中心,2025-01-20 18:48:00,2025-01-20 19:51:16,16818.0,15.949631190727082,63.266666666666666,"(115.01865140874098, 35.74409481581915)","(115.14311558112037, 35.767673330706465)",河南省,濮阳市,279,4,15889,large,-0.0760000000000001,35,17.025024681559536
410900010161,7路(火车站--高铁公交客运中心),7,火车站,高铁公交客运中心,2025-01-20 18:50:00,2025-01-20 19:53:16,16818.0,15.949631190727082,63.266666666666666,"(115.01865140874098, 35.74409481581915)","(115.14311558112037, 35.767673330706465)",河南省,濮阳市,282,1,15889,large,-0.0760000000000001,35,17.025024681559536
410900010160,7路(高铁公交客运中心--火车站),7,高铁公交客运中心,火车站,2025-01-20 18:51:00,2025-01-20 20:00:41,16800.0,14.465438890217651,69.68333333333334,"(115.14304645406683, 35.76764522575136)","(115.01855968601367, 35.744613863509436)",河南省,濮阳市,272,10,2903,large,0.15200000000000008,34,16.936975613489597
410900010160,7路(高铁公交客运中心--火车站),7,高铁公交客运中心,火车站,2025-01-20 18:59:00,2025-01-20 20:08:41,16800.0,14.465438890217651,69.68333333333334,"(115.14304645406683, 35.76764522575136)","(115.01855968601367, 35.744613863509436)",河南省,濮阳市,283,1,2903,large,0.15200000000000008,34,16.936975613489597
410900010161,7路(火车站--高铁公交客运中心),7,火车站,高铁公交客运中心,2025-01-20 19:00:00,2025-01-20 20:03:16,16818.0,15.949631190727082,63.266666666666666,"(115.01865140874098, 35.74409481581915)","(115.14311558112037, 35.767673330706465)",河南省,濮阳市,273,10,15889,large,-0.0760000000000001,35,17.025024681559536
410900010161,7路(火车站--高铁公交客运中心),7,火车站,高铁公交客运中心,2025-01-20 19:20:00,2025-01-20 20:23:16,16818.0,15.949631190727082,63.266666666666666,"(115.01865140874098, 35.74409481581915)","(115.14311558112037, 35.767673330706465)",河南省,濮阳市,275,9,15889,large,-0.0760000000000001,35,17.025024681559536
410900010160,7路(高铁公交客运中心--火车站),7,高铁公交客运中心,火车站,2025-01-20 19:44:00,2025-01-20 20:49:09,16800.0,15.471987720644666,65.15,"(115.14304645406683, 35.76764522575136)","(115.01855968601367, 35.744613863509436)",河南省,濮阳市,281,3,2903,large,0.15200000000000008,34,17.055345755947812
900000164097,80路(班家小镇--濮范高速管理处),80,班家小镇,濮范高速管理处,2025-01-20 07:00:00,2025-01-20 08:13:34,25469.0,20.772179429089263,73.5628,"(114.96112252170526, 35.80273337264279)","(115.11472855651611, 35.810766110940534)",河南省,濮阳市,284,1,1525,large,-0.15199999999999997,43,25.324923665156316
900000164097,80路(班家小镇--濮范高速管理处),80,班家小镇,濮范高速管理处,2025-01-20 07:31:00,2025-01-20 08:44:34,25469.0,20.772179429089263,73.5628,"(114.96112252170526, 35.80273337264279)","(115.11472855651611, 35.810766110940534)",河南省,濮阳市,285,1,1525,large,-0.15199999999999997,43,25.324923665156316
900000164097,80路(班家小镇--濮范高速管理处),80,班家小镇,濮范高速管理处,2025-01-20 08:02:00,2025-01-20 09:15:34,25469.0,20.772179429089263,73.5628,"(114.96112252170526, 35.80273337264279)","(115.11472855651611, 35.810766110940534)",河南省,濮阳市,286,1,1525,large,-0.15199999999999997,43,25.324923665156316
900000164096,80路(濮范高速管理处--班家小镇),80,濮范高速管理处,班家小镇,2025-01-20 08:08:00,2025-01-20 09:27:08,26137.0,19.81743892165122,79.13333333333334,"(115.11455642327945, 35.81053203580468)","(114.96452087601347, 35.8028423427292)",河南省,濮阳市,287,1,1295,large,0.07600000000000003,39,25.390094407666385
900000164097,80路(班家小镇--濮范高速管理处),80,班家小镇,濮范高速管理处,2025-01-20 08:33:00,2025-01-20 09:46:34,25469.0,20.772179429089263,73.5628,"(114.96112252170526, 35.80273337264279)","(115.11472855651611, 35.810766110940534)",河南省,濮阳市,288,1,1525,large,-0.15199999999999997,43,25.324923665156316
900000164096,80路(濮范高速管理处--班家小镇),80,濮范高速管理处,班家小镇,2025-01-20 08:44:00,2025-01-20 10:03:08,26137.0,19.81743892165122,79.13333333333334,"(115.11455642327945, 35.81053203580468)","(114.96452087601347, 35.8028423427292)",河南省,濮阳市,284,2,1295,large,0.07600000000000003,39,25.390094407666385
900000164097,80路(班家小镇--濮范高速管理处),80,班家小镇,濮范高速管理处,2025-01-20 09:05:00,2025-01-20 10:18:34,25469.0,20.772179429089263,73.5628,"(114.96112252170526, 35.80273337264279)","(115.11472855651611, 35.810766110940534)",河南省,濮阳市,289,1,1525,large,-0.15199999999999997,43,25.324923665156316
900000164096,80路(濮范高速管理处--班家小镇),80,濮范高速管理处,班家小镇,2025-01-20 09:10:00,2025-01-20 10:29:08,26137.0,19.81743892165122,79.13333333333334,"(115.11455642327945, 35.81053203580468)","(114.96452087601347, 35.8028423427292)",河南省,濮阳市,285,2,1295,large,0.07600000000000003,39,25.390094407666385
900000164097,80路(班家小镇--濮范高速管理处),80,班家小镇,濮范高速管理处,2025-01-20 09:37:00,2025-01-20 10:50:34,25469.0,20.772179429089263,73.5628,"(114.96112252170526, 35.80273337264279)","(115.11472855651611, 35.810766110940534)",河南省,濮阳市,287,2,1525,large,-0.15199999999999997,43,25.324923665156316
900000164096,80路(濮范高速管理处--班家小镇),80,濮范高速管理处,班家小镇,2025-01-20 09:40:00,2025-01-20 10:59:08,26137.0,19.81743892165122,79.13333333333334,"(115.11455642327945, 35.81053203580468)","(114.96452087601347, 35.8028423427292)",河南省,濮阳市,286,2,1295,large,0.07600000000000003,39,25.390094407666385
900000164097,80路(班家小镇--濮范高速管理处),80,班家小镇,濮范高速管理处,2025-01-20 09:49:00,2025-01-20 11:02:34,25469.0,20.772179429089263,73.5628,"(114.96112252170526, 35.80273337264279)","(115.11472855651611, 35.810766110940534)",河南省,濮阳市,290,1,1525,large,-0.15199999999999997,43,25.324923665156316
900000164097,80路(班家小镇--濮范高速管理处),80,班家小镇,濮范高速管理处,2025-01-20 10:09:00,2025-01-20 11:22:34,25469.0,20.772179429089263,73.5628,"(114.96112252170526, 35.80273337264279)","(115.11472855651611, 35.810766110940534)",河南省,濮阳市,291,1,1525,large,-0.15199999999999997,43,25.324923665156316
900000164096,80路(濮范高速管理处--班家小镇),80,濮范高速管理处,班家小镇,2025-01-20 10:11:00,2025-01-20 11:30:08,26137.0,19.81743892165122,79.13333333333334,"(115.11455642327945, 35.81053203580468)","(114.96452087601347, 35.8028423427292)",河南省,濮阳市,288,2,1295,large,0.07600000000000003,39,25.390094407666385
900000164097,80路(班家小镇--濮范高速管理处),80,班家小镇,濮范高速管理处,2025-01-20 10:42:00,2025-01-20 11:55:34,25469.0,20.772179429089263,73.5628,"(114.96112252170526, 35.80273337264279)","(115.11472855651611, 35.810766110940534)",河南省,濮阳市,285,3,1525,large,-0.15199999999999997,43,25.324923665156316
900000164096,80路(濮范高速管理处--班家小镇),80,濮范高速管理处,班家小镇,2025-01-20 10:42:00,2025-01-20 12:01:08,26137.0,19.81743892165122,79.13333333333334,"(115.11455642327945, 35.81053203580468)","(114.96452087601347, 35.8028423427292)",河南省,濮阳市,289,2,1295,large,0.07600000000000003,39,25.390094407666385
900000164096,80路(濮范高速管理处--班家小镇),80,濮范高速管理处,班家小镇,2025-01-20 10:54:00,2025-01-20 12:13:08,26137.0,19.81743892165122,79.13333333333334,"(115.11455642327945, 35.81053203580468)","(114.96452087601347, 35.8028423427292)",河南省,濮阳市,292,1,1295,large,0.07600000000000003,39,25.390094407666385
900000164096,80路(濮范高速管理处--班家小镇),80,濮范高速管理处,班家小镇,2025-01-20 11:13:00,2025-01-20 12:32:08,26137.0,19.81743892165122,79.13333333333334,"(115.11455642327945, 35.81053203580468)","(114.96452087601347, 35.8028423427292)",河南省,濮阳市,290,2,1295,large,0.07600000000000003,39,25.390094407666385
900000164097,80路(班家小镇--濮范高速管理处),80,班家小镇,濮范高速管理处,2025-01-20 11:15:00,2025-01-20 12:28:34,25469.0,20.772179429089263,73.5628,"(114.96112252170526, 35.80273337264279)","(115.11472855651611, 35.810766110940534)",河南省,濮阳市,286,3,1525,large,-0.15199999999999997,43,25.324923665156316
900000164096,80路(濮范高速管理处--班家小镇),80,濮范高速管理处,班家小镇,2025-01-20 11:44:00,2025-01-20 13:03:08,26137.0,19.81743892165122,79.13333333333334,"(115.11455642327945, 35.81053203580468)","(114.96452087601347, 35.8028423427292)",河南省,濮阳市,291,2,1295,large,0.07600000000000003,39,25.390094407666385
900000164097,80路(班家小镇--濮范高速管理处),80,班家小镇,濮范高速管理处,2025-01-20 11:49:00,2025-01-20 13:02:34,25469.0,20.772179429089263,73.5628,"(114.96112252170526, 35.80273337264279)","(115.11472855651611, 35.810766110940534)",河南省,濮阳市,288,3,1525,large,-0.15199999999999997,43,25.324923665156316
900000164096,80路(濮范高速管理处--班家小镇),80,濮范高速管理处,班家小镇,2025-01-20 12:16:00,2025-01-20 13:35:08,26137.0,19.81743892165122,79.13333333333334,"(115.11455642327945, 35.81053203580468)","(114.96452087601347, 35.8028423427292)",河南省,濮阳市,285,4,1295,large,0.07600000000000003,39,25.390094407666385
900000164097,80路(班家小镇--濮范高速管理处),80,班家小镇,濮范高速管理处,2025-01-20 12:24:00,2025-01-20 13:37:34,25469.0,20.772179429089263,73.5628,"(114.96112252170526, 35.80273337264279)","(115.11472855651611, 35.810766110940534)",河南省,濮阳市,292,2,1525,large,-0.15199999999999997,43,25.324923665156316
900000164096,80路(濮范高速管理处--班家小镇),80,濮范高速管理处,班家小镇,2025-01-20 12:48:00,2025-01-20 14:07:08,26137.0,19.81743892165122,79.13333333333334,"(115.11455642327945, 35.81053203580468)","(114.96452087601347, 35.8028423427292)",河南省,濮阳市,286,4,1295,large,0.07600000000000003,39,25.390094407666385
900000164097,80路(班家小镇--濮范高速管理处),80,班家小镇,濮范高速管理处,2025-01-20 13:00:00,2025-01-20 14:13:34,25469.0,20.772179429089263,73.5628,"(114.96112252170526, 35.80273337264279)","(115.11472855651611, 35.810766110940534)",河南省,濮阳市,290,3,1525,large,-0.15199999999999997,43,25.324923665156316
900000164096,80路(濮范高速管理处--班家小镇),80,濮范高速管理处,班家小镇,2025-01-20 13:26:00,2025-01-20 14:45:08,26137.0,19.81743892165122,79.13333333333334,"(115.11455642327945, 35.81053203580468)","(114.96452087601347, 35.8028423427292)",河南省,濮阳市,288,4,1295,large,0.07600000000000003,39,25.390094407666385
900000164097,80路(班家小镇--濮范高速管理处),80,班家小镇,濮范高速管理处,2025-01-20 13:36:00,2025-01-20 14:49:34,25469.0,20.772179429089263,73.5628,"(114.96112252170526, 35.80273337264279)","(115.11472855651611, 35.810766110940534)",河南省,濮阳市,291,3,1525,large,-0.15199999999999997,43,25.324923665156316
900000164096,80路(濮范高速管理处--班家小镇),80,濮范高速管理处,班家小镇,2025-01-20 14:01:00,2025-01-20 15:20:08,26137.0,19.81743892165122,79.13333333333334,"(115.11455642327945, 35.81053203580468)","(114.96452087601347, 35.8028423427292)",河南省,濮阳市,292,3,1295,large,0.07600000000000003,39,25.390094407666385
900000164096,80路(濮范高速管理处--班家小镇),80,濮范高速管理处,班家小镇,2025-01-20 14:38:00,2025-01-20 15:57:08,26137.0,19.81743892165122,79.13333333333334,"(115.11455642327945, 35.81053203580468)","(114.96452087601347, 35.8028423427292)",河南省,濮阳市,290,4,1295,large,0.07600000000000003,39,25.390094407666385
900000164097,80路(班家小镇--濮范高速管理处),80,班家小镇,濮范高速管理处,2025-01-20 14:53:00,2025-01-20 16:06:34,25469.0,20.772179429089263,73.5628,"(114.96112252170526, 35.80273337264279)","(115.11472855651611, 35.810766110940534)",河南省,濮阳市,288,5,1525,large,-0.15199999999999997,43,25.324923665156316
900000164097,80路(班家小镇--濮范高速管理处),80,班家小镇,濮范高速管理处,2025-01-20 15:07:00,2025-01-20 16:20:34,25469.0,20.772179429089263,73.5628,"(114.96112252170526, 35.80273337264279)","(115.11472855651611, 35.810766110940534)",河南省,濮阳市,293,1,1525,large,-0.15199999999999997,43,25.324923665156316
900000164097,80路(班家小镇--濮范高速管理处),80,班家小镇,濮范高速管理处,2025-01-20 15:28:00,2025-01-20 16:41:34,25469.0,20.772179429089263,73.5628,"(114.96112252170526, 35.80273337264279)","(115.11472855651611, 35.810766110940534)",河南省,濮阳市,292,4,1525,large,-0.15199999999999997,43,25.324923665156316
900000164097,80路(班家小镇--濮范高速管理处),80,班家小镇,濮范高速管理处,2025-01-20 15:42:00,2025-01-20 16:55:34,25469.0,20.772179429089263,73.5628,"(114.96112252170526, 35.80273337264279)","(115.11472855651611, 35.810766110940534)",河南省,濮阳市,294,1,1525,large,-0.15199999999999997,43,25.324923665156316
900000164096,80路(濮范高速管理处--班家小镇),80,濮范高速管理处,班家小镇,2025-01-20 15:54:00,2025-01-20 17:13:08,26137.0,19.81743892165122,79.13333333333334,"(115.11455642327945, 35.81053203580468)","(114.96452087601347, 35.8028423427292)",河南省,濮阳市,291,4,1295,large,0.07600000000000003,39,25.390094407666385
900000164097,80路(班家小镇--濮范高速管理处),80,班家小镇,濮范高速管理处,2025-01-20 15:56:00,2025-01-20 17:09:34,25469.0,20.772179429089263,73.5628,"(114.96112252170526, 35.80273337264279)","(115.11472855651611, 35.810766110940534)",河南省,濮阳市,295,1,1525,large,-0.15199999999999997,43,25.324923665156316
900000164096,80路(濮范高速管理处--班家小镇),80,濮范高速管理处,班家小镇,2025-01-20 16:06:00,2025-01-20 17:25:08,26137.0,19.81743892165122,79.13333333333334,"(115.11455642327945, 35.81053203580468)","(114.96452087601347, 35.8028423427292)",河南省,濮阳市,296,1,1295,large,0.07600000000000003,39,25.390094407666385
900000164097,80路(班家小镇--濮范高速管理处),80,班家小镇,濮范高速管理处,2025-01-20 16:24:00,2025-01-20 17:37:34,25469.0,20.772179429089263,73.5628,"(114.96112252170526, 35.80273337264279)","(115.11472855651611, 35.810766110940534)",河南省,濮阳市,290,5,1525,large,-0.15199999999999997,43,25.324923665156316
900000164096,80路(濮范高速管理处--班家小镇),80,濮范高速管理处,班家小镇,2025-01-20 16:30:00,2025-01-20 17:49:08,26137.0,19.81743892165122,79.13333333333334,"(115.11455642327945, 35.81053203580468)","(114.96452087601347, 35.8028423427292)",河南省,濮阳市,293,2,1295,large,0.07600000000000003,39,25.390094407666385
900000164096,80路(濮范高速管理处--班家小镇),80,濮范高速管理处,班家小镇,2025-01-20 16:45:00,2025-01-20 18:04:08,26137.0,19.81743892165122,79.13333333333334,"(115.11455642327945, 35.81053203580468)","(114.96452087601347, 35.8028423427292)",河南省,濮阳市,297,1,1295,large,0.07600000000000003,39,25.390094407666385
900000164097,80路(班家小镇--濮范高速管理处),80,班家小镇,濮范高速管理处,2025-01-20 16:56:00,2025-01-20 18:09:34,25469.0,20.772179429089263,73.5628,"(114.96112252170526, 35.80273337264279)","(115.11472855651611, 35.810766110940534)",河南省,濮阳市,298,1,1525,large,-0.15199999999999997,43,25.324923665156316
900000164096,80路(濮范高速管理处--班家小镇),80,濮范高速管理处,班家小镇,2025-01-20 17:00:00,2025-01-20 18:19:08,26137.0,19.81743892165122,79.13333333333334,"(115.11455642327945, 35.81053203580468)","(114.96452087601347, 35.8028423427292)",河南省,濮阳市,292,5,1295,large,0.07600000000000003,39,25.390094407666385
900000164097,80路(班家小镇--濮范高速管理处),80,班家小镇,濮范高速管理处,2025-01-20 17:20:00,2025-01-20 18:33:34,25469.0,20.772179429089263,73.5628,"(114.96112252170526, 35.80273337264279)","(115.11472855651611, 35.810766110940534)",河南省,濮阳市,291,5,1525,large,-0.15199999999999997,43,25.324923665156316
900000164096,80路(濮范高速管理处--班家小镇),80,濮范高速管理处,班家小镇,2025-01-20 17:30:00,2025-01-20 18:49:08,26137.0,19.81743892165122,79.13333333333334,"(115.11455642327945, 35.81053203580468)","(114.96452087601347, 35.8028423427292)",河南省,濮阳市,295,2,1295,large,0.07600000000000003,39,25.390094407666385
900000164096,80路(濮范高速管理处--班家小镇),80,濮范高速管理处,班家小镇,2025-01-20 17:59:00,2025-01-20 19:18:08,26137.0,19.81743892165122,79.13333333333334,"(115.11455642327945, 35.81053203580468)","(114.96452087601347, 35.8028423427292)",河南省,濮阳市,290,6,1295,large,0.07600000000000003,39,25.390094407666385
900000164096,80路(濮范高速管理处--班家小镇),80,濮范高速管理处,班家小镇,2025-01-20 18:30:00,2025-01-20 19:49:08,26137.0,19.81743892165122,79.13333333333334,"(115.11455642327945, 35.81053203580468)","(114.96452087601347, 35.8028423427292)",河南省,濮阳市,298,2,1295,large,0.07600000000000003,39,25.390094407666385
900000201994,91路(高铁公交客运中心--班家小镇),91,高铁公交客运中心,班家小镇,2025-01-20 06:30:00,2025-01-20 07:37:25,20925.0,18.6229913473424,67.41666666666667,"(115.14304445029791, 35.76764522240244)","(114.96098299069617, 35.80274173264781)",河南省,濮阳市,299,1,11748,large,0.152,35,20.72669265760198
900000201993,91路(班家小镇--高铁公交客运中心),91,班家小镇,高铁公交客运中心,2025-01-20 06:30:00,2025-01-20 07:41:53,20530.0,17.13610016230002,71.88333333333334,"(114.96098299069617, 35.80274173264781)","(115.14304445029791, 35.76764522240244)",河南省,濮阳市,300,1,15889,large,-0.15200000000000005,37,20.161192954324132
900000201994,91路(高铁公交客运中心--班家小镇),91,高铁公交客运中心,班家小镇,2025-01-20 06:45:00,2025-01-20 07:52:25,20925.0,18.6229913473424,67.41666666666667,"(115.14304445029791, 35.76764522240244)","(114.96098299069617, 35.80274173264781)",河南省,濮阳市,301,1,11748,large,0.152,35,20.72669265760198
900000201993,91路(班家小镇--高铁公交客运中心),91,班家小镇,高铁公交客运中心,2025-01-20 06:45:00,2025-01-20 07:56:53,20530.0,17.13610016230002,71.88333333333334,"(114.96098299069617, 35.80274173264781)","(115.14304445029791, 35.76764522240244)",河南省,濮阳市,302,1,15889,large,-0.15200000000000005,37,20.161192954324132
900000201994,91路(高铁公交客运中心--班家小镇),91,高铁公交客运中心,班家小镇,2025-01-20 07:01:00,2025-01-20 08:14:07,20925.0,17.171187599726466,73.11666666666666,"(115.14304445029791, 35.76764522240244)","(114.96098299069617, 35.80274173264781)",河南省,濮阳市,303,1,11748,large,0.152,35,20.514039703669937
900000201993,91路(班家小镇--高铁公交客运中心),91,班家小镇,高铁公交客运中心,2025-01-20 07:02:00,2025-01-20 08:14:31,20530.0,16.986439898873822,72.51666666666667,"(114.96098299069617, 35.80274173264781)","(115.14304445029791, 35.76764522240244)",河南省,濮阳市,304,1,15889,large,-0.15200000000000005,37,20.139685277867155
900000201994,91路(高铁公交客运中心--班家小镇),91,高铁公交客运中心,班家小镇,2025-01-20 07:17:00,2025-01-20 08:30:07,20925.0,17.171187599726466,73.11666666666666,"(115.14304445029791, 35.76764522240244)","(114.96098299069617, 35.80274173264781)",河南省,濮阳市,305,1,11748,large,0.152,35,20.514039703669937
900000201993,91路(班家小镇--高铁公交客运中心),91,班家小镇,高铁公交客运中心,2025-01-20 07:17:00,2025-01-20 08:29:31,20530.0,16.986439898873822,72.51666666666667,"(114.96098299069617, 35.80274173264781)","(115.14304445029791, 35.76764522240244)",河南省,濮阳市,306,1,15889,large,-0.15200000000000005,37,20.139685277867155
900000201994,91路(高铁公交客运中心--班家小镇),91,高铁公交客运中心,班家小镇,2025-01-20 07:33:00,2025-01-20 08:46:07,20925.0,17.171187599726466,73.11666666666666,"(115.14304445029791, 35.76764522240244)","(114.96098299069617, 35.80274173264781)",河南省,濮阳市,307,1,11748,large,0.152,35,20.514039703669937
900000201993,91路(班家小镇--高铁公交客运中心),91,班家小镇,高铁公交客运中心,2025-01-20 07:36:00,2025-01-20 08:48:31,20530.0,16.986439898873822,72.51666666666667,"(114.96098299069617, 35.80274173264781)","(115.14304445029791, 35.76764522240244)",河南省,濮阳市,308,1,15889,large,-0.15200000000000005,37,20.139685277867155
900000201994,91路(高铁公交客运中心--班家小镇),91,高铁公交客运中心,班家小镇,2025-01-20 07:51:00,2025-01-20 09:04:07,20925.0,17.171187599726466,73.11666666666666,"(115.14304445029791, 35.76764522240244)","(114.96098299069617, 35.80274173264781)",河南省,濮阳市,300,2,11748,large,0.152,35,20.514039703669937
900000201993,91路(班家小镇--高铁公交客运中心),91,班家小镇,高铁公交客运中心,2025-01-20 07:52:00,2025-01-20 09:04:31,20530.0,16.986439898873822,72.51666666666667,"(114.96098299069617, 35.80274173264781)","(115.14304445029791, 35.76764522240244)",河南省,濮阳市,299,2,15889,large,-0.15200000000000005,37,20.139685277867155
900000201994,91路(高铁公交客运中心--班家小镇),91,高铁公交客运中心,班家小镇,2025-01-20 08:09:00,2025-01-20 09:22:07,20925.0,17.171187599726466,73.11666666666666,"(115.14304445029791, 35.76764522240244)","(114.96098299069617, 35.80274173264781)",河南省,濮阳市,302,2,11748,large,0.152,35,20.514039703669937
900000201993,91路(班家小镇--高铁公交客运中心),91,班家小镇,高铁公交客运中心,2025-01-20 08:09:00,2025-01-20 09:21:31,20530.0,16.986439898873822,72.51666666666667,"(114.96098299069617, 35.80274173264781)","(115.14304445029791, 35.76764522240244)",河南省,濮阳市,301,2,15889,large,-0.15200000000000005,37,20.139685277867155
900000201993,91路(班家小镇--高铁公交客运中心),91,班家小镇,高铁公交客运中心,2025-01-20 08:25:00,2025-01-20 09:37:31,20530.0,16.986439898873822,72.51666666666667,"(114.96098299069617, 35.80274173264781)","(115.14304445029791, 35.76764522240244)",河南省,濮阳市,303,2,15889,large,-0.15200000000000005,37,20.139685277867155
900000201994,91路(高铁公交客运中心--班家小镇),91,高铁公交客运中心,班家小镇,2025-01-20 08:29:00,2025-01-20 09:42:07,20925.0,17.171187599726466,73.11666666666666,"(115.14304445029791, 35.76764522240244)","(114.96098299069617, 35.80274173264781)",河南省,濮阳市,304,2,11748,large,0.152,35,20.514039703669937
900000201993,91路(班家小镇--高铁公交客运中心),91,班家小镇,高铁公交客运中心,2025-01-20 08:42:00,2025-01-20 09:54:31,20530.0,16.986439898873822,72.51666666666667,"(114.96098299069617, 35.80274173264781)","(115.14304445029791, 35.76764522240244)",河南省,濮阳市,305,2,15889,large,-0.15200000000000005,37,20.139685277867155
900000201994,91路(高铁公交客运中心--班家小镇),91,高铁公交客运中心,班家小镇,2025-01-20 08:50:00,2025-01-20 10:03:07,20925.0,17.171187599726466,73.11666666666666,"(115.14304445029791, 35.76764522240244)","(114.96098299069617, 35.80274173264781)",河南省,濮阳市,306,2,11748,large,0.152,35,20.514039703669937
900000201993,91路(班家小镇--高铁公交客运中心),91,班家小镇,高铁公交客运中心,2025-01-20 09:00:00,2025-01-20 10:11:53,20530.0,17.13610016230002,71.88333333333334,"(114.96098299069617, 35.80274173264781)","(115.14304445029791, 35.76764522240244)",河南省,濮阳市,307,2,15889,large,-0.15200000000000005,37,20.161192954324132
900000201994,91路(高铁公交客运中心--班家小镇),91,高铁公交客运中心,班家小镇,2025-01-20 09:12:00,2025-01-20 10:19:25,20925.0,18.6229913473424,67.41666666666667,"(115.14304445029791, 35.76764522240244)","(114.96098299069617, 35.80274173264781)",河南省,濮阳市,308,2,11748,large,0.152,35,20.72669265760198
900000201993,91路(班家小镇--高铁公交客运中心),91,班家小镇,高铁公交客运中心,2025-01-20 09:17:00,2025-01-20 10:28:53,20530.0,17.13610016230002,71.88333333333334,"(114.96098299069617, 35.80274173264781)","(115.14304445029791, 35.76764522240244)",河南省,濮阳市,300,3,15889,large,-0.15200000000000005,37,20.161192954324132
900000201994,91路(高铁公交客运中心--班家小镇),91,高铁公交客运中心,班家小镇,2025-01-20 09:32:00,2025-01-20 10:39:25,20925.0,18.6229913473424,67.41666666666667,"(115.14304445029791, 35.76764522240244)","(114.96098299069617, 35.80274173264781)",河南省,濮阳市,301,3,11748,large,0.152,35,20.72669265760198
900000201993,91路(班家小镇--高铁公交客运中心),91,班家小镇,高铁公交客运中心,2025-01-20 09:37:00,2025-01-20 10:48:53,20530.0,17.13610016230002,71.88333333333334,"(114.96098299069617, 35.80274173264781)","(115.14304445029791, 35.76764522240244)",河南省,濮阳市,302,3,15889,large,-0.15200000000000005,37,20.161192954324132
900000201994,91路(高铁公交客运中心--班家小镇),91,高铁公交客运中心,班家小镇,2025-01-20 09:53:00,2025-01-20 11:00:25,20925.0,18.6229913473424,67.41666666666667,"(115.14304445029791, 35.76764522240244)","(114.96098299069617, 35.80274173264781)",河南省,濮阳市,303,3,11748,large,0.152,35,20.72669265760198
900000201993,91路(班家小镇--高铁公交客运中心),91,班家小镇,高铁公交客运中心,2025-01-20 09:58:00,2025-01-20 11:09:53,20530.0,17.13610016230002,71.88333333333334,"(114.96098299069617, 35.80274173264781)","(115.14304445029791, 35.76764522240244)",河南省,濮阳市,304,3,15889,large,-0.15200000000000005,37,20.161192954324132
900000201994,91路(高铁公交客运中心--班家小镇),91,高铁公交客运中心,班家小镇,2025-01-20 10:15:00,2025-01-20 11:22:25,20925.0,18.6229913473424,67.41666666666667,"(115.14304445029791, 35.76764522240244)","(114.96098299069617, 35.80274173264781)",河南省,濮阳市,305,3,11748,large,0.152,35,20.72669265760198
900000201993,91路(班家小镇--高铁公交客运中心),91,班家小镇,高铁公交客运中心,2025-01-20 10:18:00,2025-01-20 11:29:53,20530.0,17.13610016230002,71.88333333333334,"(114.96098299069617, 35.80274173264781)","(115.14304445029791, 35.76764522240244)",河南省,濮阳市,306,3,15889,large,-0.15200000000000005,37,20.161192954324132
900000201994,91路(高铁公交客运中心--班家小镇),91,高铁公交客运中心,班家小镇,2025-01-20 10:37:00,2025-01-20 11:44:25,20925.0,18.6229913473424,67.41666666666667,"(115.14304445029791, 35.76764522240244)","(114.96098299069617, 35.80274173264781)",河南省,濮阳市,307,3,11748,large,0.152,35,20.72669265760198
900000201993,91路(班家小镇--高铁公交客运中心),91,班家小镇,高铁公交客运中心,2025-01-20 10:38:00,2025-01-20 11:49:53,20530.0,17.13610016230002,71.88333333333334,"(114.96098299069617, 35.80274173264781)","(115.14304445029791, 35.76764522240244)",河南省,濮阳市,308,3,15889,large,-0.15200000000000005,37,20.161192954324132
900000201993,91路(班家小镇--高铁公交客运中心),91,班家小镇,高铁公交客运中心,2025-01-20 10:58:00,2025-01-20 12:09:53,20530.0,17.13610016230002,71.88333333333334,"(114.96098299069617, 35.80274173264781)","(115.14304445029791, 35.76764522240244)",河南省,濮阳市,301,4,15889,large,-0.15200000000000005,37,20.161192954324132
900000201994,91路(高铁公交客运中心--班家小镇),91,高铁公交客运中心,班家小镇,2025-01-20 10:59:00,2025-01-20 12:06:25,20925.0,18.6229913473424,67.41666666666667,"(115.14304445029791, 35.76764522240244)","(114.96098299069617, 35.80274173264781)",河南省,濮阳市,302,4,11748,large,0.152,35,20.72669265760198
900000201993,91路(班家小镇--高铁公交客运中心),91,班家小镇,高铁公交客运中心,2025-01-20 11:19:00,2025-01-20 12:30:53,20530.0,17.13610016230002,71.88333333333334,"(114.96098299069617, 35.80274173264781)","(115.14304445029791, 35.76764522240244)",河南省,濮阳市,303,4,15889,large,-0.15200000000000005,37,20.161192954324132
900000201994,91路(高铁公交客运中心--班家小镇),91,高铁公交客运中心,班家小镇,2025-01-20 11:21:00,2025-01-20 12:28:25,20925.0,18.6229913473424,67.41666666666667,"(115.14304445029791, 35.76764522240244)","(114.96098299069617, 35.80274173264781)",河南省,濮阳市,304,4,11748,large,0.152,35,20.72669265760198
900000201993,91路(班家小镇--高铁公交客运中心),91,班家小镇,高铁公交客运中心,2025-01-20 11:41:00,2025-01-20 12:52:53,20530.0,17.13610016230002,71.88333333333334,"(114.96098299069617, 35.80274173264781)","(115.14304445029791, 35.76764522240244)",河南省,濮阳市,305,4,15889,large,-0.15200000000000005,37,20.161192954324132
900000201994,91路(高铁公交客运中心--班家小镇),91,高铁公交客运中心,班家小镇,2025-01-20 11:44:00,2025-01-20 12:51:25,20925.0,18.6229913473424,67.41666666666667,"(115.14304445029791, 35.76764522240244)","(114.96098299069617, 35.80274173264781)",河南省,濮阳市,306,4,11748,large,0.152,35,20.72669265760198
900000201993,91路(班家小镇--高铁公交客运中心),91,班家小镇,高铁公交客运中心,2025-01-20 12:03:00,2025-01-20 13:14:53,20530.0,17.13610016230002,71.88333333333334,"(114.96098299069617, 35.80274173264781)","(115.14304445029791, 35.76764522240244)",河南省,濮阳市,307,4,15889,large,-0.15200000000000005,37,20.161192954324132
900000201994,91路(高铁公交客运中心--班家小镇),91,高铁公交客运中心,班家小镇,2025-01-20 12:06:00,2025-01-20 13:13:25,20925.0,18.6229913473424,67.41666666666667,"(115.14304445029791, 35.76764522240244)","(114.96098299069617, 35.80274173264781)",河南省,濮阳市,308,4,11748,large,0.152,35,20.72669265760198
900000201993,91路(班家小镇--高铁公交客运中心),91,班家小镇,高铁公交客运中心,2025-01-20 12:26:00,2025-01-20 13:37:53,20530.0,17.13610016230002,71.88333333333334,"(114.96098299069617, 35.80274173264781)","(115.14304445029791, 35.76764522240244)",河南省,濮阳市,302,5,15889,large,-0.15200000000000005,37,20.161192954324132
900000201994,91路(高铁公交客运中心--班家小镇),91,高铁公交客运中心,班家小镇,2025-01-20 12:28:00,2025-01-20 13:35:25,20925.0,18.6229913473424,67.41666666666667,"(115.14304445029791, 35.76764522240244)","(114.96098299069617, 35.80274173264781)",河南省,濮阳市,301,5,11748,large,0.152,35,20.72669265760198
900000201993,91路(班家小镇--高铁公交客运中心),91,班家小镇,高铁公交客运中心,2025-01-20 12:48:00,2025-01-20 13:59:53,20530.0,17.13610016230002,71.88333333333334,"(114.96098299069617, 35.80274173264781)","(115.14304445029791, 35.76764522240244)",河南省,濮阳市,304,5,15889,large,-0.15200000000000005,37,20.161192954324132
900000201994,91路(高铁公交客运中心--班家小镇),91,高铁公交客运中心,班家小镇,2025-01-20 12:49:00,2025-01-20 13:56:25,20925.0,18.6229913473424,67.41666666666667,"(115.14304445029791, 35.76764522240244)","(114.96098299069617, 35.80274173264781)",河南省,濮阳市,303,5,11748,large,0.152,35,20.72669265760198
900000201993,91路(班家小镇--高铁公交客运中心),91,班家小镇,高铁公交客运中心,2025-01-20 13:10:00,2025-01-20 14:21:53,20530.0,17.13610016230002,71.88333333333334,"(114.96098299069617, 35.80274173264781)","(115.14304445029791, 35.76764522240244)",河南省,濮阳市,306,5,15889,large,-0.15200000000000005,37,20.161192954324132
900000201994,91路(高铁公交客运中心--班家小镇),91,高铁公交客运中心,班家小镇,2025-01-20 13:11:00,2025-01-20 14:18:25,20925.0,18.6229913473424,67.41666666666667,"(115.14304445029791, 35.76764522240244)","(114.96098299069617, 35.80274173264781)",河南省,濮阳市,305,5,11748,large,0.152,35,20.72669265760198
900000201993,91路(班家小镇--高铁公交客运中心),91,班家小镇,高铁公交客运中心,2025-01-20 13:32:00,2025-01-20 14:43:53,20530.0,17.13610016230002,71.88333333333334,"(114.96098299069617, 35.80274173264781)","(115.14304445029791, 35.76764522240244)",河南省,濮阳市,308,5,15889,large,-0.15200000000000005,37,20.161192954324132
900000201994,91路(高铁公交客运中心--班家小镇),91,高铁公交客运中心,班家小镇,2025-01-20 13:33:00,2025-01-20 14:40:25,20925.0,18.6229913473424,67.41666666666667,"(115.14304445029791, 35.76764522240244)","(114.96098299069617, 35.80274173264781)",河南省,濮阳市,307,5,11748,large,0.152,35,20.72669265760198
900000201993,91路(班家小镇--高铁公交客运中心),91,班家小镇,高铁公交客运中心,2025-01-20 13:54:00,2025-01-20 15:05:53,20530.0,17.13610016230002,71.88333333333334,"(114.96098299069617, 35.80274173264781)","(115.14304445029791, 35.76764522240244)",河南省,濮阳市,301,6,15889,large,-0.15200000000000005,37,20.161192954324132
900000201994,91路(高铁公交客运中心--班家小镇),91,高铁公交客运中心,班家小镇,2025-01-20 13:55:00,2025-01-20 15:02:25,20925.0,18.6229913473424,67.41666666666667,"(115.14304445029791, 35.76764522240244)","(114.96098299069617, 35.80274173264781)",河南省,濮阳市,302,6,11748,large,0.152,35,20.72669265760198
900000201993,91路(班家小镇--高铁公交客运中心),91,班家小镇,高铁公交客运中心,2025-01-20 14:16:00,2025-01-20 15:27:53,20530.0,17.13610016230002,71.88333333333334,"(114.96098299069617, 35.80274173264781)","(115.14304445029791, 35.76764522240244)",河南省,濮阳市,303,6,15889,large,-0.15200000000000005,37,20.161192954324132
900000201994,91路(高铁公交客运中心--班家小镇),91,高铁公交客运中心,班家小镇,2025-01-20 14:17:00,2025-01-20 15:24:25,20925.0,18.6229913473424,67.41666666666667,"(115.14304445029791, 35.76764522240244)","(114.96098299069617, 35.80274173264781)",河南省,濮阳市,304,6,11748,large,0.152,35,20.72669265760198
900000201994,91路(高铁公交客运中心--班家小镇),91,高铁公交客运中心,班家小镇,2025-01-20 14:34:00,2025-01-20 15:41:25,20925.0,18.6229913473424,67.41666666666667,"(115.14304445029791, 35.76764522240244)","(114.96098299069617, 35.80274173264781)",河南省,濮阳市,306,6,11748,large,0.152,35,20.72669265760198
900000201993,91路(班家小镇--高铁公交客运中心),91,班家小镇,高铁公交客运中心,2025-01-20 14:37:00,2025-01-20 15:48:53,20530.0,17.13610016230002,71.88333333333334,"(114.96098299069617, 35.80274173264781)","(115.14304445029791, 35.76764522240244)",河南省,濮阳市,305,6,15889,large,-0.15200000000000005,37,20.161192954324132
900000201994,91路(高铁公交客运中心--班家小镇),91,高铁公交客运中心,班家小镇,2025-01-20 14:52:00,2025-01-20 15:59:25,20925.0,18.6229913473424,67.41666666666667,"(115.14304445029791, 35.76764522240244)","(114.96098299069617, 35.80274173264781)",河南省,濮阳市,308,6,11748,large,0.152,35,20.72669265760198
900000201993,91路(班家小镇--高铁公交客运中心),91,班家小镇,高铁公交客运中心,2025-01-20 14:59:00,2025-01-20 16:10:53,20530.0,17.13610016230002,71.88333333333334,"(114.96098299069617, 35.80274173264781)","(115.14304445029791, 35.76764522240244)",河南省,濮阳市,307,6,15889,large,-0.15200000000000005,37,20.161192954324132
900000201994,91路(高铁公交客运中心--班家小镇),91,高铁公交客运中心,班家小镇,2025-01-20 15:09:00,2025-01-20 16:16:25,20925.0,18.6229913473424,67.41666666666667,"(115.14304445029791, 35.76764522240244)","(114.96098299069617, 35.80274173264781)",河南省,濮阳市,309,1,11748,large,0.152,35,20.72669265760198
900000201993,91路(班家小镇--高铁公交客运中心),91,班家小镇,高铁公交客运中心,2025-01-20 15:21:00,2025-01-20 16:32:53,20530.0,17.13610016230002,71.88333333333334,"(114.96098299069617, 35.80274173264781)","(115.14304445029791, 35.76764522240244)",河南省,濮阳市,302,7,15889,large,-0.15200000000000005,37,20.161192954324132
900000201994,91路(高铁公交客运中心--班家小镇),91,高铁公交客运中心,班家小镇,2025-01-20 15:25:00,2025-01-20 16:32:25,20925.0,18.6229913473424,67.41666666666667,"(115.14304445029791, 35.76764522240244)","(114.96098299069617, 35.80274173264781)",河南省,濮阳市,301,7,11748,large,0.152,35,20.72669265760198
900000201993,91路(班家小镇--高铁公交客运中心),91,班家小镇,高铁公交客运中心,2025-01-20 15:39:00,2025-01-20 16:50:53,20530.0,17.13610016230002,71.88333333333334,"(114.96098299069617, 35.80274173264781)","(115.14304445029791, 35.76764522240244)",河南省,濮阳市,304,7,15889,large,-0.15200000000000005,37,20.161192954324132
900000201994,91路(高铁公交客运中心--班家小镇),91,高铁公交客运中心,班家小镇,2025-01-20 15:42:00,2025-01-20 16:49:25,20925.0,18.6229913473424,67.41666666666667,"(115.14304445029791, 35.76764522240244)","(114.96098299069617, 35.80274173264781)",河南省,濮阳市,303,7,11748,large,0.152,35,20.72669265760198
900000201993,91路(班家小镇--高铁公交客运中心),91,班家小镇,高铁公交客运中心,2025-01-20 15:56:00,2025-01-20 17:07:53,20530.0,17.13610016230002,71.88333333333334,"(114.96098299069617, 35.80274173264781)","(115.14304445029791, 35.76764522240244)",河南省,濮阳市,306,7,15889,large,-0.15200000000000005,37,20.161192954324132
900000201994,91路(高铁公交客运中心--班家小镇),91,高铁公交客运中心,班家小镇,2025-01-20 15:59:00,2025-01-20 17:06:25,20925.0,18.6229913473424,67.41666666666667,"(115.14304445029791, 35.76764522240244)","(114.96098299069617, 35.80274173264781)",河南省,濮阳市,305,7,11748,large,0.152,35,20.72669265760198
900000201993,91路(班家小镇--高铁公交客运中心),91,班家小镇,高铁公交客运中心,2025-01-20 16:16:00,2025-01-20 17:27:53,20530.0,17.13610016230002,71.88333333333334,"(114.96098299069617, 35.80274173264781)","(115.14304445029791, 35.76764522240244)",河南省,濮阳市,308,7,15889,large,-0.15200000000000005,37,20.161192954324132
900000201994,91路(高铁公交客运中心--班家小镇),91,高铁公交客运中心,班家小镇,2025-01-20 16:17:00,2025-01-20 17:24:25,20925.0,18.6229913473424,67.41666666666667,"(115.14304445029791, 35.76764522240244)","(114.96098299069617, 35.80274173264781)",河南省,濮阳市,307,7,11748,large,0.152,35,20.72669265760198
900000201993,91路(班家小镇--高铁公交客运中心),91,班家小镇,高铁公交客运中心,2025-01-20 16:35:00,2025-01-20 17:46:53,20530.0,17.13610016230002,71.88333333333334,"(114.96098299069617, 35.80274173264781)","(115.14304445029791, 35.76764522240244)",河南省,濮阳市,309,2,15889,large,-0.15200000000000005,37,20.161192954324132
900000201994,91路(高铁公交客运中心--班家小镇),91,高铁公交客运中心,班家小镇,2025-01-20 16:35:00,2025-01-20 17:42:25,20925.0,18.6229913473424,67.41666666666667,"(115.14304445029791, 35.76764522240244)","(114.96098299069617, 35.80274173264781)",河南省,濮阳市,310,1,11748,large,0.152,35,20.72669265760198
900000201993,91路(班家小镇--高铁公交客运中心),91,班家小镇,高铁公交客运中心,2025-01-20 16:55:00,2025-01-20 18:06:53,20530.0,17.13610016230002,71.88333333333334,"(114.96098299069617, 35.80274173264781)","(115.14304445029791, 35.76764522240244)",河南省,濮阳市,303,8,15889,large,-0.15200000000000005,37,20.161192954324132
900000201994,91路(高铁公交客运中心--班家小镇),91,高铁公交客运中心,班家小镇,2025-01-20 16:56:00,2025-01-20 18:03:25,20925.0,18.6229913473424,67.41666666666667,"(115.14304445029791, 35.76764522240244)","(114.96098299069617, 35.80274173264781)",河南省,濮阳市,304,8,11748,large,0.152,35,20.72669265760198
900000201993,91路(班家小镇--高铁公交客运中心),91,班家小镇,高铁公交客运中心,2025-01-20 17:15:00,2025-01-20 18:27:31,20530.0,16.986439898873822,72.51666666666667,"(114.96098299069617, 35.80274173264781)","(115.14304445029791, 35.76764522240244)",河南省,濮阳市,305,8,15889,large,-0.15200000000000005,37,20.139685277867155
900000201994,91路(高铁公交客运中心--班家小镇),91,高铁公交客运中心,班家小镇,2025-01-20 17:16:00,2025-01-20 18:29:07,20925.0,17.171187599726466,73.11666666666666,"(115.14304445029791, 35.76764522240244)","(114.96098299069617, 35.80274173264781)",河南省,濮阳市,306,8,11748,large,0.152,35,20.514039703669937
900000201993,91路(班家小镇--高铁公交客运中心),91,班家小镇,高铁公交客运中心,2025-01-20 17:35:00,2025-01-20 18:47:31,20530.0,16.986439898873822,72.51666666666667,"(114.96098299069617, 35.80274173264781)","(115.14304445029791, 35.76764522240244)",河南省,濮阳市,307,8,15889,large,-0.15200000000000005,37,20.139685277867155
900000201994,91路(高铁公交客运中心--班家小镇),91,高铁公交客运中心,班家小镇,2025-01-20 17:36:00,2025-01-20 18:49:07,20925.0,17.171187599726466,73.11666666666666,"(115.14304445029791, 35.76764522240244)","(114.96098299069617, 35.80274173264781)",河南省,濮阳市,308,8,11748,large,0.152,35,20.514039703669937
900000201993,91路(班家小镇--高铁公交客运中心),91,班家小镇,高铁公交客运中心,2025-01-20 17:49:00,2025-01-20 19:01:31,20530.0,16.986439898873822,72.51666666666667,"(114.96098299069617, 35.80274173264781)","(115.14304445029791, 35.76764522240244)",河南省,濮阳市,310,2,15889,large,-0.15200000000000005,37,20.139685277867155
900000201994,91路(高铁公交客运中心--班家小镇),91,高铁公交客运中心,班家小镇,2025-01-20 17:51:00,2025-01-20 19:04:07,20925.0,17.171187599726466,73.11666666666666,"(115.14304445029791, 35.76764522240244)","(114.96098299069617, 35.80274173264781)",河南省,濮阳市,311,1,11748,large,0.152,35,20.514039703669937
900000201993,91路(班家小镇--高铁公交客运中心),91,班家小镇,高铁公交客运中心,2025-01-20 18:04:00,2025-01-20 19:16:31,20530.0,16.986439898873822,72.51666666666667,"(114.96098299069617, 35.80274173264781)","(115.14304445029791, 35.76764522240244)",河南省,濮阳市,312,1,15889,large,-0.15200000000000005,37,20.139685277867155
900000201994,91路(高铁公交客运中心--班家小镇),91,高铁公交客运中心,班家小镇,2025-01-20 18:07:00,2025-01-20 19:20:07,20925.0,17.171187599726466,73.11666666666666,"(115.14304445029791, 35.76764522240244)","(114.96098299069617, 35.80274173264781)",河南省,濮阳市,309,3,11748,large,0.152,35,20.514039703669937
900000201993,91路(班家小镇--高铁公交客运中心),91,班家小镇,高铁公交客运中心,2025-01-20 18:21:00,2025-01-20 19:33:31,20530.0,16.986439898873822,72.51666666666667,"(114.96098299069617, 35.80274173264781)","(115.14304445029791, 35.76764522240244)",河南省,濮阳市,304,9,15889,large,-0.15200000000000005,37,20.139685277867155
900000201994,91路(高铁公交客运中心--班家小镇),91,高铁公交客运中心,班家小镇,2025-01-20 18:23:00,2025-01-20 19:36:07,20925.0,17.171187599726466,73.11666666666666,"(115.14304445029791, 35.76764522240244)","(114.96098299069617, 35.80274173264781)",河南省,濮阳市,303,9,11748,large,0.152,35,20.514039703669937
900000201993,91路(班家小镇--高铁公交客运中心),91,班家小镇,高铁公交客运中心,2025-01-20 18:40:00,2025-01-20 19:52:31,20530.0,16.986439898873822,72.51666666666667,"(114.96098299069617, 35.80274173264781)","(115.14304445029791, 35.76764522240244)",河南省,濮阳市,306,9,15889,large,-0.15200000000000005,37,20.139685277867155
900000201994,91路(高铁公交客运中心--班家小镇),91,高铁公交客运中心,班家小镇,2025-01-20 18:41:00,2025-01-20 19:54:07,20925.0,17.171187599726466,73.11666666666666,"(115.14304445029791, 35.76764522240244)","(114.96098299069617, 35.80274173264781)",河南省,濮阳市,305,9,11748,large,0.152,35,20.514039703669937
900000201994,91路(高铁公交客运中心--班家小镇),91,高铁公交客运中心,班家小镇,2025-01-20 18:59:00,2025-01-20 20:12:07,20925.0,17.171187599726466,73.11666666666666,"(115.14304445029791, 35.76764522240244)","(114.96098299069617, 35.80274173264781)",河南省,濮阳市,307,9,11748,large,0.152,35,20.514039703669937
900000201993,91路(班家小镇--高铁公交客运中心),91,班家小镇,高铁公交客运中心,2025-01-20 18:59:00,2025-01-20 20:11:31,20530.0,16.986439898873822,72.51666666666667,"(114.96098299069617, 35.80274173264781)","(115.14304445029791, 35.76764522240244)",河南省,濮阳市,308,9,15889,large,-0.15200000000000005,37,20.139685277867155
900000198345,K1路(高铁公交客运中心--皇甫),K1,高铁公交客运中心,皇甫,2025-01-20 06:30:00,2025-01-20 07:27:42,21964.0,22.83951473136915,57.7,"(115.14304445029791, 35.76764522240244)","(114.92173800454383, 35.779819783699104)",河南省,濮阳市,313,1,13073,large,0.3039999999999998,18,20.15013291091854
900000198344,K1路(皇甫--高铁公交客运中心),K1,皇甫,高铁公交客运中心,2025-01-20 06:30:00,2025-01-20 07:37:03,22007.0,19.693064876957497,67.05,"(114.92168207146369, 35.780020773981924)","(115.14304445029791, 35.76764522240244)",河南省,濮阳市,314,1,15889,large,-0.3039999999999999,18,19.091768551230427
900000198344,K1路(皇甫--高铁公交客运中心),K1,皇甫,高铁公交客运中心,2025-01-20 06:43:00,2025-01-20 07:50:03,22007.0,19.693064876957497,67.05,"(114.92168207146369, 35.780020773981924)","(115.14304445029791, 35.76764522240244)",河南省,濮阳市,315,1,15889,large,-0.3039999999999999,18,19.091768551230427
900000198345,K1路(高铁公交客运中心--皇甫),K1,高铁公交客运中心,皇甫,2025-01-20 06:43:00,2025-01-20 07:40:42,21964.0,22.83951473136915,57.7,"(115.14304445029791, 35.76764522240244)","(114.92173800454383, 35.779819783699104)",河南省,濮阳市,316,1,13073,large,0.3039999999999998,18,20.15013291091854
900000198344,K1路(皇甫--高铁公交客运中心),K1,皇甫,高铁公交客运中心,2025-01-20 06:56:00,2025-01-20 08:03:03,22007.0,19.693064876957497,67.05,"(114.92168207146369, 35.780020773981924)","(115.14304445029791, 35.76764522240244)",河南省,濮阳市,317,1,15889,large,-0.3039999999999999,18,19.091768551230427
900000198345,K1路(高铁公交客运中心--皇甫),K1,高铁公交客运中心,皇甫,2025-01-20 06:57:00,2025-01-20 07:54:42,21964.0,22.83951473136915,57.7,"(115.14304445029791, 35.76764522240244)","(114.92173800454383, 35.779819783699104)",河南省,濮阳市,318,1,13073,large,0.3039999999999998,18,20.15013291091854
900000198344,K1路(皇甫--高铁公交客运中心),K1,皇甫,高铁公交客运中心,2025-01-20 07:08:00,2025-01-20 08:15:40,22007.0,19.5135960591133,67.66666666666667,"(114.92168207146369, 35.780020773981924)","(115.14304445029791, 35.76764522240244)",河南省,濮阳市,319,1,15889,large,-0.3039999999999999,18,19.064121559310344
900000198345,K1路(高铁公交客运中心--皇甫),K1,高铁公交客运中心,皇甫,2025-01-20 07:10:00,2025-01-20 08:16:09,21964.0,19.921995464852607,66.15,"(115.14304445029791, 35.76764522240244)","(114.92173800454383, 35.779819783699104)",河南省,濮阳市,320,1,13073,large,0.3039999999999998,18,19.701570158730153
900000198344,K1路(皇甫--高铁公交客运中心),K1,皇甫,高铁公交客运中心,2025-01-20 07:21:00,2025-01-20 08:28:40,22007.0,19.5135960591133,67.66666666666667,"(114.92168207146369, 35.780020773981924)","(115.14304445029791, 35.76764522240244)",河南省,濮阳市,321,1,15889,large,-0.3039999999999999,18,19.064121559310344
900000198345,K1路(高铁公交客运中心--皇甫),K1,高铁公交客运中心,皇甫,2025-01-20 07:25:00,2025-01-20 08:31:09,21964.0,19.921995464852607,66.15,"(115.14304445029791, 35.76764522240244)","(114.92173800454383, 35.779819783699104)",河南省,濮阳市,322,1,13073,large,0.3039999999999998,18,19.701570158730153
900000198344,K1路(皇甫--高铁公交客运中心),K1,皇甫,高铁公交客运中心,2025-01-20 07:35:00,2025-01-20 08:42:40,22007.0,19.5135960591133,67.66666666666667,"(114.92168207146369, 35.780020773981924)","(115.14304445029791, 35.76764522240244)",河南省,濮阳市,313,2,15889,large,-0.3039999999999999,18,19.064121559310344
900000198345,K1路(高铁公交客运中心--皇甫),K1,高铁公交客运中心,皇甫,2025-01-20 07:39:00,2025-01-20 08:45:09,21964.0,19.921995464852607,66.15,"(115.14304445029791, 35.76764522240244)","(114.92173800454383, 35.779819783699104)",河南省,濮阳市,323,1,13073,large,0.3039999999999998,18,19.701570158730153
900000198344,K1路(皇甫--高铁公交客运中心),K1,皇甫,高铁公交客运中心,2025-01-20 07:48:00,2025-01-20 08:55:40,22007.0,19.5135960591133,67.66666666666667,"(114.92168207146369, 35.780020773981924)","(115.14304445029791, 35.76764522240244)",河南省,濮阳市,316,2,15889,large,-0.3039999999999999,18,19.064121559310344
900000198345,K1路(高铁公交客运中心--皇甫),K1,高铁公交客运中心,皇甫,2025-01-20 07:53:00,2025-01-20 08:59:09,21964.0,19.921995464852607,66.15,"(115.14304445029791, 35.76764522240244)","(114.92173800454383, 35.779819783699104)",河南省,濮阳市,314,2,13073,large,0.3039999999999998,18,19.701570158730153
900000198344,K1路(皇甫--高铁公交客运中心),K1,皇甫,高铁公交客运中心,2025-01-20 08:02:00,2025-01-20 09:09:40,22007.0,19.5135960591133,67.66666666666667,"(114.92168207146369, 35.780020773981924)","(115.14304445029791, 35.76764522240244)",河南省,濮阳市,318,2,15889,large,-0.3039999999999999,18,19.064121559310344
900000198345,K1路(高铁公交客运中心--皇甫),K1,高铁公交客运中心,皇甫,2025-01-20 08:08:00,2025-01-20 09:14:09,21964.0,19.921995464852607,66.15,"(115.14304445029791, 35.76764522240244)","(114.92173800454383, 35.779819783699104)",河南省,濮阳市,315,2,13073,large,0.3039999999999998,18,19.701570158730153
900000198344,K1路(皇甫--高铁公交客运中心),K1,皇甫,高铁公交客运中心,2025-01-20 08:17:00,2025-01-20 09:24:40,22007.0,19.5135960591133,67.66666666666667,"(114.92168207146369, 35.780020773981924)","(115.14304445029791, 35.76764522240244)",河南省,濮阳市,324,1,15889,large,-0.3039999999999999,18,19.064121559310344
900000198345,K1路(高铁公交客运中心--皇甫),K1,高铁公交客运中心,皇甫,2025-01-20 08:23:00,2025-01-20 09:29:09,21964.0,19.921995464852607,66.15,"(115.14304445029791, 35.76764522240244)","(114.92173800454383, 35.779819783699104)",河南省,濮阳市,319,2,13073,large,0.3039999999999998,18,19.701570158730153
900000198344,K1路(皇甫--高铁公交客运中心),K1,皇甫,高铁公交客运中心,2025-01-20 08:24:00,2025-01-20 09:31:40,22007.0,19.5135960591133,67.66666666666667,"(114.92168207146369, 35.780020773981924)","(115.14304445029791, 35.76764522240244)",河南省,濮阳市,320,2,15889,large,-0.3039999999999999,18,19.064121559310344
900000198344,K1路(皇甫--高铁公交客运中心),K1,皇甫,高铁公交客运中心,2025-01-20 08:30:00,2025-01-20 09:37:40,22007.0,19.5135960591133,67.66666666666667,"(114.92168207146369, 35.780020773981924)","(115.14304445029791, 35.76764522240244)",河南省,濮阳市,325,1,15889,large,-0.3039999999999999,18,19.064121559310344
900000198345,K1路(高铁公交客运中心--皇甫),K1,高铁公交客运中心,皇甫,2025-01-20 08:39:00,2025-01-20 09:45:09,21964.0,19.921995464852607,66.15,"(115.14304445029791, 35.76764522240244)","(114.92173800454383, 35.779819783699104)",河南省,濮阳市,321,2,13073,large,0.3039999999999998,18,19.701570158730153
900000198344,K1路(皇甫--高铁公交客运中心),K1,皇甫,高铁公交客运中心,2025-01-20 08:45:00,2025-01-20 09:52:40,22007.0,19.5135960591133,67.66666666666667,"(114.92168207146369, 35.780020773981924)","(115.14304445029791, 35.76764522240244)",河南省,濮阳市,322,2,15889,large,-0.3039999999999999,18,19.064121559310344
900000198345,K1路(高铁公交客运中心--皇甫),K1,高铁公交客运中心,皇甫,2025-01-20 08:55:00,2025-01-20 10:01:09,21964.0,19.921995464852607,66.15,"(115.14304445029791, 35.76764522240244)","(114.92173800454383, 35.779819783699104)",河南省,濮阳市,313,3,13073,large,0.3039999999999998,18,19.701570158730153
900000198344,K1路(皇甫--高铁公交客运中心),K1,皇甫,高铁公交客运中心,2025-01-20 09:00:00,2025-01-20 10:07:03,22007.0,19.693064876957497,67.05,"(114.92168207146369, 35.780020773981924)","(115.14304445029791, 35.76764522240244)",河南省,濮阳市,323,2,15889,large,-0.3039999999999999,18,19.091768551230427
900000198345,K1路(高铁公交客运中心--皇甫),K1,高铁公交客运中心,皇甫,2025-01-20 09:11:00,2025-01-20 10:08:42,21964.0,22.83951473136915,57.7,"(115.14304445029791, 35.76764522240244)","(114.92173800454383, 35.779819783699104)",河南省,濮阳市,316,3,13073,large,0.3039999999999998,18,20.15013291091854
900000198344,K1路(皇甫--高铁公交客运中心),K1,皇甫,高铁公交客运中心,2025-01-20 09:15:00,2025-01-20 10:22:03,22007.0,19.693064876957497,67.05,"(114.92168207146369, 35.780020773981924)","(115.14304445029791, 35.76764522240244)",河南省,濮阳市,314,3,15889,large,-0.3039999999999999,18,19.091768551230427
900000198345,K1路(高铁公交客运中心--皇甫),K1,高铁公交客运中心,皇甫,2025-01-20 09:27:00,2025-01-20 10:24:42,21964.0,22.83951473136915,57.7,"(115.14304445029791, 35.76764522240244)","(114.92173800454383, 35.779819783699104)",河南省,濮阳市,318,3,13073,large,0.3039999999999998,18,20.15013291091854
900000198344,K1路(皇甫--高铁公交客运中心),K1,皇甫,高铁公交客运中心,2025-01-20 09:29:00,2025-01-20 10:36:03,22007.0,19.693064876957497,67.05,"(114.92168207146369, 35.780020773981924)","(115.14304445029791, 35.76764522240244)",河南省,濮阳市,315,3,15889,large,-0.3039999999999999,18,19.091768551230427
900000198345,K1路(高铁公交客运中心--皇甫),K1,高铁公交客运中心,皇甫,2025-01-20 09:43:00,2025-01-20 10:40:42,21964.0,22.83951473136915,57.7,"(115.14304445029791, 35.76764522240244)","(114.92173800454383, 35.779819783699104)",河南省,濮阳市,325,2,13073,large,0.3039999999999998,18,20.15013291091854
900000198344,K1路(皇甫--高铁公交客运中心),K1,皇甫,高铁公交客运中心,2025-01-20 09:44:00,2025-01-20 10:51:03,22007.0,19.693064876957497,67.05,"(114.92168207146369, 35.780020773981924)","(115.14304445029791, 35.76764522240244)",河南省,濮阳市,319,3,15889,large,-0.3039999999999999,18,19.091768551230427
900000198344,K1路(皇甫--高铁公交客运中心),K1,皇甫,高铁公交客运中心,2025-01-20 09:50:00,2025-01-20 10:57:03,22007.0,19.693064876957497,67.05,"(114.92168207146369, 35.780020773981924)","(115.14304445029791, 35.76764522240244)",河南省,濮阳市,326,1,15889,large,-0.3039999999999999,18,19.091768551230427
900000198345,K1路(高铁公交客运中心--皇甫),K1,高铁公交客运中心,皇甫,2025-01-20 09:59:00,2025-01-20 10:56:42,21964.0,22.83951473136915,57.7,"(115.14304445029791, 35.76764522240244)","(114.92173800454383, 35.779819783699104)",河南省,濮阳市,322,3,13073,large,0.3039999999999998,18,20.15013291091854
900000198344,K1路(皇甫--高铁公交客运中心),K1,皇甫,高铁公交客运中心,2025-01-20 10:01:00,2025-01-20 11:08:03,22007.0,19.693064876957497,67.05,"(114.92168207146369, 35.780020773981924)","(115.14304445029791, 35.76764522240244)",河南省,濮阳市,321,3,15889,large,-0.3039999999999999,18,19.091768551230427
900000198345,K1路(高铁公交客运中心--皇甫),K1,高铁公交客运中心,皇甫,2025-01-20 10:15:00,2025-01-20 11:12:42,21964.0,22.83951473136915,57.7,"(115.14304445029791, 35.76764522240244)","(114.92173800454383, 35.779819783699104)",河南省,濮阳市,323,3,13073,large,0.3039999999999998,18,20.15013291091854
900000198344,K1路(皇甫--高铁公交客运中心),K1,皇甫,高铁公交客运中心,2025-01-20 10:16:00,2025-01-20 11:23:03,22007.0,19.693064876957497,67.05,"(114.92168207146369, 35.780020773981924)","(115.14304445029791, 35.76764522240244)",河南省,濮阳市,316,4,15889,large,-0.3039999999999999,18,19.091768551230427
900000198345,K1路(高铁公交客运中心--皇甫),K1,高铁公交客运中心,皇甫,2025-01-20 10:31:00,2025-01-20 11:28:42,21964.0,22.83951473136915,57.7,"(115.14304445029791, 35.76764522240244)","(114.92173800454383, 35.779819783699104)",河南省,濮阳市,314,4,13073,large,0.3039999999999998,18,20.15013291091854
900000198344,K1路(皇甫--高铁公交客运中心),K1,皇甫,高铁公交客运中心,2025-01-20 10:32:00,2025-01-20 11:39:03,22007.0,19.693064876957497,67.05,"(114.92168207146369, 35.780020773981924)","(115.14304445029791, 35.76764522240244)",河南省,濮阳市,318,4,15889,large,-0.3039999999999999,18,19.091768551230427
900000198345,K1路(高铁公交客运中心--皇甫),K1,高铁公交客运中心,皇甫,2025-01-20 10:47:00,2025-01-20 11:44:42,21964.0,22.83951473136915,57.7,"(115.14304445029791, 35.76764522240244)","(114.92173800454383, 35.779819783699104)",河南省,濮阳市,315,4,13073,large,0.3039999999999998,18,20.15013291091854
900000198344,K1路(皇甫--高铁公交客运中心),K1,皇甫,高铁公交客运中心,2025-01-20 10:48:00,2025-01-20 11:55:03,22007.0,19.693064876957497,67.05,"(114.92168207146369, 35.780020773981924)","(115.14304445029791, 35.76764522240244)",河南省,濮阳市,325,3,15889,large,-0.3039999999999999,18,19.091768551230427
900000198345,K1路(高铁公交客运中心--皇甫),K1,高铁公交客运中心,皇甫,2025-01-20 11:02:00,2025-01-20 11:59:42,21964.0,22.83951473136915,57.7,"(115.14304445029791, 35.76764522240244)","(114.92173800454383, 35.779819783699104)",河南省,濮阳市,319,4,13073,large,0.3039999999999998,18,20.15013291091854
900000198344,K1路(皇甫--高铁公交客运中心),K1,皇甫,高铁公交客运中心,2025-01-20 11:05:00,2025-01-20 12:12:03,22007.0,19.693064876957497,67.05,"(114.92168207146369, 35.780020773981924)","(115.14304445029791, 35.76764522240244)",河南省,濮阳市,322,4,15889,large,-0.3039999999999999,18,19.091768551230427
900000198345,K1路(高铁公交客运中心--皇甫),K1,高铁公交客运中心,皇甫,2025-01-20 11:17:00,2025-01-20 12:14:42,21964.0,22.83951473136915,57.7,"(115.14304445029791, 35.76764522240244)","(114.92173800454383, 35.779819783699104)",河南省,濮阳市,326,2,13073,large,0.3039999999999998,18,20.15013291091854
900000198344,K1路(皇甫--高铁公交客运中心),K1,皇甫,高铁公交客运中心,2025-01-20 11:21:00,2025-01-20 12:28:03,22007.0,19.693064876957497,67.05,"(114.92168207146369, 35.780020773981924)","(115.14304445029791, 35.76764522240244)",河南省,濮阳市,323,4,15889,large,-0.3039999999999999,18,19.091768551230427
900000198345,K1路(高铁公交客运中心--皇甫),K1,高铁公交客运中心,皇甫,2025-01-20 11:35:00,2025-01-20 12:32:42,21964.0,22.83951473136915,57.7,"(115.14304445029791, 35.76764522240244)","(114.92173800454383, 35.779819783699104)",河南省,濮阳市,316,5,13073,large,0.3039999999999998,18,20.15013291091854
900000198344,K1路(皇甫--高铁公交客运中心),K1,皇甫,高铁公交客运中心,2025-01-20 11:37:00,2025-01-20 12:44:03,22007.0,19.693064876957497,67.05,"(114.92168207146369, 35.780020773981924)","(115.14304445029791, 35.76764522240244)",河南省,濮阳市,314,5,15889,large,-0.3039999999999999,18,19.091768551230427
900000198345,K1路(高铁公交客运中心--皇甫),K1,高铁公交客运中心,皇甫,2025-01-20 11:52:00,2025-01-20 12:49:42,21964.0,22.83951473136915,57.7,"(115.14304445029791, 35.76764522240244)","(114.92173800454383, 35.779819783699104)",河南省,濮阳市,318,5,13073,large,0.3039999999999998,18,20.15013291091854
900000198344,K1路(皇甫--高铁公交客运中心),K1,皇甫,高铁公交客运中心,2025-01-20 11:55:00,2025-01-20 13:02:03,22007.0,19.693064876957497,67.05,"(114.92168207146369, 35.780020773981924)","(115.14304445029791, 35.76764522240244)",河南省,濮阳市,315,5,15889,large,-0.3039999999999999,18,19.091768551230427
900000198345,K1路(高铁公交客运中心--皇甫),K1,高铁公交客运中心,皇甫,2025-01-20 12:08:00,2025-01-20 13:05:42,21964.0,22.83951473136915,57.7,"(115.14304445029791, 35.76764522240244)","(114.92173800454383, 35.779819783699104)",河南省,濮阳市,325,4,13073,large,0.3039999999999998,18,20.15013291091854
900000198344,K1路(皇甫--高铁公交客运中心),K1,皇甫,高铁公交客运中心,2025-01-20 12:11:00,2025-01-20 13:18:03,22007.0,19.693064876957497,67.05,"(114.92168207146369, 35.780020773981924)","(115.14304445029791, 35.76764522240244)",河南省,濮阳市,319,5,15889,large,-0.3039999999999999,18,19.091768551230427
900000198345,K1路(高铁公交客运中心--皇甫),K1,高铁公交客运中心,皇甫,2025-01-20 12:26:00,2025-01-20 13:23:42,21964.0,22.83951473136915,57.7,"(115.14304445029791, 35.76764522240244)","(114.92173800454383, 35.779819783699104)",河南省,濮阳市,322,5,13073,large,0.3039999999999998,18,20.15013291091854
900000198344,K1路(皇甫--高铁公交客运中心),K1,皇甫,高铁公交客运中心,2025-01-20 12:28:00,2025-01-20 13:35:03,22007.0,19.693064876957497,67.05,"(114.92168207146369, 35.780020773981924)","(115.14304445029791, 35.76764522240244)",河南省,濮阳市,326,3,15889,large,-0.3039999999999999,18,19.091768551230427
900000198345,K1路(高铁公交客运中心--皇甫),K1,高铁公交客运中心,皇甫,2025-01-20 12:42:00,2025-01-20 13:39:42,21964.0,22.83951473136915,57.7,"(115.14304445029791, 35.76764522240244)","(114.92173800454383, 35.779819783699104)",河南省,濮阳市,323,5,13073,large,0.3039999999999998,18,20.15013291091854
900000198344,K1路(皇甫--高铁公交客运中心),K1,皇甫,高铁公交客运中心,2025-01-20 12:46:00,2025-01-20 13:53:03,22007.0,19.693064876957497,67.05,"(114.92168207146369, 35.780020773981924)","(115.14304445029791, 35.76764522240244)",河南省,濮阳市,316,6,15889,large,-0.3039999999999999,18,19.091768551230427
900000198345,K1路(高铁公交客运中心--皇甫),K1,高铁公交客运中心,皇甫,2025-01-20 13:00:00,2025-01-20 13:57:42,21964.0,22.83951473136915,57.7,"(115.14304445029791, 35.76764522240244)","(114.92173800454383, 35.779819783699104)",河南省,濮阳市,314,6,13073,large,0.3039999999999998,18,20.15013291091854
900000198344,K1路(皇甫--高铁公交客运中心),K1,皇甫,高铁公交客运中心,2025-01-20 13:03:00,2025-01-20 14:10:03,22007.0,19.693064876957497,67.05,"(114.92168207146369, 35.780020773981924)","(115.14304445029791, 35.76764522240244)",河南省,濮阳市,318,6,15889,large,-0.3039999999999999,18,19.091768551230427
900000198345,K1路(高铁公交客运中心--皇甫),K1,高铁公交客运中心,皇甫,2025-01-20 13:17:00,2025-01-20 14:14:42,21964.0,22.83951473136915,57.7,"(115.14304445029791, 35.76764522240244)","(114.92173800454383, 35.779819783699104)",河南省,濮阳市,315,6,13073,large,0.3039999999999998,18,20.15013291091854
900000198344,K1路(皇甫--高铁公交客运中心),K1,皇甫,高铁公交客运中心,2025-01-20 13:19:00,2025-01-20 14:26:03,22007.0,19.693064876957497,67.05,"(114.92168207146369, 35.780020773981924)","(115.14304445029791, 35.76764522240244)",河南省,濮阳市,325,5,15889,large,-0.3039999999999999,18,19.091768551230427
900000198345,K1路(高铁公交客运中心--皇甫),K1,高铁公交客运中心,皇甫,2025-01-20 13:34:00,2025-01-20 14:31:42,21964.0,22.83951473136915,57.7,"(115.14304445029791, 35.76764522240244)","(114.92173800454383, 35.779819783699104)",河南省,濮阳市,319,6,13073,large,0.3039999999999998,18,20.15013291091854
900000198344,K1路(皇甫--高铁公交客运中心),K1,皇甫,高铁公交客运中心,2025-01-20 13:37:00,2025-01-20 14:44:03,22007.0,19.693064876957497,67.05,"(114.92168207146369, 35.780020773981924)","(115.14304445029791, 35.76764522240244)",河南省,濮阳市,322,6,15889,large,-0.3039999999999999,18,19.091768551230427
900000198345,K1路(高铁公交客运中心--皇甫),K1,高铁公交客运中心,皇甫,2025-01-20 13:50:00,2025-01-20 14:47:42,21964.0,22.83951473136915,57.7,"(115.14304445029791, 35.76764522240244)","(114.92173800454383, 35.779819783699104)",河南省,濮阳市,326,4,13073,large,0.3039999999999998,18,20.15013291091854
900000198344,K1路(皇甫--高铁公交客运中心),K1,皇甫,高铁公交客运中心,2025-01-20 13:53:00,2025-01-20 15:00:03,22007.0,19.693064876957497,67.05,"(114.92168207146369, 35.780020773981924)","(115.14304445029791, 35.76764522240244)",河南省,濮阳市,323,6,15889,large,-0.3039999999999999,18,19.091768551230427
900000198345,K1路(高铁公交客运中心--皇甫),K1,高铁公交客运中心,皇甫,2025-01-20 14:08:00,2025-01-20 15:05:42,21964.0,22.83951473136915,57.7,"(115.14304445029791, 35.76764522240244)","(114.92173800454383, 35.779819783699104)",河南省,濮阳市,316,7,13073,large,0.3039999999999998,18,20.15013291091854
900000198344,K1路(皇甫--高铁公交客运中心),K1,皇甫,高铁公交客运中心,2025-01-20 14:11:00,2025-01-20 15:18:03,22007.0,19.693064876957497,67.05,"(114.92168207146369, 35.780020773981924)","(115.14304445029791, 35.76764522240244)",河南省,濮阳市,314,7,15889,large,-0.3039999999999999,18,19.091768551230427
900000198345,K1路(高铁公交客运中心--皇甫),K1,高铁公交客运中心,皇甫,2025-01-20 14:23:00,2025-01-20 15:20:42,21964.0,22.83951473136915,57.7,"(115.14304445029791, 35.76764522240244)","(114.92173800454383, 35.779819783699104)",河南省,濮阳市,318,7,13073,large,0.3039999999999998,18,20.15013291091854
900000198344,K1路(皇甫--高铁公交客运中心),K1,皇甫,高铁公交客运中心,2025-01-20 14:27:00,2025-01-20 15:34:03,22007.0,19.693064876957497,67.05,"(114.92168207146369, 35.780020773981924)","(115.14304445029791, 35.76764522240244)",河南省,濮阳市,315,7,15889,large,-0.3039999999999999,18,19.091768551230427
900000198345,K1路(高铁公交客运中心--皇甫),K1,高铁公交客运中心,皇甫,2025-01-20 14:37:00,2025-01-20 15:34:42,21964.0,22.83951473136915,57.7,"(115.14304445029791, 35.76764522240244)","(114.92173800454383, 35.779819783699104)",河南省,濮阳市,325,6,13073,large,0.3039999999999998,18,20.15013291091854
900000198344,K1路(皇甫--高铁公交客运中心),K1,皇甫,高铁公交客运中心,2025-01-20 14:42:00,2025-01-20 15:49:03,22007.0,19.693064876957497,67.05,"(114.92168207146369, 35.780020773981924)","(115.14304445029791, 35.76764522240244)",河南省,濮阳市,319,7,15889,large,-0.3039999999999999,18,19.091768551230427
900000198345,K1路(高铁公交客运中心--皇甫),K1,高铁公交客运中心,皇甫,2025-01-20 14:53:00,2025-01-20 15:50:42,21964.0,22.83951473136915,57.7,"(115.14304445029791, 35.76764522240244)","(114.92173800454383, 35.779819783699104)",河南省,濮阳市,322,7,13073,large,0.3039999999999998,18,20.15013291091854
900000198344,K1路(皇甫--高铁公交客运中心),K1,皇甫,高铁公交客运中心,2025-01-20 14:58:00,2025-01-20 16:05:03,22007.0,19.693064876957497,67.05,"(114.92168207146369, 35.780020773981924)","(115.14304445029791, 35.76764522240244)",河南省,濮阳市,326,5,15889,large,-0.3039999999999999,18,19.091768551230427
900000198345,K1路(高铁公交客运中心--皇甫),K1,高铁公交客运中心,皇甫,2025-01-20 15:08:00,2025-01-20 16:05:42,21964.0,22.83951473136915,57.7,"(115.14304445029791, 35.76764522240244)","(114.92173800454383, 35.779819783699104)",河南省,濮阳市,323,7,13073,large,0.3039999999999998,18,20.15013291091854
900000198344,K1路(皇甫--高铁公交客运中心),K1,皇甫,高铁公交客运中心,2025-01-20 15:14:00,2025-01-20 16:21:03,22007.0,19.693064876957497,67.05,"(114.92168207146369, 35.780020773981924)","(115.14304445029791, 35.76764522240244)",河南省,濮阳市,316,8,15889,large,-0.3039999999999999,18,19.091768551230427
900000198345,K1路(高铁公交客运中心--皇甫),K1,高铁公交客运中心,皇甫,2025-01-20 15:22:00,2025-01-20 16:19:42,21964.0,22.83951473136915,57.7,"(115.14304445029791, 35.76764522240244)","(114.92173800454383, 35.779819783699104)",河南省,濮阳市,327,1,13073,large,0.3039999999999998,18,20.15013291091854
900000198344,K1路(皇甫--高铁公交客运中心),K1,皇甫,高铁公交客运中心,2025-01-20 15:30:00,2025-01-20 16:37:03,22007.0,19.693064876957497,67.05,"(114.92168207146369, 35.780020773981924)","(115.14304445029791, 35.76764522240244)",河南省,濮阳市,318,8,15889,large,-0.3039999999999999,18,19.091768551230427
900000198345,K1路(高铁公交客运中心--皇甫),K1,高铁公交客运中心,皇甫,2025-01-20 15:38:00,2025-01-20 16:35:42,21964.0,22.83951473136915,57.7,"(115.14304445029791, 35.76764522240244)","(114.92173800454383, 35.779819783699104)",河南省,濮阳市,314,8,13073,large,0.3039999999999998,18,20.15013291091854
900000198344,K1路(皇甫--高铁公交客运中心),K1,皇甫,高铁公交客运中心,2025-01-20 15:47:00,2025-01-20 16:54:03,22007.0,19.693064876957497,67.05,"(114.92168207146369, 35.780020773981924)","(115.14304445029791, 35.76764522240244)",河南省,濮阳市,325,7,15889,large,-0.3039999999999999,18,19.091768551230427
900000198345,K1路(高铁公交客运中心--皇甫),K1,高铁公交客运中心,皇甫,2025-01-20 15:53:00,2025-01-20 16:50:42,21964.0,22.83951473136915,57.7,"(115.14304445029791, 35.76764522240244)","(114.92173800454383, 35.779819783699104)",河南省,濮阳市,315,8,13073,large,0.3039999999999998,18,20.15013291091854
900000198344,K1路(皇甫--高铁公交客运中心),K1,皇甫,高铁公交客运中心,2025-01-20 16:02:00,2025-01-20 17:09:03,22007.0,19.693064876957497,67.05,"(114.92168207146369, 35.780020773981924)","(115.14304445029791, 35.76764522240244)",河南省,濮阳市,322,8,15889,large,-0.3039999999999999,18,19.091768551230427
900000198345,K1路(高铁公交客运中心--皇甫),K1,高铁公交客运中心,皇甫,2025-01-20 16:08:00,2025-01-20 17:05:42,21964.0,22.83951473136915,57.7,"(115.14304445029791, 35.76764522240244)","(114.92173800454383, 35.779819783699104)",河南省,濮阳市,319,8,13073,large,0.3039999999999998,18,20.15013291091854
900000198344,K1路(皇甫--高铁公交客运中心),K1,皇甫,高铁公交客运中心,2025-01-20 16:19:00,2025-01-20 17:26:03,22007.0,19.693064876957497,67.05,"(114.92168207146369, 35.780020773981924)","(115.14304445029791, 35.76764522240244)",河南省,濮阳市,323,8,15889,large,-0.3039999999999999,18,19.091768551230427
900000198345,K1路(高铁公交客运中心--皇甫),K1,高铁公交客运中心,皇甫,2025-01-20 16:22:00,2025-01-20 17:19:42,21964.0,22.83951473136915,57.7,"(115.14304445029791, 35.76764522240244)","(114.92173800454383, 35.779819783699104)",河南省,濮阳市,326,6,13073,large,0.3039999999999998,18,20.15013291091854
900000198344,K1路(皇甫--高铁公交客运中心),K1,皇甫,高铁公交客运中心,2025-01-20 16:35:00,2025-01-20 17:42:03,22007.0,19.693064876957497,67.05,"(114.92168207146369, 35.780020773981924)","(115.14304445029791, 35.76764522240244)",河南省,濮阳市,327,2,15889,large,-0.3039999999999999,18,19.091768551230427
900000198345,K1路(高铁公交客运中心--皇甫),K1,高铁公交客运中心,皇甫,2025-01-20 16:38:00,2025-01-20 17:35:42,21964.0,22.83951473136915,57.7,"(115.14304445029791, 35.76764522240244)","(114.92173800454383, 35.779819783699104)",河南省,濮阳市,316,9,13073,large,0.3039999999999998,18,20.15013291091854
900000198344,K1路(皇甫--高铁公交客运中心),K1,皇甫,高铁公交客运中心,2025-01-20 16:50:00,2025-01-20 17:57:03,22007.0,19.693064876957497,67.05,"(114.92168207146369, 35.780020773981924)","(115.14304445029791, 35.76764522240244)",河南省,濮阳市,314,9,15889,large,-0.3039999999999999,18,19.091768551230427
900000198345,K1路(高铁公交客运中心--皇甫),K1,高铁公交客运中心,皇甫,2025-01-20 16:53:00,2025-01-20 17:50:42,21964.0,22.83951473136915,57.7,"(115.14304445029791, 35.76764522240244)","(114.92173800454383, 35.779819783699104)",河南省,濮阳市,318,9,13073,large,0.3039999999999998,18,20.15013291091854
900000198344,K1路(皇甫--高铁公交客运中心),K1,皇甫,高铁公交客运中心,2025-01-20 17:05:00,2025-01-20 18:12:40,22007.0,19.5135960591133,67.66666666666667,"(114.92168207146369, 35.780020773981924)","(115.14304445029791, 35.76764522240244)",河南省,濮阳市,315,9,15889,large,-0.3039999999999999,18,19.064121559310344
900000198345,K1路(高铁公交客运中心--皇甫),K1,高铁公交客运中心,皇甫,2025-01-20 17:07:00,2025-01-20 18:13:09,21964.0,19.921995464852607,66.15,"(115.14304445029791, 35.76764522240244)","(114.92173800454383, 35.779819783699104)",河南省,濮阳市,325,8,13073,large,0.3039999999999998,18,19.701570158730153
900000198344,K1路(皇甫--高铁公交客运中心),K1,皇甫,高铁公交客运中心,2025-01-20 17:19:00,2025-01-20 18:26:40,22007.0,19.5135960591133,67.66666666666667,"(114.92168207146369, 35.780020773981924)","(115.14304445029791, 35.76764522240244)",河南省,濮阳市,319,9,15889,large,-0.3039999999999999,18,19.064121559310344
900000198345,K1路(高铁公交客运中心--皇甫),K1,高铁公交客运中心,皇甫,2025-01-20 17:20:00,2025-01-20 18:26:09,21964.0,19.921995464852607,66.15,"(115.14304445029791, 35.76764522240244)","(114.92173800454383, 35.779819783699104)",河南省,濮阳市,322,9,13073,large,0.3039999999999998,18,19.701570158730153
900000198344,K1路(皇甫--高铁公交客运中心),K1,皇甫,高铁公交客运中心,2025-01-20 17:32:00,2025-01-20 18:39:40,22007.0,19.5135960591133,67.66666666666667,"(114.92168207146369, 35.780020773981924)","(115.14304445029791, 35.76764522240244)",河南省,濮阳市,326,7,15889,large,-0.3039999999999999,18,19.064121559310344
900000198345,K1路(高铁公交客运中心--皇甫),K1,高铁公交客运中心,皇甫,2025-01-20 17:34:00,2025-01-20 18:40:09,21964.0,19.921995464852607,66.15,"(115.14304445029791, 35.76764522240244)","(114.92173800454383, 35.779819783699104)",河南省,濮阳市,323,9,13073,large,0.3039999999999998,18,19.701570158730153
900000198344,K1路(皇甫--高铁公交客运中心),K1,皇甫,高铁公交客运中心,2025-01-20 17:46:00,2025-01-20 18:53:40,22007.0,19.5135960591133,67.66666666666667,"(114.92168207146369, 35.780020773981924)","(115.14304445029791, 35.76764522240244)",河南省,濮阳市,316,10,15889,large,-0.3039999999999999,18,19.064121559310344
900000198345,K1路(高铁公交客运中心--皇甫),K1,高铁公交客运中心,皇甫,2025-01-20 17:49:00,2025-01-20 18:55:09,21964.0,19.921995464852607,66.15,"(115.14304445029791, 35.76764522240244)","(114.92173800454383, 35.779819783699104)",河南省,濮阳市,327,3,13073,large,0.3039999999999998,18,19.701570158730153
900000198344,K1路(皇甫--高铁公交客运中心),K1,皇甫,高铁公交客运中心,2025-01-20 18:00:00,2025-01-20 19:07:40,22007.0,19.5135960591133,67.66666666666667,"(114.92168207146369, 35.780020773981924)","(115.14304445029791, 35.76764522240244)",河南省,濮阳市,318,10,15889,large,-0.3039999999999999,18,19.064121559310344
900000198345,K1路(高铁公交客运中心--皇甫),K1,高铁公交客运中心,皇甫,2025-01-20 18:03:00,2025-01-20 19:09:09,21964.0,19.921995464852607,66.15,"(115.14304445029791, 35.76764522240244)","(114.92173800454383, 35.779819783699104)",河南省,濮阳市,314,10,13073,large,0.3039999999999998,18,19.701570158730153
900000198344,K1路(皇甫--高铁公交客运中心),K1,皇甫,高铁公交客运中心,2025-01-20 18:14:00,2025-01-20 19:21:40,22007.0,19.5135960591133,67.66666666666667,"(114.92168207146369, 35.780020773981924)","(115.14304445029791, 35.76764522240244)",河南省,濮阳市,328,1,15889,large,-0.3039999999999999,18,19.064121559310344
900000198345,K1路(高铁公交客运中心--皇甫),K1,高铁公交客运中心,皇甫,2025-01-20 18:17:00,2025-01-20 19:23:09,21964.0,19.921995464852607,66.15,"(115.14304445029791, 35.76764522240244)","(114.92173800454383, 35.779819783699104)",河南省,濮阳市,329,1,13073,large,0.3039999999999998,18,19.701570158730153
900000198344,K1路(皇甫--高铁公交客运中心),K1,皇甫,高铁公交客运中心,2025-01-20 18:29:00,2025-01-20 19:36:40,22007.0,19.5135960591133,67.66666666666667,"(114.92168207146369, 35.780020773981924)","(115.14304445029791, 35.76764522240244)",河南省,濮阳市,325,9,15889,large,-0.3039999999999999,18,19.064121559310344
900000198345,K1路(高铁公交客运中心--皇甫),K1,高铁公交客运中心,皇甫,2025-01-20 18:31:00,2025-01-20 19:37:09,21964.0,19.921995464852607,66.15,"(115.14304445029791, 35.76764522240244)","(114.92173800454383, 35.779819783699104)",河南省,濮阳市,315,10,13073,large,0.3039999999999998,18,19.701570158730153
900000198344,K1路(皇甫--高铁公交客运中心),K1,皇甫,高铁公交客运中心,2025-01-20 18:45:00,2025-01-20 19:52:40,22007.0,19.5135960591133,67.66666666666667,"(114.92168207146369, 35.780020773981924)","(115.14304445029791, 35.76764522240244)",河南省,濮阳市,322,10,15889,large,-0.3039999999999999,18,19.064121559310344
900000198345,K1路(高铁公交客运中心--皇甫),K1,高铁公交客运中心,皇甫,2025-01-20 18:45:00,2025-01-20 19:51:09,21964.0,19.921995464852607,66.15,"(115.14304445029791, 35.76764522240244)","(114.92173800454383, 35.779819783699104)",河南省,濮阳市,326,8,13073,large,0.3039999999999998,18,19.701570158730153
900000198345,K1路(高铁公交客运中心--皇甫),K1,高铁公交客运中心,皇甫,2025-01-20 18:59:00,2025-01-20 20:05:09,21964.0,19.921995464852607,66.15,"(115.14304445029791, 35.76764522240244)","(114.92173800454383, 35.779819783699104)",河南省,濮阳市,316,11,13073,large,0.3039999999999998,18,19.701570158730153
900000198344,K1路(皇甫--高铁公交客运中心),K1,皇甫,高铁公交客运中心,2025-01-20 19:00:00,2025-01-20 20:07:03,22007.0,19.693064876957497,67.05,"(114.92168207146369, 35.780020773981924)","(115.14304445029791, 35.76764522240244)",河南省,濮阳市,323,10,15889,large,-0.3039999999999999,18,19.091768551230427
900000209909,高铁快巴(图书馆--高铁公交客运中心),高铁快巴,图书馆,高铁公交客运中心,2025-01-20 09:45:00,2025-01-20 10:11:29,17906.0,40.56740088105727,26.4872,"(114.98629310133188, 35.80926225601412)","(115.14304645406683, 35.76764522575136)",河南省,濮阳市,330,1,15889,large,-0.11400000000000002,5,17.049151961233473
900000209909,高铁快巴(图书馆--高铁公交客运中心),高铁快巴,图书馆,高铁公交客运中心,2025-01-20 12:45:00,2025-01-20 13:11:29,17906.0,40.56740088105727,26.4872,"(114.98629310133188, 35.80926225601412)","(115.14304645406683, 35.76764522575136)",河南省,濮阳市,330,2,15889,large,-0.11400000000000002,5,17.049151961233473
900000209909,高铁快巴(图书馆--高铁公交客运中心),高铁快巴,图书馆,高铁公交客运中心,2025-01-20 13:45:00,2025-01-20 14:11:29,17906.0,40.56740088105727,26.4872,"(114.98629310133188, 35.80926225601412)","(115.14304645406683, 35.76764522575136)",河南省,濮阳市,330,3,15889,large,-0.11400000000000002,5,17.049151961233473
900000209909,高铁快巴(图书馆--高铁公交客运中心),高铁快巴,图书馆,高铁公交客运中心,2025-01-20 15:45:00,2025-01-20 16:11:29,17906.0,40.56740088105727,26.4872,"(114.98629310133188, 35.80926225601412)","(115.14304645406683, 35.76764522575136)",河南省,濮阳市,330,4,15889,large,-0.11400000000000002,5,17.049151961233473
900000209909,高铁快巴(图书馆--高铁公交客运中心),高铁快巴,图书馆,高铁公交客运中心,2025-01-20 16:45:00,2025-01-20 17:11:29,17906.0,40.56740088105727,26.4872,"(114.98629310133188, 35.80926225601412)","(115.14304645406683, 35.76764522575136)",河南省,濮阳市,330,5,15889,large,-0.11400000000000002,5,17.049151961233473
900000209909,高铁快巴(图书馆--高铁公交客运中心),高铁快巴,图书馆,高铁公交客运中心,2025-01-20 17:45:00,2025-01-20 18:11:29,17906.0,40.56740088105727,26.4872,"(114.98629310133188, 35.80926225601412)","(115.14304645406683, 35.76764522575136)",河南省,濮阳市,330,6,15889,large,-0.11400000000000002,5,17.049151961233473
