route_id,route_name,name2crawl,s_stop,e_stop,s_time,e_time,distance,avg_velocity,duration,orientation_coords,destination_coords,province,city,v_name,trip,destination,vehicle_type,grade_energy,stop_num,base_energy
410900010143,1路(高铁公交客运中心--胡乜),1,高铁公交客运中心,胡乜,2025-01-20 06:30:00,2025-01-20 07:34:14,20335.0,18.99481058640374,64.23333333333332,"(115.14304445029791, 35.76764522240244)","(114.99315158176897, 35.758773790227096)",河南省,濮阳市,2,1,5335,large,0.1519999999999999,36,20.453814312921644
410900010144,1路(胡乜--高铁公交客运中心),1,胡乜,高铁公交客运中心,2025-01-20 07:23:00,2025-01-20 08:34:54,20559.0,17.15632823365786,71.9,"(114.99302532155141, 35.75647107381662)","(115.14304645406683, 35.76764522575136)",河南省,濮阳市,9,1,15889,large,-0.1899999999999999,38,20.276107865090403
410900010144,1路(胡乜--高铁公交客运中心),1,胡乜,高铁公交客运中心,2025-01-20 07:47:00,2025-01-20 08:58:54,20559.0,17.15632823365786,71.9,"(114.99302532155141, 35.75647107381662)","(115.14304645406683, 35.76764522575136)",河南省,濮阳市,2,2,15889,large,-0.1899999999999999,38,20.276107865090403
410900010143,1路(高铁公交客运中心--胡乜),1,高铁公交客运中心,胡乜,2025-01-20 08:51:00,2025-01-20 10:06:26,20335.0,16.174547061422892,75.43333333333334,"(115.14304445029791, 35.76764522240244)","(114.99315158176897, 35.758773790227096)",河南省,濮阳市,9,2,5335,large,0.1519999999999999,36,20.052363901458243
410900010144,1路(胡乜--高铁公交客运中心),1,胡乜,高铁公交客运中心,2025-01-20 06:44:00,2025-01-20 10:48:33,61453.0,17.348713927227102,212.53333333333336,"(114.99302532155141, 35.75647107381662)","(115.14304645406683, 35.76764522575136)",河南省,濮阳市,3,1,15889,large,-0.1899999999999999,38,60.84589874259609
410900010144,1路(胡乜--高铁公交客运中心),1,胡乜,高铁公交客运中心,2025-01-20 06:45:00,2025-01-20 11:48:33,81788.0,18.24832971800434,268.9166666666667,"(115.14304445029791, 35.76764522240244)","(115.14304645406683, 35.76764522575136)",河南省,濮阳市,4,1,15889,large,-0.1899999999999999,38,81.5805039115026
410900010143,1路(高铁公交客运中心--胡乜),1,高铁公交客运中心,胡乜,2025-01-20 06:30:00,2025-01-20 11:54:14,81788.0,17.73074792243767,276.7666666666667,"(114.99302532155141, 35.75647107381662)","(114.99315158176897, 35.758773790227096)",河南省,濮阳市,1,1,5335,large,0.1519999999999999,36,81.29971305551773
410900010144,1路(胡乜--高铁公交客运中心),1,胡乜,高铁公交客运中心,2025-01-20 06:59:00,2025-01-20 12:02:33,81788.0,18.24832971800433,268.91666666666674,"(115.14304445029791, 35.76764522240244)","(115.14304645406683, 35.76764522575136)",河南省,濮阳市,6,1,15889,large,-0.1899999999999999,38,81.5805039115026
410900010143,1路(高铁公交客运中心--胡乜),1,高铁公交客运中心,胡乜,2025-01-20 11:06:00,2025-01-20 12:10:14,20335.0,18.994810586403737,64.23333333333333,"(115.14304445029791, 35.76764522240244)","(114.99315158176897, 35.758773790227096)",河南省,濮阳市,3,2,5335,large,0.1519999999999999,36,20.45381431292164
410900010143,1路(高铁公交客运中心--胡乜),1,高铁公交客运中心,胡乜,2025-01-20 06:58:00,2025-01-20 12:26:14,81788.0,17.730747922437665,276.76666666666677,"(114.99302532155141, 35.75647107381662)","(114.99315158176897, 35.758773790227096)",河南省,濮阳市,5,1,5335,large,0.1519999999999999,36,81.29971305551771
410900010144,1路(胡乜--高铁公交客运中心),1,胡乜,高铁公交客运中心,2025-01-20 07:14:00,2025-01-20 12:32:33,81788.0,17.518700541441067,280.1166666666667,"(115.14304445029791, 35.76764522240244)","(115.14304645406683, 35.76764522575136)",河南省,濮阳市,8,1,15889,large,-0.1899999999999999,38,81.1790535000392
410900010143,1路(高铁公交客运中心--胡乜),1,高铁公交客运中心,胡乜,2025-01-20 07:12:00,2025-01-20 12:40:14,81788.0,17.518700541441067,280.1166666666667,"(114.99302532155141, 35.75647107381662)","(114.99315158176897, 35.758773790227096)",河南省,濮阳市,7,1,5335,large,0.1519999999999999,36,81.1790535000392
410900010144,1路(胡乜--高铁公交客运中心),1,胡乜,高铁公交客运中心,2025-01-20 07:27:00,2025-01-20 12:44:33,81788.0,17.518700541441067,280.1166666666667,"(115.14304445029791, 35.76764522240244)","(115.14304645406683, 35.76764522575136)",河南省,濮阳市,10,1,15889,large,-0.1899999999999999,38,81.1790535000392
410900010143,1路(高铁公交客运中心--胡乜),1,高铁公交客运中心,胡乜,2025-01-20 07:36:00,2025-01-20 12:52:14,81788.0,18.24832971800433,268.91666666666674,"(114.99302532155141, 35.75647107381662)","(114.99315158176897, 35.758773790227096)",河南省,濮阳市,11,1,5335,large,0.1519999999999999,36,81.5805039115026
410900010144,1路(胡乜--高铁公交客运中心),1,胡乜,高铁公交客运中心,2025-01-20 07:39:00,2025-01-20 12:56:33,81788.0,17.730747922437665,276.76666666666677,"(115.14304445029791, 35.76764522240244)","(115.14304645406683, 35.76764522575136)",河南省,濮阳市,12,1,15889,large,-0.1899999999999999,38,81.29971305551771
410900010144,1路(胡乜--高铁公交客运中心),1,胡乜,高铁公交客运中心,2025-01-20 12:00:00,2025-01-20 13:08:33,20559.0,17.994748358862143,68.55,"(114.99302532155141, 35.75647107381662)","(115.14304645406683, 35.76764522575136)",河南省,濮阳市,1,2,15889,large,-0.1899999999999999,38,20.396767420568924
410900010143,1路(高铁公交客运中心--胡乜),1,高铁公交客运中心,胡乜,2025-01-20 12:01:00,2025-01-20 13:05:14,20335.0,18.994810586403737,64.23333333333333,"(115.14304445029791, 35.76764522240244)","(114.99315158176897, 35.758773790227096)",河南省,濮阳市,4,2,5335,large,0.1519999999999999,36,20.45381431292164
410900010143,1路(高铁公交客运中心--胡乜),1,高铁公交客运中心,胡乜,2025-01-20 12:16:00,2025-01-20 13:20:14,20335.0,18.994810586403737,64.23333333333333,"(115.14304445029791, 35.76764522240244)","(114.99315158176897, 35.758773790227096)",河南省,濮阳市,6,2,5335,large,0.1519999999999999,36,20.45381431292164
410900010143,1路(高铁公交客运中心--胡乜),1,高铁公交客运中心,胡乜,2025-01-20 08:28:00,2025-01-20 13:34:14,81788.0,18.24832971800433,268.91666666666674,"(114.99302532155141, 35.75647107381662)","(114.99315158176897, 35.758773790227096)",河南省,濮阳市,13,1,5335,large,0.1519999999999999,36,81.5805039115026
410900010144,1路(胡乜--高铁公交客运中心),1,胡乜,高铁公交客运中心,2025-01-20 12:38:00,2025-01-20 13:46:33,20559.0,17.994748358862143,68.55,"(114.99302532155141, 35.75647107381662)","(115.14304645406683, 35.76764522575136)",河南省,濮阳市,5,2,15889,large,-0.1899999999999999,38,20.396767420568924
410900010143,1路(高铁公交客运中心--胡乜),1,高铁公交客运中心,胡乜,2025-01-20 12:44:00,2025-01-20 13:48:14,20335.0,18.994810586403737,64.23333333333333,"(115.14304445029791, 35.76764522240244)","(114.99315158176897, 35.758773790227096)",河南省,濮阳市,8,2,5335,large,0.1519999999999999,36,20.45381431292164
410900010144,1路(胡乜--高铁公交客运中心),1,胡乜,高铁公交客运中心,2025-01-20 12:54:00,2025-01-20 14:02:33,20559.0,17.994748358862143,68.55,"(114.99302532155141, 35.75647107381662)","(115.14304645406683, 35.76764522575136)",河南省,濮阳市,7,2,15889,large,-0.1899999999999999,38,20.396767420568924
410900010143,1路(高铁公交客运中心--胡乜),1,高铁公交客运中心,胡乜,2025-01-20 12:59:00,2025-01-20 14:03:14,20335.0,18.994810586403737,64.23333333333333,"(115.14304445029791, 35.76764522240244)","(114.99315158176897, 35.758773790227096)",河南省,濮阳市,10,2,5335,large,0.1519999999999999,36,20.45381431292164
410900010144,1路(胡乜--高铁公交客运中心),1,胡乜,高铁公交客运中心,2025-01-20 13:12:00,2025-01-20 14:20:33,20559.0,17.994748358862143,68.55,"(114.99302532155141, 35.75647107381662)","(115.14304645406683, 35.76764522575136)",河南省,濮阳市,11,2,15889,large,-0.1899999999999999,38,20.396767420568924
410900010143,1路(高铁公交客运中心--胡乜),1,高铁公交客运中心,胡乜,2025-01-20 13:16:00,2025-01-20 14:20:14,20335.0,18.994810586403737,64.23333333333333,"(115.14304445029791, 35.76764522240244)","(114.99315158176897, 35.758773790227096)",河南省,濮阳市,12,2,5335,large,0.1519999999999999,36,20.45381431292164
410900010144,1路(胡乜--高铁公交客运中心),1,胡乜,高铁公交客运中心,2025-01-20 13:27:00,2025-01-20 14:35:33,20559.0,17.994748358862143,68.55,"(114.99302532155141, 35.75647107381662)","(115.14304645406683, 35.76764522575136)",河南省,濮阳市,6,3,15889,large,-0.1899999999999999,38,20.396767420568924
410900010144,1路(胡乜--高铁公交客运中心),1,胡乜,高铁公交客运中心,2025-01-20 13:43:00,2025-01-20 14:51:33,20559.0,17.994748358862143,68.55,"(114.99302532155141, 35.75647107381662)","(115.14304645406683, 35.76764522575136)",河南省,濮阳市,13,2,15889,large,-0.1899999999999999,38,20.396767420568924
410900010144,1路(胡乜--高铁公交客运中心),1,胡乜,高铁公交客运中心,2025-01-20 13:57:00,2025-01-20 15:05:33,20559.0,17.994748358862143,68.55,"(114.99302532155141, 35.75647107381662)","(115.14304645406683, 35.76764522575136)",河南省,濮阳市,8,3,15889,large,-0.1899999999999999,38,20.396767420568924
410900010143,1路(高铁公交客运中心--胡乜),1,高铁公交客运中心,胡乜,2025-01-20 14:03:00,2025-01-20 15:07:14,20335.0,18.994810586403737,64.23333333333333,"(115.14304445029791, 35.76764522240244)","(114.99315158176897, 35.758773790227096)",河南省,濮阳市,5,3,5335,large,0.1519999999999999,36,20.45381431292164
410900010144,1路(胡乜--高铁公交客运中心),1,胡乜,高铁公交客运中心,2025-01-20 14:10:00,2025-01-20 15:18:33,20559.0,17.994748358862143,68.55,"(114.99302532155141, 35.75647107381662)","(115.14304645406683, 35.76764522575136)",河南省,濮阳市,10,3,15889,large,-0.1899999999999999,38,20.396767420568924
410900010143,1路(高铁公交客运中心--胡乜),1,高铁公交客运中心,胡乜,2025-01-20 14:18:00,2025-01-20 15:22:14,20335.0,18.994810586403737,64.23333333333333,"(115.14304445029791, 35.76764522240244)","(114.99315158176897, 35.758773790227096)",河南省,濮阳市,7,3,5335,large,0.1519999999999999,36,20.45381431292164
410900010143,1路(高铁公交客运中心--胡乜),1,高铁公交客运中心,胡乜,2025-01-20 14:34:00,2025-01-20 15:38:14,20335.0,18.994810586403737,64.23333333333333,"(115.14304445029791, 35.76764522240244)","(114.99315158176897, 35.758773790227096)",河南省,濮阳市,11,3,5335,large,0.1519999999999999,36,20.45381431292164
410900010144,1路(胡乜--高铁公交客运中心),1,胡乜,高铁公交客运中心,2025-01-20 14:36:00,2025-01-20 15:44:33,20559.0,17.994748358862143,68.55,"(114.99302532155141, 35.75647107381662)","(115.14304645406683, 35.76764522575136)",河南省,濮阳市,12,3,15889,large,-0.1899999999999999,38,20.396767420568924
410900010143,1路(高铁公交客运中心--胡乜),1,高铁公交客运中心,胡乜,2025-01-20 14:50:00,2025-01-20 15:54:14,20335.0,18.994810586403737,64.23333333333333,"(115.14304445029791, 35.76764522240244)","(114.99315158176897, 35.758773790227096)",河南省,濮阳市,6,4,5335,large,0.1519999999999999,36,20.45381431292164
410900010143,1路(高铁公交客运中心--胡乜),1,高铁公交客运中心,胡乜,2025-01-20 15:06:00,2025-01-20 16:10:14,20335.0,18.994810586403737,64.23333333333333,"(115.14304445029791, 35.76764522240244)","(114.99315158176897, 35.758773790227096)",河南省,濮阳市,13,3,5335,large,0.1519999999999999,36,20.45381431292164
410900010143,1路(高铁公交客运中心--胡乜),1,高铁公交客运中心,胡乜,2025-01-20 15:23:00,2025-01-20 16:27:14,20335.0,18.994810586403737,64.23333333333333,"(115.14304445029791, 35.76764522240244)","(114.99315158176897, 35.758773790227096)",河南省,濮阳市,8,4,5335,large,0.1519999999999999,36,20.45381431292164
410900010144,1路(胡乜--高铁公交客运中心),1,胡乜,高铁公交客运中心,2025-01-20 15:35:00,2025-01-20 16:43:33,20559.0,17.994748358862143,68.55,"(114.99302532155141, 35.75647107381662)","(115.14304645406683, 35.76764522575136)",河南省,濮阳市,7,4,15889,large,-0.1899999999999999,38,20.396767420568924
410900010143,1路(高铁公交客运中心--胡乜),1,高铁公交客运中心,胡乜,2025-01-20 15:54:00,2025-01-20 16:58:14,20335.0,18.994810586403737,64.23333333333333,"(115.14304445029791, 35.76764522240244)","(114.99315158176897, 35.758773790227096)",河南省,濮阳市,12,4,5335,large,0.1519999999999999,36,20.45381431292164
410900010144,1路(胡乜--高铁公交客运中心),1,胡乜,高铁公交客运中心,2025-01-20 15:55:00,2025-01-20 17:03:33,20559.0,17.994748358862143,68.55,"(114.99302532155141, 35.75647107381662)","(115.14304645406683, 35.76764522575136)",河南省,濮阳市,11,4,15889,large,-0.1899999999999999,38,20.396767420568924
410900010143,1路(高铁公交客运中心--胡乜),1,高铁公交客运中心,胡乜,2025-01-20 12:14:00,2025-01-20 17:14:14,81788.0,18.47852391113342,265.5666666666667,"(114.99302532155141, 35.75647107381662)","(114.99315158176897, 35.758773790227096)",河南省,濮阳市,14,1,5335,large,0.1519999999999999,36,81.70116346698113
410900010144,1路(胡乜--高铁公交客运中心),1,胡乜,高铁公交客运中心,2025-01-20 16:16:00,2025-01-20 17:24:33,20559.0,17.994748358862143,68.55,"(114.99302532155141, 35.75647107381662)","(115.14304645406683, 35.76764522575136)",河南省,濮阳市,13,4,15889,large,-0.1899999999999999,38,20.396767420568924
410900010144,1路(胡乜--高铁公交客运中心),1,胡乜,高铁公交客运中心,2025-01-20 16:37:00,2025-01-20 17:45:33,20559.0,17.994748358862143,68.55,"(114.99302532155141, 35.75647107381662)","(115.14304645406683, 35.76764522575136)",河南省,濮阳市,8,5,15889,large,-0.1899999999999999,38,20.396767420568924
410900010143,1路(高铁公交客运中心--胡乜),1,高铁公交客运中心,胡乜,2025-01-20 13:46:00,2025-01-20 17:47:14,61229.0,18.64684882835632,197.01666666666662,"(115.14304445029791, 35.76764522240244)","(114.99315158176897, 35.758773790227096)",河南省,濮阳市,15,1,5335,large,0.1519999999999999,36,61.3043960464122
410900010144,1路(胡乜--高铁公交客运中心),1,胡乜,高铁公交客运中心,2025-01-20 14:21:00,2025-01-20 18:02:33,61453.0,18.313807947019868,201.33333333333331,"(114.99302532155141, 35.75647107381662)","(115.14304645406683, 35.76764522575136)",河南省,濮阳市,16,1,15889,large,-0.1899999999999999,38,61.2473491540595
410900010143,1路(高铁公交客运中心--胡乜),1,高铁公交客运中心,胡乜,2025-01-20 17:02:00,2025-01-20 18:17:26,20335.0,16.174547061422892,75.43333333333334,"(115.14304445029791, 35.76764522240244)","(114.99315158176897, 35.758773790227096)",河南省,濮阳市,7,5,5335,large,0.1519999999999999,36,20.052363901458243
410900010144,1路(胡乜--高铁公交客运中心),1,胡乜,高铁公交客运中心,2025-01-20 17:12:00,2025-01-20 18:23:54,20559.0,17.15632823365786,71.9,"(114.99302532155141, 35.75647107381662)","(115.14304645406683, 35.76764522575136)",河南省,濮阳市,12,5,15889,large,-0.1899999999999999,38,20.276107865090403
410900010143,1路(高铁公交客运中心--胡乜),1,高铁公交客运中心,胡乜,2025-01-20 17:22:00,2025-01-20 18:37:26,20335.0,16.174547061422892,75.43333333333334,"(115.14304445029791, 35.76764522240244)","(114.99315158176897, 35.758773790227096)",河南省,濮阳市,11,5,5335,large,0.1519999999999999,36,20.052363901458243
410900010144,1路(胡乜--高铁公交客运中心),1,胡乜,高铁公交客运中心,2025-01-20 17:31:00,2025-01-20 18:42:54,20559.0,17.15632823365786,71.9,"(114.99302532155141, 35.75647107381662)","(115.14304645406683, 35.76764522575136)",河南省,濮阳市,14,2,15889,large,-0.1899999999999999,38,20.276107865090403
410900010143,1路(高铁公交客运中心--胡乜),1,高铁公交客运中心,胡乜,2025-01-20 17:40:00,2025-01-20 18:55:26,20335.0,16.174547061422892,75.43333333333334,"(115.14304445029791, 35.76764522240244)","(114.99315158176897, 35.758773790227096)",河南省,濮阳市,13,5,5335,large,0.1519999999999999,36,20.052363901458243
410900010144,1路(胡乜--高铁公交客运中心),1,胡乜,高铁公交客运中心,2025-01-20 16:26:00,2025-01-20 18:59:54,40894.0,18.023800195886388,136.13333333333333,"(115.14304445029791, 35.76764522240244)","(115.14304645406683, 35.76764522575136)",河南省,濮阳市,17,1,15889,large,-0.1899999999999999,38,40.729922178012046
410900010143,1路(高铁公交客运中心--胡乜),1,高铁公交客运中心,胡乜,2025-01-20 17:59:00,2025-01-20 19:14:26,20335.0,16.174547061422892,75.43333333333334,"(115.14304445029791, 35.76764522240244)","(114.99315158176897, 35.758773790227096)",河南省,濮阳市,8,6,5335,large,0.1519999999999999,36,20.052363901458243
410900010144,1路(胡乜--高铁公交客运中心),1,胡乜,高铁公交客运中心,2025-01-20 18:06:00,2025-01-20 19:17:54,20559.0,17.15632823365786,71.9,"(114.99302532155141, 35.75647107381662)","(115.14304645406683, 35.76764522575136)",河南省,濮阳市,15,2,15889,large,-0.1899999999999999,38,20.276107865090403
410900010143,1路(高铁公交客运中心--胡乜),1,高铁公交客运中心,胡乜,2025-01-20 18:12:00,2025-01-20 19:27:26,20335.0,16.174547061422892,75.43333333333334,"(115.14304445029791, 35.76764522240244)","(114.99315158176897, 35.758773790227096)",河南省,濮阳市,16,2,5335,large,0.1519999999999999,36,20.052363901458243
410900010143,1路(高铁公交客运中心--胡乜),1,高铁公交客运中心,胡乜,2025-01-20 18:29:00,2025-01-20 19:44:26,20335.0,16.174547061422892,75.43333333333334,"(115.14304445029791, 35.76764522240244)","(114.99315158176897, 35.758773790227096)",河南省,濮阳市,12,6,5335,large,0.1519999999999999,36,20.052363901458243
410900010144,1路(胡乜--高铁公交客运中心),1,胡乜,高铁公交客运中心,2025-01-20 18:31:00,2025-01-20 19:42:54,20559.0,17.15632823365786,71.9,"(114.99302532155141, 35.75647107381662)","(115.14304645406683, 35.76764522575136)",河南省,濮阳市,7,6,15889,large,-0.1899999999999999,38,20.276107865090403
410900010143,1路(高铁公交客运中心--胡乜),1,高铁公交客运中心,胡乜,2025-01-20 18:44:00,2025-01-20 19:59:26,20335.0,16.174547061422892,75.43333333333334,"(115.14304445029791, 35.76764522240244)","(114.99315158176897, 35.758773790227096)",河南省,濮阳市,18,1,5335,large,0.1519999999999999,36,20.052363901458243
410900010143,1路(高铁公交客运中心--胡乜),1,高铁公交客运中心,胡乜,2025-01-20 18:59:00,2025-01-20 20:14:26,20335.0,16.174547061422892,75.43333333333334,"(115.14304445029791, 35.76764522240244)","(114.99315158176897, 35.758773790227096)",河南省,濮阳市,14,3,5335,large,0.1519999999999999,36,20.052363901458243
410900010144,1路(胡乜--高铁公交客运中心),1,胡乜,高铁公交客运中心,2025-01-20 19:00:00,2025-01-20 20:08:33,20559.0,17.994748358862143,68.55,"(114.99302532155141, 35.75647107381662)","(115.14304645406683, 35.76764522575136)",河南省,濮阳市,11,6,15889,large,-0.1899999999999999,38,20.396767420568924
410900010144,1路(胡乜--高铁公交客运中心),1,胡乜,高铁公交客运中心,2025-01-20 19:19:00,2025-01-20 20:27:33,20559.0,17.994748358862143,68.55,"(114.99302532155141, 35.75647107381662)","(115.14304645406683, 35.76764522575136)",河南省,濮阳市,13,6,15889,large,-0.1899999999999999,38,20.396767420568924
410900010143,1路(高铁公交客运中心--胡乜),1,高铁公交客运中心,胡乜,2025-01-20 19:24:00,2025-01-20 20:28:14,20335.0,18.994810586403737,64.23333333333333,"(115.14304445029791, 35.76764522240244)","(114.99315158176897, 35.758773790227096)",河南省,濮阳市,17,2,5335,large,0.1519999999999999,36,20.45381431292164
900000132407,11路(濮阳石油化工职业技术学院--工人文化宫),11,濮阳石油化工职业技术学院,工人文化宫,2025-01-20 06:30:00,2025-01-20 07:27:33,21400.0,22.311033883579498,57.55,"(115.16441023073762, 35.77641245292205)","(115.02206835210401, 35.8075357368671)",河南省,濮阳市,19,1,15908,large,-0.076,39,21.9285128757602
900000132406,11路(工人文化宫--濮阳石油化工职业技术学院),11,工人文化宫,濮阳石油化工职业技术学院,2025-01-20 06:30:00,2025-01-20 07:34:43,21090.0,19.552922997682202,64.71666666666667,"(115.0216849376965, 35.805435506645026)","(115.16250817271008, 35.77633891686956)",河南省,濮阳市,20,1,16953,large,0.038,38,21.260890022147823
900000132406,11路(工人文化宫--濮阳石油化工职业技术学院),11,工人文化宫,濮阳石油化工职业技术学院,2025-01-20 07:46:00,2025-01-20 08:53:45,21090.0,18.67749077490775,67.75,"(115.0216849376965, 35.805435506645026)","(115.16250817271008, 35.77633891686956)",河南省,濮阳市,19,2,16953,large,0.038,38,21.13164996309963
900000132407,11路(濮阳石油化工职业技术学院--工人文化宫),11,濮阳石油化工职业技术学院,工人文化宫,2025-01-20 07:57:00,2025-01-20 08:58:51,21400.0,20.75990299110752,61.85,"(115.16441023073762, 35.77641245292205)","(115.02206835210401, 35.8075357368671)",河南省,濮阳市,20,2,15908,large,-0.076,39,21.6961534680679
900000132406,11路(工人文化宫--濮阳石油化工职业技术学院),11,工人文化宫,濮阳石油化工职业技术学院,2025-01-20 06:51:00,2025-01-20 09:26:45,42490.0,20.3463687150838,125.3,"(115.16441023073762, 35.77641245292205)","(115.16250817271008, 35.77633891686956)",河南省,濮阳市,22,1,16953,large,0.038,38,43.060162838859824
900000132407,11路(濮阳石油化工职业技术学院--工人文化宫),11,濮阳石油化工职业技术学院,工人文化宫,2025-01-20 07:31:00,2025-01-20 10:02:33,42490.0,20.346368715083802,125.29999999999998,"(115.0216849376965, 35.805435506645026)","(115.02206835210401, 35.8075357368671)",河南省,濮阳市,25,1,15908,large,-0.076,39,43.06016283885984
900000132407,11路(濮阳石油化工职业技术学院--工人文化宫),11,濮阳石油化工职业技术学院,工人文化宫,2025-01-20 09:51:00,2025-01-20 10:48:33,21400.0,22.31103388357949,57.55,"(115.16441023073762, 35.77641245292205)","(115.02206835210401, 35.8075357368671)",河南省,濮阳市,22,2,15908,large,-0.076,39,21.9285128757602
900000132406,11路(工人文化宫--濮阳石油化工职业技术学院),11,工人文化宫,濮阳石油化工职业技术学院,2025-01-20 10:28:00,2025-01-20 11:32:43,21090.0,19.5529229976822,64.71666666666667,"(115.0216849376965, 35.805435506645026)","(115.16250817271008, 35.77633891686956)",河南省,濮阳市,25,2,16953,large,0.038,38,21.260890022147823
900000132407,11路(濮阳石油化工职业技术学院--工人文化宫),11,濮阳石油化工职业技术学院,工人文化宫,2025-01-20 06:48:00,2025-01-20 12:05:33,84980.0,20.490823844608176,248.83333333333331,"(115.0216849376965, 35.805435506645026)","(115.02206835210401, 35.8075357368671)",河南省,濮阳市,21,1,15908,large,-0.076,39,86.14644638812374
900000132406,11路(工人文化宫--濮阳石油化工职业技术学院),11,工人文化宫,濮阳石油化工职业技术学院,2025-01-20 07:13:00,2025-01-20 12:26:43,84980.0,20.244044467972472,251.86666666666667,"(115.16441023073762, 35.77641245292205)","(115.16250817271008, 35.77633891686956)",河南省,濮阳市,24,1,16953,large,0.038,38,86.01720632907555
900000132407,11路(濮阳石油化工职业技术学院--工人文化宫),11,濮阳石油化工职业技术学院,工人文化宫,2025-01-20 07:10:00,2025-01-20 12:34:33,84980.0,20.24404446797247,251.86666666666673,"(115.0216849376965, 35.805435506645026)","(115.02206835210401, 35.8075357368671)",河南省,濮阳市,23,1,15908,large,-0.076,39,86.01720632907555
900000132406,11路(工人文化宫--濮阳石油化工职业技术学院),11,工人文化宫,濮阳石油化工职业技术学院,2025-01-20 07:35:00,2025-01-20 12:54:43,84980.0,20.49082384460817,248.83333333333337,"(115.16441023073762, 35.77641245292205)","(115.16250817271008, 35.77633891686956)",河南省,濮阳市,26,1,16953,large,0.038,38,86.14644638812376
900000132406,11路(工人文化宫--濮阳石油化工职业技术学院),11,工人文化宫,濮阳石油化工职业技术学院,2025-01-20 12:17:00,2025-01-20 13:21:43,21090.0,19.5529229976822,64.71666666666667,"(115.0216849376965, 35.805435506645026)","(115.16250817271008, 35.77633891686956)",河南省,濮阳市,21,2,16953,large,0.038,38,21.260890022147823
900000132407,11路(濮阳石油化工职业技术学院--工人文化宫),11,濮阳石油化工职业技术学院,工人文化宫,2025-01-20 12:32:00,2025-01-20 13:29:33,21400.0,22.31103388357949,57.55,"(115.16441023073762, 35.77641245292205)","(115.02206835210401, 35.8075357368671)",河南省,濮阳市,24,2,15908,large,-0.076,39,21.9285128757602
900000132406,11路(工人文化宫--濮阳石油化工职业技术学院),11,工人文化宫,濮阳石油化工职业技术学院,2025-01-20 12:47:00,2025-01-20 13:51:43,21090.0,19.5529229976822,64.71666666666667,"(115.0216849376965, 35.805435506645026)","(115.16250817271008, 35.77633891686956)",河南省,濮阳市,23,2,16953,large,0.038,38,21.260890022147823
900000132406,11路(工人文化宫--濮阳石油化工职业技术学院),11,工人文化宫,濮阳石油化工职业技术学院,2025-01-20 09:28:00,2025-01-20 14:19:43,84980.0,20.851145038167942,244.5333333333333,"(115.16441023073762, 35.77641245292205)","(115.16250817271008, 35.77633891686956)",河南省,濮阳市,27,1,16953,large,0.038,38,86.37880579581605
900000132407,11路(濮阳石油化工职业技术学院--工人文化宫),11,濮阳石油化工职业技术学院,工人文化宫,2025-01-20 13:24:00,2025-01-20 14:21:33,21400.0,22.31103388357949,57.55,"(115.16441023073762, 35.77641245292205)","(115.02206835210401, 35.8075357368671)",河南省,濮阳市,26,2,15908,large,-0.076,39,21.9285128757602
900000132406,11路(工人文化宫--濮阳石油化工职业技术学院),11,工人文化宫,濮阳石油化工职业技术学院,2025-01-20 13:44:00,2025-01-20 14:48:43,21090.0,19.5529229976822,64.71666666666667,"(115.0216849376965, 35.805435506645026)","(115.16250817271008, 35.77633891686956)",河南省,濮阳市,24,3,16953,large,0.038,38,21.260890022147823
900000132407,11路(濮阳石油化工职业技术学院--工人文化宫),11,濮阳石油化工职业技术学院,工人文化宫,2025-01-20 13:54:00,2025-01-20 14:51:33,21400.0,22.31103388357949,57.55,"(115.16441023073762, 35.77641245292205)","(115.02206835210401, 35.8075357368671)",河南省,濮阳市,21,3,15908,large,-0.076,39,21.9285128757602
900000132407,11路(濮阳石油化工职业技术学院--工人文化宫),11,濮阳石油化工职业技术学院,工人文化宫,2025-01-20 14:23:00,2025-01-20 15:20:33,21400.0,22.31103388357949,57.55,"(115.16441023073762, 35.77641245292205)","(115.02206835210401, 35.8075357368671)",河南省,濮阳市,23,3,15908,large,-0.076,39,21.9285128757602
900000132406,11路(工人文化宫--濮阳石油化工职业技术学院),11,工人文化宫,濮阳石油化工职业技术学院,2025-01-20 14:35:00,2025-01-20 15:39:43,21090.0,19.5529229976822,64.71666666666667,"(115.0216849376965, 35.805435506645026)","(115.16250817271008, 35.77633891686956)",河南省,濮阳市,26,3,16953,large,0.038,38,21.260890022147823
900000132407,11路(濮阳石油化工职业技术学院--工人文化宫),11,濮阳石油化工职业技术学院,工人文化宫,2025-01-20 14:54:00,2025-01-20 15:51:33,21400.0,22.31103388357949,57.55,"(115.16441023073762, 35.77641245292205)","(115.02206835210401, 35.8075357368671)",河南省,濮阳市,27,2,15908,large,-0.076,39,21.9285128757602
900000132406,11路(工人文化宫--濮阳石油化工职业技术学院),11,工人文化宫,濮阳石油化工职业技术学院,2025-01-20 15:01:00,2025-01-20 16:05:43,21090.0,19.5529229976822,64.71666666666667,"(115.0216849376965, 35.805435506645026)","(115.16250817271008, 35.77633891686956)",河南省,濮阳市,21,4,16953,large,0.038,38,21.260890022147823
900000132406,11路(工人文化宫--濮阳石油化工职业技术学院),11,工人文化宫,濮阳石油化工职业技术学院,2025-01-20 15:27:00,2025-01-20 16:31:43,21090.0,19.5529229976822,64.71666666666667,"(115.0216849376965, 35.805435506645026)","(115.16250817271008, 35.77633891686956)",河南省,濮阳市,23,4,16953,large,0.038,38,21.260890022147823
900000132407,11路(濮阳石油化工职业技术学院--工人文化宫),11,濮阳石油化工职业技术学院,工人文化宫,2025-01-20 16:11:00,2025-01-20 17:08:33,21400.0,22.31103388357949,57.55,"(115.16441023073762, 35.77641245292205)","(115.02206835210401, 35.8075357368671)",河南省,濮阳市,26,4,15908,large,-0.076,39,21.9285128757602
900000132406,11路(工人文化宫--濮阳石油化工职业技术学院),11,工人文化宫,濮阳石油化工职业技术学院,2025-01-20 12:57:00,2025-01-20 17:26:43,84980.0,20.851145038167942,244.53333333333333,"(115.16441023073762, 35.77641245292205)","(115.16250817271008, 35.77633891686956)",河南省,濮阳市,28,1,16953,large,0.038,38,86.37880579581605
900000132407,11路(濮阳石油化工职业技术学院--工人文化宫),11,濮阳石油化工职业技术学院,工人文化宫,2025-01-20 16:39:00,2025-01-20 17:36:33,21400.0,22.31103388357949,57.55,"(115.16441023073762, 35.77641245292205)","(115.02206835210401, 35.8075357368671)",河南省,濮阳市,23,5,15908,large,-0.076,39,21.9285128757602
900000132406,11路(工人文化宫--濮阳石油化工职业技术学院),11,工人文化宫,濮阳石油化工职业技术学院,2025-01-20 15:44:00,2025-01-20 17:51:43,42490.0,20.85114503816794,122.26666666666668,"(115.16441023073762, 35.77641245292205)","(115.16250817271008, 35.77633891686956)",河南省,濮阳市,29,1,16953,large,0.038,38,43.189402897908025
900000132407,11路(濮阳石油化工职业技术学院--工人文化宫),11,濮阳石油化工职业技术学院,工人文化宫,2025-01-20 15:54:00,2025-01-20 18:08:51,42490.0,20.14274427179352,126.56666666666666,"(115.0216849376965, 35.805435506645026)","(115.02206835210401, 35.8075357368671)",河南省,濮阳市,30,1,15908,large,-0.076,39,42.957043490215725
900000132406,11路(工人文化宫--濮阳石油化工职业技术学院),11,工人文化宫,濮阳石油化工职业技术学院,2025-01-20 17:15:00,2025-01-20 18:22:45,21090.0,18.67749077490775,67.75,"(115.0216849376965, 35.805435506645026)","(115.16250817271008, 35.77633891686956)",河南省,濮阳市,26,5,16953,large,0.038,38,21.13164996309963
900000132407,11路(濮阳石油化工职业技术学院--工人文化宫),11,濮阳石油化工职业技术学院,工人文化宫,2025-01-20 17:36:00,2025-01-20 18:37:51,21400.0,20.75990299110752,61.85,"(115.16441023073762, 35.77641245292205)","(115.02206835210401, 35.8075357368671)",河南省,濮阳市,28,2,15908,large,-0.076,39,21.6961534680679
900000132406,11路(工人文化宫--濮阳石油化工职业技术学院),11,工人文化宫,濮阳石油化工职业技术学院,2025-01-20 17:43:00,2025-01-20 18:50:45,21090.0,18.67749077490775,67.75,"(115.0216849376965, 35.805435506645026)","(115.16250817271008, 35.77633891686956)",河南省,濮阳市,23,6,16953,large,0.038,38,21.13164996309963
900000132407,11路(濮阳石油化工职业技术学院--工人文化宫),11,濮阳石油化工职业技术学院,工人文化宫,2025-01-20 18:03:00,2025-01-20 19:04:51,21400.0,20.75990299110752,61.85,"(115.16441023073762, 35.77641245292205)","(115.02206835210401, 35.8075357368671)",河南省,濮阳市,29,2,15908,large,-0.076,39,21.6961534680679
900000132406,11路(工人文化宫--濮阳石油化工职业技术学院),11,工人文化宫,濮阳石油化工职业技术学院,2025-01-20 18:06:00,2025-01-20 19:13:45,21090.0,18.67749077490775,67.75,"(115.0216849376965, 35.805435506645026)","(115.16250817271008, 35.77633891686956)",河南省,濮阳市,31,1,16953,large,0.038,38,21.13164996309963
900000132406,11路(工人文化宫--濮阳石油化工职业技术学院),11,工人文化宫,濮阳石油化工职业技术学院,2025-01-20 18:32:00,2025-01-20 19:39:45,21090.0,18.67749077490775,67.75,"(115.0216849376965, 35.805435506645026)","(115.16250817271008, 35.77633891686956)",河南省,濮阳市,30,2,16953,large,0.038,38,21.13164996309963
900000132407,11路(濮阳石油化工职业技术学院--工人文化宫),11,濮阳石油化工职业技术学院,工人文化宫,2025-01-20 18:32:00,2025-01-20 19:33:51,21400.0,20.75990299110752,61.85,"(115.16441023073762, 35.77641245292205)","(115.02206835210401, 35.8075357368671)",河南省,濮阳市,26,6,15908,large,-0.076,39,21.6961534680679
900000132406,11路(工人文化宫--濮阳石油化工职业技术学院),11,工人文化宫,濮阳石油化工职业技术学院,2025-01-20 18:58:00,2025-01-20 20:05:45,21090.0,18.67749077490775,67.75,"(115.0216849376965, 35.805435506645026)","(115.16250817271008, 35.77633891686956)",河南省,濮阳市,28,3,16953,large,0.038,38,21.13164996309963
900000132407,11路(濮阳石油化工职业技术学院--工人文化宫),11,濮阳石油化工职业技术学院,工人文化宫,2025-01-20 18:59:00,2025-01-20 20:00:51,21400.0,20.75990299110752,61.85,"(115.16441023073762, 35.77641245292205)","(115.02206835210401, 35.8075357368671)",河南省,濮阳市,23,7,15908,large,-0.076,39,21.6961534680679
410900010035,12路(高铁公交客运中心--温泉花园),12,高铁公交客运中心,温泉花园,2025-01-20 06:30:00,2025-01-20 07:30:00,16133.0,16.133000000000003,59.99999999999999,"(115.14304445029791, 35.76764522240244)","(115.00678331594008, 35.74969703423278)",河南省,濮阳市,33,1,4208,large,0.1520000000000001,32,16.375676223
410900010137,12路(温泉花园--高铁公交客运中心),12,温泉花园,高铁公交客运中心,2025-01-20 07:39:00,2025-01-20 08:41:23,16122.0,15.50606465402084,62.38333333333333,"(115.00646953328115, 35.74961400467195)","(115.14304645406683, 35.76764522575136)",河南省,濮阳市,33,2,15889,large,-0.152,33,16.120655020464866
410900010035,12路(高铁公交客运中心--温泉花园),12,高铁公交客运中心,温泉花园,2025-01-20 06:30:00,2025-01-20 08:47:22,32255.0,15.031456310679612,128.75,"(115.00646953328115, 35.74961400467195)","(115.00678331594008, 35.74969703423278)",河南省,濮阳市,32,1,4208,large,0.1520000000000001,32,32.321551774759186
410900010137,12路(温泉花园--高铁公交客运中心),12,温泉花园,高铁公交客运中心,2025-01-20 06:45:00,2025-01-20 08:53:23,32255.0,15.813427754323849,122.38333333333333,"(115.14304445029791, 35.76764522240244)","(115.14304645406683, 35.76764522575136)",河南省,濮阳市,35,1,15889,large,-0.152,33,32.496331243464866
410900010137,12路(温泉花园--高铁公交客运中心),12,温泉花园,高铁公交客运中心,2025-01-20 08:04:00,2025-01-20 09:06:23,16122.0,15.506064654020841,62.383333333333326,"(115.00646953328115, 35.74961400467195)","(115.14304645406683, 35.76764522575136)",河南省,濮阳市,42,1,15889,large,-0.152,33,16.120655020464866
410900010137,12路(温泉花园--高铁公交客运中心),12,温泉花园,高铁公交客运中心,2025-01-20 08:54:00,2025-01-20 09:56:23,16122.0,15.50606465402084,62.38333333333333,"(115.00646953328115, 35.74961400467195)","(115.14304645406683, 35.76764522575136)",河南省,濮阳市,32,2,15889,large,-0.152,33,16.120655020464866
410900010035,12路(高铁公交客运中心--温泉花园),12,高铁公交客运中心,温泉花园,2025-01-20 09:00:00,2025-01-20 10:00:00,16133.0,16.133,60.0,"(115.14304445029791, 35.76764522240244)","(115.00678331594008, 35.74969703423278)",河南省,濮阳市,35,2,4208,large,0.1520000000000001,32,16.375676223
410900010035,12路(高铁公交客运中心--温泉花园),12,高铁公交客运中心,温泉花园,2025-01-20 09:16:00,2025-01-20 10:16:00,16133.0,16.133,60.0,"(115.14304445029791, 35.76764522240244)","(115.00678331594008, 35.74969703423278)",河南省,濮阳市,42,2,4208,large,0.1520000000000001,32,16.375676223
410900010137,12路(温泉花园--高铁公交客运中心),12,温泉花园,高铁公交客运中心,2025-01-20 09:07:00,2025-01-20 11:27:23,32255.0,15.813427754323849,122.38333333333333,"(115.14304445029791, 35.76764522240244)","(115.14304645406683, 35.76764522575136)",河南省,濮阳市,44,1,15889,large,-0.152,33,32.496331243464866
410900010137,12路(温泉花园--高铁公交客运中心),12,温泉花园,高铁公交客运中心,2025-01-20 09:05:00,2025-01-20 12:29:23,48377.0,15.7096518130976,184.76666666666665,"(115.00646953328115, 35.74961400467195)","(115.14304645406683, 35.76764522575136)",河南省,濮阳市,43,1,15889,large,-0.152,33,48.61698626392973
410900010035,12路(高铁公交客运中心--温泉花园),12,高铁公交客运中心,温泉花园,2025-01-20 11:34:00,2025-01-20 12:34:00,16133.0,16.133,60.0,"(115.14304445029791, 35.76764522240244)","(115.00678331594008, 35.74969703423278)",河南省,濮阳市,44,2,4208,large,0.1520000000000001,32,16.375676223
410900010137,12路(温泉花园--高铁公交客运中心),12,温泉花园,高铁公交客运中心,2025-01-20 06:44:00,2025-01-20 12:54:23,80632.0,15.4311413534634,313.51666666666665,"(115.00646953328115, 35.74961400467195)","(115.14304645406683, 35.76764522575136)",河南省,濮阳市,34,1,15889,large,-0.152,33,80.93853803868892
410900010035,12路(高铁公交客运中心--温泉花园),12,高铁公交客运中心,温泉花园,2025-01-20 12:44:00,2025-01-20 13:44:00,16133.0,16.133,60.0,"(115.14304445029791, 35.76764522240244)","(115.00678331594008, 35.74969703423278)",河南省,濮阳市,43,2,4208,large,0.1520000000000001,32,16.375676223
410900010035,12路(高铁公交客运中心--温泉花园),12,高铁公交客运中心,温泉花园,2025-01-20 13:07:00,2025-01-20 14:07:00,16133.0,16.133,60.0,"(115.14304445029791, 35.76764522240244)","(115.00678331594008, 35.74969703423278)",河南省,濮阳市,34,2,4208,large,0.1520000000000001,32,16.375676223
410900010137,12路(温泉花园--高铁公交客运中心),12,温泉花园,高铁公交客运中心,2025-01-20 07:01:00,2025-01-20 14:14:23,96765.0,15.543884699477937,373.51666666666665,"(115.14304445029791, 35.76764522240244)","(115.14304645406683, 35.76764522575136)",河南省,濮阳市,37,1,15889,large,-0.152,33,97.31421426168892
410900010035,12路(高铁公交客运中心--温泉花园),12,高铁公交客运中心,温泉花园,2025-01-20 06:59:00,2025-01-20 14:24:00,96765.0,15.543884699477937,373.51666666666665,"(115.00646953328115, 35.74961400467195)","(115.00678331594008, 35.74969703423278)",河南省,濮阳市,36,1,4208,large,0.1520000000000001,32,97.31421426168892
410900010137,12路(温泉花园--高铁公交客运中心),12,温泉花园,高铁公交客运中心,2025-01-20 07:15:00,2025-01-20 14:32:23,96765.0,15.543884699477937,373.51666666666665,"(115.14304445029791, 35.76764522240244)","(115.14304645406683, 35.76764522575136)",河南省,濮阳市,39,1,15889,large,-0.152,33,97.31421426168892
410900010035,12路(高铁公交客运中心--温泉花园),12,高铁公交客运中心,温泉花园,2025-01-20 07:12:00,2025-01-20 14:41:00,96765.0,15.543884699477937,373.51666666666665,"(115.00646953328115, 35.74961400467195)","(115.00678331594008, 35.74969703423278)",河南省,濮阳市,38,1,4208,large,0.1520000000000001,32,97.31421426168892
410900010137,12路(温泉花园--高铁公交客运中心),12,温泉花园,高铁公交客运中心,2025-01-20 07:28:00,2025-01-20 14:48:23,96765.0,15.543884699477937,373.51666666666665,"(115.14304445029791, 35.76764522240244)","(115.14304645406683, 35.76764522575136)",河南省,濮阳市,41,1,15889,large,-0.152,33,97.31421426168892
410900010035,12路(高铁公交客运中心--温泉花园),12,高铁公交客运中心,温泉花园,2025-01-20 07:25:00,2025-01-20 14:58:00,96765.0,15.543884699477937,373.51666666666665,"(115.00646953328115, 35.74961400467195)","(115.00678331594008, 35.74969703423278)",河南省,濮阳市,40,1,4208,large,0.1520000000000001,32,97.31421426168892
410900010035,12路(高铁公交客运中心--温泉花园),12,高铁公交客运中心,温泉花园,2025-01-20 14:29:00,2025-01-20 15:29:00,16133.0,16.133,60.0,"(115.14304445029791, 35.76764522240244)","(115.00678331594008, 35.74969703423278)",河南省,濮阳市,37,2,4208,large,0.1520000000000001,32,16.375676223
410900010137,12路(温泉花园--高铁公交客运中心),12,温泉花园,高铁公交客运中心,2025-01-20 14:33:00,2025-01-20 15:35:23,16122.0,15.50606465402084,62.38333333333333,"(115.00646953328115, 35.74961400467195)","(115.14304645406683, 35.76764522575136)",河南省,濮阳市,36,2,15889,large,-0.152,33,16.120655020464866
410900010035,12路(高铁公交客运中心--温泉花园),12,高铁公交客运中心,温泉花园,2025-01-20 14:41:00,2025-01-20 15:41:00,16133.0,16.133,60.0,"(115.14304445029791, 35.76764522240244)","(115.00678331594008, 35.74969703423278)",河南省,濮阳市,39,2,4208,large,0.1520000000000001,32,16.375676223
410900010137,12路(温泉花园--高铁公交客运中心),12,温泉花园,高铁公交客运中心,2025-01-20 14:46:00,2025-01-20 15:48:23,16122.0,15.50606465402084,62.38333333333333,"(115.00646953328115, 35.74961400467195)","(115.14304645406683, 35.76764522575136)",河南省,濮阳市,38,2,15889,large,-0.152,33,16.120655020464866
410900010035,12路(高铁公交客运中心--温泉花园),12,高铁公交客运中心,温泉花园,2025-01-20 14:54:00,2025-01-20 15:54:00,16133.0,16.133,60.0,"(115.14304445029791, 35.76764522240244)","(115.00678331594008, 35.74969703423278)",河南省,濮阳市,41,2,4208,large,0.1520000000000001,32,16.375676223
410900010137,12路(温泉花园--高铁公交客运中心),12,温泉花园,高铁公交客运中心,2025-01-20 15:17:00,2025-01-20 16:19:23,16122.0,15.50606465402084,62.38333333333333,"(115.00646953328115, 35.74961400467195)","(115.14304645406683, 35.76764522575136)",河南省,濮阳市,40,2,15889,large,-0.152,33,16.120655020464866
410900010035,12路(高铁公交客运中心--温泉花园),12,高铁公交客运中心,温泉花园,2025-01-20 15:48:00,2025-01-20 16:48:00,16133.0,16.133,60.0,"(115.14304445029791, 35.76764522240244)","(115.00678331594008, 35.74969703423278)",河南省,濮阳市,36,3,4208,large,0.1520000000000001,32,16.375676223
410900010137,12路(温泉花园--高铁公交客运中心),12,温泉花园,高铁公交客运中心,2025-01-20 15:53:00,2025-01-20 16:55:23,16122.0,15.50606465402084,62.38333333333333,"(115.00646953328115, 35.74961400467195)","(115.14304645406683, 35.76764522575136)",河南省,濮阳市,39,3,15889,large,-0.152,33,16.120655020464866
410900010137,12路(温泉花园--高铁公交客运中心),12,温泉花园,高铁公交客运中心,2025-01-20 16:11:00,2025-01-20 17:13:23,16122.0,15.50606465402084,62.38333333333333,"(115.00646953328115, 35.74961400467195)","(115.14304645406683, 35.76764522575136)",河南省,濮阳市,41,3,15889,large,-0.152,33,16.120655020464866
410900010035,12路(高铁公交客运中心--温泉花园),12,高铁公交客运中心,温泉花园,2025-01-20 16:25:00,2025-01-20 17:25:00,16133.0,16.133,60.0,"(115.14304445029791, 35.76764522240244)","(115.00678331594008, 35.74969703423278)",河南省,濮阳市,40,3,4208,large,0.1520000000000001,32,16.375676223
410900010137,12路(温泉花园--高铁公交客运中心),12,温泉花园,高铁公交客运中心,2025-01-20 13:10:00,2025-01-20 17:49:23,64510.0,15.813427754323849,244.76666666666665,"(115.14304445029791, 35.76764522240244)","(115.14304645406683, 35.76764522575136)",河南省,濮阳市,47,1,15889,large,-0.152,33,64.99266248692973
410900010035,12路(高铁公交客运中心--温泉花园),12,高铁公交客运中心,温泉花园,2025-01-20 11:47:00,2025-01-20 17:57:00,80643.0,15.876342557147545,304.76666666666665,"(115.14304445029791, 35.76764522240244)","(115.00678331594008, 35.74969703423278)",河南省,濮阳市,46,1,4208,large,0.1520000000000001,32,81.36833870992973
410900010137,12路(温泉花园--高铁公交客运中心),12,温泉花园,高铁公交客运中心,2025-01-20 17:05:00,2025-01-20 18:07:23,16122.0,15.50606465402084,62.38333333333333,"(115.00646953328115, 35.74961400467195)","(115.14304645406683, 35.76764522575136)",河南省,濮阳市,36,4,15889,large,-0.152,33,16.120655020464866
410900010035,12路(高铁公交客运中心--温泉花园),12,高铁公交客运中心,温泉花园,2025-01-20 17:12:00,2025-01-20 18:18:22,16133.0,14.58533400301356,66.36666666666666,"(115.14304445029791, 35.76764522240244)","(115.00678331594008, 35.74969703423278)",河南省,濮阳市,39,4,4208,large,0.1520000000000001,32,16.200896754294323
410900010137,12路(温泉花园--高铁公交客运中心),12,温泉花园,高铁公交客运中心,2025-01-20 14:59:00,2025-01-20 18:25:23,48377.0,15.7096518130976,184.76666666666665,"(115.00646953328115, 35.74961400467195)","(115.14304645406683, 35.76764522575136)",河南省,濮阳市,48,1,15889,large,-0.152,33,48.61698626392973
410900010035,12路(高铁公交客运中心--温泉花园),12,高铁公交客运中心,温泉花园,2025-01-20 17:27:00,2025-01-20 18:33:22,16133.0,14.58533400301356,66.36666666666666,"(115.14304445029791, 35.76764522240244)","(115.00678331594008, 35.74969703423278)",河南省,濮阳市,41,4,4208,large,0.1520000000000001,32,16.200896754294323
410900010137,12路(温泉花园--高铁公交客运中心),12,温泉花园,高铁公交客运中心,2025-01-20 17:41:00,2025-01-20 18:43:23,16122.0,15.50606465402084,62.38333333333333,"(115.00646953328115, 35.74961400467195)","(115.14304645406683, 35.76764522575136)",河南省,濮阳市,40,4,15889,large,-0.152,33,16.120655020464866
410900010035,12路(高铁公交客运中心--温泉花园),12,高铁公交客运中心,温泉花园,2025-01-20 11:39:00,2025-01-20 18:48:22,96765.0,15.543884699477937,373.51666666666665,"(115.00646953328115, 35.74961400467195)","(115.00678331594008, 35.74969703423278)",河南省,濮阳市,45,1,4208,large,0.1520000000000001,32,97.31421426168892
410900010137,12路(温泉花园--高铁公交客运中心),12,温泉花园,高铁公交客运中心,2025-01-20 17:46:00,2025-01-20 18:48:23,16122.0,15.506064654020841,62.383333333333326,"(115.00646953328115, 35.74961400467195)","(115.14304645406683, 35.76764522575136)",河南省,濮阳市,50,1,15889,large,-0.152,33,16.120655020464866
410900010035,12路(高铁公交客运中心--温泉花园),12,高铁公交客运中心,温泉花园,2025-01-20 17:58:00,2025-01-20 19:04:22,16133.0,14.58533400301356,66.36666666666666,"(115.14304445029791, 35.76764522240244)","(115.00678331594008, 35.74969703423278)",河南省,濮阳市,47,2,4208,large,0.1520000000000001,32,16.200896754294323
410900010137,12路(温泉花园--高铁公交客运中心),12,温泉花园,高铁公交客运中心,2025-01-20 16:42:00,2025-01-20 19:02:23,32255.0,15.813427754323849,122.38333333333333,"(115.14304445029791, 35.76764522240244)","(115.14304645406683, 35.76764522575136)",河南省,濮阳市,49,1,15889,large,-0.152,33,32.496331243464866
410900010137,12路(温泉花园--高铁公交客运中心),12,温泉花园,高铁公交客运中心,2025-01-20 18:12:00,2025-01-20 19:14:23,16122.0,15.50606465402084,62.38333333333333,"(115.00646953328115, 35.74961400467195)","(115.14304645406683, 35.76764522575136)",河南省,濮阳市,46,2,15889,large,-0.152,33,16.120655020464866
410900010035,12路(高铁公交客运中心--温泉花园),12,高铁公交客运中心,温泉花园,2025-01-20 18:12:00,2025-01-20 19:18:22,16133.0,14.585334003013559,66.36666666666667,"(115.14304445029791, 35.76764522240244)","(115.00678331594008, 35.74969703423278)",河南省,濮阳市,51,1,4208,large,0.1520000000000001,32,16.20089675429432
410900010137,12路(温泉花园--高铁公交客运中心),12,温泉花园,高铁公交客运中心,2025-01-20 18:25:00,2025-01-20 19:27:23,16122.0,15.50606465402084,62.38333333333333,"(115.00646953328115, 35.74961400467195)","(115.14304645406683, 35.76764522575136)",河南省,濮阳市,39,5,15889,large,-0.152,33,16.120655020464866
410900010035,12路(高铁公交客运中心--温泉花园),12,高铁公交客运中心,温泉花园,2025-01-20 18:27:00,2025-01-20 19:33:22,16133.0,14.58533400301356,66.36666666666666,"(115.14304445029791, 35.76764522240244)","(115.00678331594008, 35.74969703423278)",河南省,濮阳市,36,5,4208,large,0.1520000000000001,32,16.200896754294323
410900010137,12路(温泉花园--高铁公交客运中心),12,温泉花园,高铁公交客运中心,2025-01-20 18:40:00,2025-01-20 19:42:23,16122.0,15.50606465402084,62.38333333333333,"(115.00646953328115, 35.74961400467195)","(115.14304645406683, 35.76764522575136)",河南省,濮阳市,41,5,15889,large,-0.152,33,16.120655020464866
410900010035,12路(高铁公交客运中心--温泉花园),12,高铁公交客运中心,温泉花园,2025-01-20 18:42:00,2025-01-20 19:48:22,16133.0,14.58533400301356,66.36666666666666,"(115.14304445029791, 35.76764522240244)","(115.00678331594008, 35.74969703423278)",河南省,濮阳市,48,2,4208,large,0.1520000000000001,32,16.200896754294323
410900010137,12路(温泉花园--高铁公交客运中心),12,温泉花园,高铁公交客运中心,2025-01-20 19:00:00,2025-01-20 20:02:23,16122.0,15.50606465402084,62.38333333333333,"(115.00646953328115, 35.74961400467195)","(115.14304645406683, 35.76764522575136)",河南省,濮阳市,45,2,15889,large,-0.152,33,16.120655020464866
410900010035,12路(高铁公交客运中心--温泉花园),12,高铁公交客运中心,温泉花园,2025-01-20 19:00:00,2025-01-20 20:00:00,16133.0,16.133,60.0,"(115.14304445029791, 35.76764522240244)","(115.00678331594008, 35.74969703423278)",河南省,濮阳市,50,2,4208,large,0.1520000000000001,32,16.375676223
410900010035,12路(高铁公交客运中心--温泉花园),12,高铁公交客运中心,温泉花园,2025-01-20 19:24:00,2025-01-20 20:24:00,16133.0,16.133,60.0,"(115.14304445029791, 35.76764522240244)","(115.00678331594008, 35.74969703423278)",河南省,濮阳市,49,2,4208,large,0.1520000000000001,32,16.375676223
410900010035,12路(高铁公交客运中心--温泉花园),12,高铁公交客运中心,温泉花园,2025-01-20 19:25:00,2025-01-20 20:25:00,16133.0,16.133,60.0,"(115.14304445029791, 35.76764522240244)","(115.00678331594008, 35.74969703423278)",河南省,濮阳市,52,1,4208,large,0.1520000000000001,32,16.375676223
410900010137,12路(温泉花园--高铁公交客运中心),12,温泉花园,高铁公交客运中心,2025-01-20 19:34:00,2025-01-20 20:36:23,16122.0,15.50606465402084,62.38333333333333,"(115.00646953328115, 35.74961400467195)","(115.14304645406683, 35.76764522575136)",河南省,濮阳市,51,2,15889,large,-0.152,33,16.120655020464866
410900010139,15路(皇甫--滨河花园),15,皇甫,滨河花园,2025-01-20 06:25:00,2025-01-20 07:32:48,19734.0,17.463716814159294,67.8,"(114.92168207146369, 35.780020773981924)","(115.06007715173625, 35.78676939314565)",河南省,濮阳市,57,1,13609,large,-0.3039999999999998,37,19.450482113274333
410900010138,15路(滨河花园--皇甫),15,滨河花园,皇甫,2025-01-20 06:42:00,2025-01-20 07:42:43,18618.0,18.398243206148777,60.71666666666667,"(115.06041949812776, 35.78665694423186)","(114.92173800454383, 35.779819783699104)",河南省,濮阳市,60,1,13073,large,0.2279999999999999,37,19.254947844084548
410900010139,15路(皇甫--滨河花园),15,皇甫,滨河花园,2025-01-20 07:01:00,2025-01-20 08:09:41,19734.0,17.239116719242904,68.68333333333334,"(114.92168207146369, 35.780020773981924)","(115.06007715173625, 35.78676939314565)",河南省,濮阳市,64,1,13609,large,-0.3039999999999998,37,19.41945630536278
410900010139,15路(皇甫--滨河花园),15,皇甫,滨河花园,2025-01-20 06:10:00,2025-01-20 08:26:41,38352.0,17.782998454404947,129.39999999999998,"(115.06041949812776, 35.78665694423186)","(115.06007715173625, 35.78676939314565)",河南省,濮阳市,54,1,13609,large,-0.3039999999999998,37,38.67440414944733
410900010138,15路(滨河花园--皇甫),15,滨河花园,皇甫,2025-01-20 07:44:00,2025-01-20 08:56:40,18618.0,15.372660550458717,72.66666666666667,"(115.06041949812776, 35.78665694423186)","(114.92173800454383, 35.779819783699104)",河南省,濮阳市,57,2,13073,large,0.2279999999999999,37,18.86063575889908
410900010139,15路(皇甫--滨河花园),15,皇甫,滨河花园,2025-01-20 06:31:00,2025-01-20 08:53:41,38352.0,17.782998454404943,129.4,"(115.06041949812776, 35.78665694423186)","(115.06007715173625, 35.78676939314565)",河南省,濮阳市,58,1,13609,large,-0.3039999999999998,37,38.67440414944733
410900010139,15路(皇甫--滨河花园),15,皇甫,滨河花园,2025-01-20 07:54:00,2025-01-20 09:02:41,19734.0,17.239116719242904,68.68333333333334,"(114.92168207146369, 35.780020773981924)","(115.06007715173625, 35.78676939314565)",河南省,濮阳市,60,2,13609,large,-0.3039999999999998,37,19.41945630536278
410900010139,15路(皇甫--滨河花园),15,皇甫,滨河花园,2025-01-20 07:03:00,2025-01-20 09:34:41,38352.0,16.279589671029353,141.35000000000002,"(115.06041949812776, 35.78665694423186)","(115.06007715173625, 35.78676939314565)",河南省,濮阳市,65,1,13609,large,-0.3039999999999998,37,38.280092064261865
410900010138,15路(滨河花园--皇甫),15,滨河花园,皇甫,2025-01-20 08:32:00,2025-01-20 09:44:40,18618.0,15.372660550458717,72.66666666666667,"(115.06041949812776, 35.78665694423186)","(114.92173800454383, 35.779819783699104)",河南省,濮阳市,54,2,13073,large,0.2279999999999999,37,18.86063575889908
410900010139,15路(皇甫--滨河花园),15,皇甫,滨河花园,2025-01-20 06:10:00,2025-01-20 09:58:41,58086.0,16.663447286636387,209.15,"(114.92168207146369, 35.780020773981924)","(115.06007715173625, 35.78676939314565)",河南省,濮阳市,53,1,13609,large,-0.3039999999999998,37,57.7305741775362
410900010138,15路(滨河花园--皇甫),15,滨河花园,皇甫,2025-01-20 09:03:00,2025-01-20 10:03:43,18618.0,18.398243206148777,60.71666666666667,"(115.06041949812776, 35.78665694423186)","(114.92173800454383, 35.779819783699104)",河南省,濮阳市,58,2,13073,large,0.2279999999999999,37,19.254947844084544
410900010138,15路(滨河花园--皇甫),15,滨河花园,皇甫,2025-01-20 09:44:00,2025-01-20 10:44:43,18618.0,18.398243206148777,60.71666666666667,"(115.06041949812776, 35.78665694423186)","(114.92173800454383, 35.779819783699104)",河南省,濮阳市,65,2,13073,large,0.2279999999999999,37,19.254947844084544
410900010138,15路(滨河花园--皇甫),15,滨河花园,皇甫,2025-01-20 10:06:00,2025-01-20 11:06:43,18618.0,18.398243206148777,60.71666666666667,"(115.06041949812776, 35.78665694423186)","(114.92173800454383, 35.779819783699104)",河南省,濮阳市,53,2,13073,large,0.2279999999999999,37,19.254947844084544
410900010138,15路(滨河花园--皇甫),15,滨河花园,皇甫,2025-01-20 06:21:00,2025-01-20 12:19:43,95322.0,17.30069069826065,330.58333333333337,"(115.06041949812776, 35.78665694423186)","(114.92173800454383, 35.779819783699104)",河南省,濮阳市,56,1,13073,large,0.2279999999999999,37,96.24046986570528
410900010139,15路(皇甫--滨河花园),15,皇甫,滨河花园,2025-01-20 06:18:00,2025-01-20 12:31:48,96438.0,17.181016479437822,336.7833333333333,"(114.92168207146369, 35.780020773981924)","(115.06007715173625, 35.78676939314565)",河南省,濮阳市,55,1,13609,large,-0.3039999999999998,37,96.46702994280662
410900010139,15路(皇甫--滨河花园),15,皇甫,滨河花园,2025-01-20 06:34:00,2025-01-20 12:43:48,96438.0,17.18101647943782,336.78333333333336,"(114.92168207146369, 35.780020773981924)","(115.06007715173625, 35.78676939314565)",河南省,濮阳市,59,1,13609,large,-0.3039999999999998,37,96.46702994280662
410900010138,15路(滨河花园--皇甫),15,滨河花园,皇甫,2025-01-20 06:53:00,2025-01-20 12:46:43,95322.0,17.94953447013286,318.6333333333333,"(115.06041949812776, 35.78665694423186)","(114.92173800454383, 35.779819783699104)",河南省,濮阳市,63,1,13073,large,0.2279999999999999,37,96.63478195089073
410900010139,15路(皇甫--滨河花园),15,皇甫,滨河花园,2025-01-20 06:43:00,2025-01-20 12:54:48,96438.0,17.18101647943782,336.78333333333336,"(114.92168207146369, 35.780020773981924)","(115.06007715173625, 35.78676939314565)",河南省,濮阳市,61,1,13609,large,-0.3039999999999998,37,96.46702994280662
410900010139,15路(皇甫--滨河花园),15,皇甫,滨河花园,2025-01-20 06:51:00,2025-01-20 13:06:48,96438.0,17.18101647943782,336.78333333333336,"(114.92168207146369, 35.780020773981924)","(115.06007715173625, 35.78676939314565)",河南省,濮阳市,62,1,13609,large,-0.3039999999999998,37,96.46702994280662
410900010139,15路(皇甫--滨河花园),15,皇甫,滨河花园,2025-01-20 07:09:00,2025-01-20 13:19:48,96438.0,17.136071076011845,337.6666666666667,"(114.92168207146369, 35.780020773981924)","(115.06007715173625, 35.78676939314565)",河南省,濮阳市,66,1,13609,large,-0.3039999999999998,37,96.43600413489506
410900010138,15路(滨河花园--皇甫),15,滨河花园,皇甫,2025-01-20 07:13:00,2025-01-20 13:17:43,95322.0,17.30069069826065,330.58333333333337,"(115.06041949812776, 35.78665694423186)","(114.92173800454383, 35.779819783699104)",河南省,濮阳市,67,1,13073,large,0.2279999999999999,37,96.24046986570528
410900010139,15路(皇甫--滨河花园),15,皇甫,滨河花园,2025-01-20 12:35:00,2025-01-20 13:42:48,19734.0,17.463716814159294,67.8,"(114.92168207146369, 35.780020773981924)","(115.06007715173625, 35.78676939314565)",河南省,濮阳市,56,2,13609,large,-0.3039999999999998,37,19.450482113274337
410900010138,15路(滨河花园--皇甫),15,滨河花园,皇甫,2025-01-20 12:41:00,2025-01-20 13:41:43,18618.0,18.398243206148777,60.71666666666667,"(115.06041949812776, 35.78665694423186)","(114.92173800454383, 35.779819783699104)",河南省,濮阳市,55,2,13073,large,0.2279999999999999,37,19.254947844084544
410900010139,15路(皇甫--滨河花园),15,皇甫,滨河花园,2025-01-20 07:36:00,2025-01-20 13:57:48,96438.0,17.136071076011845,337.6666666666667,"(114.92168207146369, 35.780020773981924)","(115.06007715173625, 35.78676939314565)",河南省,濮阳市,68,1,13609,large,-0.3039999999999998,37,96.43600413489506
410900010138,15路(滨河花园--皇甫),15,滨河花园,皇甫,2025-01-20 12:53:00,2025-01-20 13:53:43,18618.0,18.398243206148777,60.71666666666667,"(115.06041949812776, 35.78665694423186)","(114.92173800454383, 35.779819783699104)",河南省,濮阳市,59,2,13073,large,0.2279999999999999,37,19.254947844084544
410900010139,15路(皇甫--滨河花园),15,皇甫,滨河花园,2025-01-20 13:04:00,2025-01-20 14:11:48,19734.0,17.463716814159294,67.8,"(114.92168207146369, 35.780020773981924)","(115.06007715173625, 35.78676939314565)",河南省,濮阳市,63,2,13609,large,-0.3039999999999998,37,19.450482113274337
410900010138,15路(滨河花园--皇甫),15,滨河花园,皇甫,2025-01-20 13:05:00,2025-01-20 14:05:43,18618.0,18.398243206148777,60.71666666666667,"(115.06041949812776, 35.78665694423186)","(114.92173800454383, 35.779819783699104)",河南省,濮阳市,61,2,13073,large,0.2279999999999999,37,19.254947844084544
410900010138,15路(滨河花园--皇甫),15,滨河花园,皇甫,2025-01-20 13:17:00,2025-01-20 14:17:43,18618.0,18.398243206148777,60.71666666666667,"(115.06041949812776, 35.78665694423186)","(114.92173800454383, 35.779819783699104)",河南省,濮阳市,62,2,13073,large,0.2279999999999999,37,19.254947844084544
410900010139,15路(皇甫--滨河花园),15,皇甫,滨河花园,2025-01-20 08:15:00,2025-01-20 14:25:48,96438.0,17.76476487744973,325.71666666666664,"(114.92168207146369, 35.780020773981924)","(115.06007715173625, 35.78676939314565)",河南省,濮阳市,69,1,13609,large,-0.3039999999999998,37,96.83031622008053
410900010138,15路(滨河花园--皇甫),15,滨河花园,皇甫,2025-01-20 13:29:00,2025-01-20 14:29:43,18618.0,18.398243206148777,60.71666666666667,"(115.06041949812776, 35.78665694423186)","(114.92173800454383, 35.779819783699104)",河南省,濮阳市,66,2,13073,large,0.2279999999999999,37,19.254947844084544
410900010139,15路(皇甫--滨河花园),15,皇甫,滨河花园,2025-01-20 13:31:00,2025-01-20 14:38:48,19734.0,17.463716814159294,67.8,"(114.92168207146369, 35.780020773981924)","(115.06007715173625, 35.78676939314565)",河南省,濮阳市,67,2,13609,large,-0.3039999999999998,37,19.450482113274337
410900010138,15路(滨河花园--皇甫),15,滨河花园,皇甫,2025-01-20 13:55:00,2025-01-20 14:55:43,18618.0,18.398243206148777,60.71666666666667,"(115.06041949812776, 35.78665694423186)","(114.92173800454383, 35.779819783699104)",河南省,濮阳市,56,3,13073,large,0.2279999999999999,37,19.254947844084544
410900010139,15路(皇甫--滨河花园),15,皇甫,滨河花园,2025-01-20 13:59:00,2025-01-20 15:06:48,19734.0,17.463716814159294,67.8,"(114.92168207146369, 35.780020773981924)","(115.06007715173625, 35.78676939314565)",河南省,濮阳市,59,3,13609,large,-0.3039999999999998,37,19.450482113274337
410900010138,15路(滨河花园--皇甫),15,滨河花园,皇甫,2025-01-20 14:08:00,2025-01-20 15:08:43,18618.0,18.398243206148777,60.71666666666667,"(115.06041949812776, 35.78665694423186)","(114.92173800454383, 35.779819783699104)",河南省,濮阳市,68,2,13073,large,0.2279999999999999,37,19.254947844084544
410900010138,15路(滨河花园--皇甫),15,滨河花园,皇甫,2025-01-20 14:22:00,2025-01-20 15:22:43,18618.0,18.398243206148777,60.71666666666667,"(115.06041949812776, 35.78665694423186)","(114.92173800454383, 35.779819783699104)",河南省,濮阳市,63,3,13073,large,0.2279999999999999,37,19.254947844084544
410900010139,15路(皇甫--滨河花园),15,皇甫,滨河花园,2025-01-20 14:22:00,2025-01-20 15:29:48,19734.0,17.463716814159294,67.8,"(114.92168207146369, 35.780020773981924)","(115.06007715173625, 35.78676939314565)",河南省,濮阳市,61,3,13609,large,-0.3039999999999998,37,19.450482113274337
410900010139,15路(皇甫--滨河花园),15,皇甫,滨河花园,2025-01-20 14:32:00,2025-01-20 15:39:48,19734.0,17.463716814159294,67.8,"(114.92168207146369, 35.780020773981924)","(115.06007715173625, 35.78676939314565)",河南省,濮阳市,62,3,13609,large,-0.3039999999999998,37,19.450482113274337
410900010138,15路(滨河花园--皇甫),15,滨河花园,皇甫,2025-01-20 14:43:00,2025-01-20 15:43:43,18618.0,18.398243206148777,60.71666666666667,"(115.06041949812776, 35.78665694423186)","(114.92173800454383, 35.779819783699104)",河南省,濮阳市,69,2,13073,large,0.2279999999999999,37,19.254947844084544
410900010139,15路(皇甫--滨河花园),15,皇甫,滨河花园,2025-01-20 14:43:00,2025-01-20 15:50:48,19734.0,17.463716814159294,67.8,"(114.92168207146369, 35.780020773981924)","(115.06007715173625, 35.78676939314565)",河南省,濮阳市,66,3,13609,large,-0.3039999999999998,37,19.450482113274337
410900010138,15路(滨河花园--皇甫),15,滨河花园,皇甫,2025-01-20 14:57:00,2025-01-20 15:57:43,18618.0,18.398243206148777,60.71666666666667,"(115.06041949812776, 35.78665694423186)","(114.92173800454383, 35.779819783699104)",河南省,濮阳市,67,3,13073,large,0.2279999999999999,37,19.254947844084544
410900010139,15路(皇甫--滨河花园),15,皇甫,滨河花园,2025-01-20 15:05:00,2025-01-20 16:12:48,19734.0,17.463716814159294,67.8,"(114.92168207146369, 35.780020773981924)","(115.06007715173625, 35.78676939314565)",河南省,濮阳市,56,4,13609,large,-0.3039999999999998,37,19.450482113274337
410900010139,15路(皇甫--滨河花园),15,皇甫,滨河花园,2025-01-20 15:15:00,2025-01-20 16:22:48,19734.0,17.463716814159294,67.8,"(114.92168207146369, 35.780020773981924)","(115.06007715173625, 35.78676939314565)",河南省,濮阳市,68,3,13609,large,-0.3039999999999998,37,19.450482113274337
410900010139,15路(皇甫--滨河花园),15,皇甫,滨河花园,2025-01-20 15:29:00,2025-01-20 16:36:48,19734.0,17.463716814159294,67.8,"(114.92168207146369, 35.780020773981924)","(115.06007715173625, 35.78676939314565)",河南省,濮阳市,63,4,13609,large,-0.3039999999999998,37,19.450482113274337
410900010138,15路(滨河花园--皇甫),15,滨河花园,皇甫,2025-01-20 15:36:00,2025-01-20 16:36:43,18618.0,18.398243206148777,60.71666666666667,"(115.06041949812776, 35.78665694423186)","(114.92173800454383, 35.779819783699104)",河南省,濮阳市,61,4,13073,large,0.2279999999999999,37,19.254947844084544
410900010138,15路(滨河花园--皇甫),15,滨河花园,皇甫,2025-01-20 15:48:00,2025-01-20 16:48:43,18618.0,18.398243206148777,60.71666666666667,"(115.06041949812776, 35.78665694423186)","(114.92173800454383, 35.779819783699104)",河南省,濮阳市,62,4,13073,large,0.2279999999999999,37,19.254947844084544
410900010139,15路(皇甫--滨河花园),15,皇甫,滨河花园,2025-01-20 15:55:00,2025-01-20 17:02:48,19734.0,17.463716814159294,67.8,"(114.92168207146369, 35.780020773981924)","(115.06007715173625, 35.78676939314565)",河南省,濮阳市,69,3,13609,large,-0.3039999999999998,37,19.450482113274337
410900010138,15路(滨河花园--皇甫),15,滨河花园,皇甫,2025-01-20 15:57:00,2025-01-20 16:57:43,18618.0,18.398243206148777,60.71666666666667,"(115.06041949812776, 35.78665694423186)","(114.92173800454383, 35.779819783699104)",河南省,濮阳市,66,4,13073,large,0.2279999999999999,37,19.254947844084544
410900010139,15路(皇甫--滨河花园),15,皇甫,滨河花园,2025-01-20 16:07:00,2025-01-20 17:14:48,19734.0,17.463716814159294,67.8,"(114.92168207146369, 35.780020773981924)","(115.06007715173625, 35.78676939314565)",河南省,濮阳市,67,4,13609,large,-0.3039999999999998,37,19.450482113274337
410900010139,15路(皇甫--滨河花园),15,皇甫,滨河花园,2025-01-20 12:29:00,2025-01-20 17:25:48,76704.0,17.90522630009078,257.0333333333333,"(115.06041949812776, 35.78665694423186)","(115.06007715173625, 35.78676939314565)",河南省,濮阳市,71,1,13609,large,-0.3039999999999998,37,77.41085991471776
410900010138,15路(滨河花园--皇甫),15,滨河花园,皇甫,2025-01-20 16:25:00,2025-01-20 17:25:43,18618.0,18.398243206148777,60.71666666666667,"(115.06041949812776, 35.78665694423186)","(114.92173800454383, 35.779819783699104)",河南省,濮阳市,56,5,13073,large,0.2279999999999999,37,19.254947844084544
410900010138,15路(滨河花园--皇甫),15,滨河花园,皇甫,2025-01-20 16:36:00,2025-01-20 17:36:43,18618.0,18.398243206148777,60.71666666666667,"(115.06041949812776, 35.78665694423186)","(114.92173800454383, 35.779819783699104)",河南省,濮阳市,68,4,13073,large,0.2279999999999999,37,19.254947844084544
410900010139,15路(皇甫--滨河花园),15,皇甫,滨河花园,2025-01-20 14:10:00,2025-01-20 17:44:48,58086.0,17.752746413108074,196.31666666666666,"(114.92168207146369, 35.780020773981924)","(115.06007715173625, 35.78676939314565)",河南省,濮阳市,72,1,13609,large,-0.3039999999999998,37,58.15591207063322
410900010139,15路(皇甫--滨河花园),15,皇甫,滨河花园,2025-01-20 16:45:00,2025-01-20 17:52:48,19734.0,17.463716814159294,67.8,"(114.92168207146369, 35.780020773981924)","(115.06007715173625, 35.78676939314565)",河南省,濮阳市,61,5,13609,large,-0.3039999999999998,37,19.450482113274337
410900010138,15路(滨河花园--皇甫),15,滨河花园,皇甫,2025-01-20 16:47:00,2025-01-20 17:47:43,18618.0,18.398243206148777,60.71666666666667,"(115.06041949812776, 35.78665694423186)","(114.92173800454383, 35.779819783699104)",河南省,濮阳市,63,5,13073,large,0.2279999999999999,37,19.254947844084544
410900010139,15路(皇甫--滨河花园),15,皇甫,滨河花园,2025-01-20 16:55:00,2025-01-20 18:02:48,19734.0,17.463716814159294,67.8,"(114.92168207146369, 35.780020773981924)","(115.06007715173625, 35.78676939314565)",河南省,濮阳市,62,5,13609,large,-0.3039999999999998,37,19.450482113274337
410900010138,15路(滨河花园--皇甫),15,滨河花园,皇甫,2025-01-20 14:29:00,2025-01-20 17:58:43,56970.0,18.063413774881106,189.2333333333333,"(115.06041949812776, 35.78665694423186)","(114.92173800454383, 35.779819783699104)",河南省,濮阳市,73,1,13073,large,0.2279999999999999,37,57.960377801443435
410900010139,15路(皇甫--滨河花园),15,皇甫,滨河花园,2025-01-20 17:05:00,2025-01-20 18:13:41,19734.0,17.239116719242904,68.68333333333334,"(114.92168207146369, 35.780020773981924)","(115.06007715173625, 35.78676939314565)",河南省,濮阳市,66,5,13609,large,-0.3039999999999998,37,19.41945630536278
410900010138,15路(滨河花园--皇甫),15,滨河花园,皇甫,2025-01-20 17:08:00,2025-01-20 18:20:40,18618.0,15.372660550458717,72.66666666666667,"(115.06041949812776, 35.78665694423186)","(114.92173800454383, 35.779819783699104)",河南省,濮阳市,69,4,13073,large,0.2279999999999999,37,18.86063575889908
410900010139,15路(皇甫--滨河花园),15,皇甫,滨河花园,2025-01-20 16:03:00,2025-01-20 18:23:41,38352.0,17.782998454404947,129.39999999999998,"(115.06041949812776, 35.78665694423186)","(115.06007715173625, 35.78676939314565)",河南省,濮阳市,74,1,13609,large,-0.3039999999999998,37,38.67440414944733
410900010138,15路(滨河花园--皇甫),15,滨河花园,皇甫,2025-01-20 17:20:00,2025-01-20 18:32:40,18618.0,15.372660550458717,72.66666666666667,"(115.06041949812776, 35.78665694423186)","(114.92173800454383, 35.779819783699104)",河南省,濮阳市,67,5,13073,large,0.2279999999999999,37,18.86063575889908
410900010139,15路(皇甫--滨河花园),15,皇甫,滨河花园,2025-01-20 12:23:00,2025-01-20 18:33:41,96438.0,17.76476487744973,325.71666666666664,"(114.92168207146369, 35.780020773981924)","(115.06007715173625, 35.78676939314565)",河南省,濮阳市,70,1,13609,large,-0.3039999999999998,37,96.83031622008053
410900010138,15路(滨河花园--皇甫),15,滨河花园,皇甫,2025-01-20 17:31:00,2025-01-20 18:43:40,18618.0,15.372660550458717,72.66666666666667,"(115.06041949812776, 35.78665694423186)","(114.92173800454383, 35.779819783699104)",河南省,濮阳市,71,2,13073,large,0.2279999999999999,37,18.86063575889908
410900010139,15路(皇甫--滨河花园),15,皇甫,滨河花园,2025-01-20 17:36:00,2025-01-20 18:44:41,19734.0,17.239116719242904,68.68333333333334,"(114.92168207146369, 35.780020773981924)","(115.06007715173625, 35.78676939314565)",河南省,濮阳市,56,6,13609,large,-0.3039999999999998,37,19.41945630536278
410900010138,15路(滨河花园--皇甫),15,滨河花园,皇甫,2025-01-20 16:27:00,2025-01-20 18:53:40,38352.0,16.381964878974845,140.46666666666664,"(114.92168207146369, 35.780020773981924)","(114.92173800454383, 35.779819783699104)",河南省,濮阳市,75,1,13073,large,0.2279999999999999,37,38.31111787217341
410900010139,15路(皇甫--滨河花园),15,皇甫,滨河花园,2025-01-20 17:45:00,2025-01-20 18:53:41,19734.0,17.239116719242904,68.68333333333334,"(114.92168207146369, 35.780020773981924)","(115.06007715173625, 35.78676939314565)",河南省,濮阳市,68,5,13609,large,-0.3039999999999998,37,19.41945630536278
410900010138,15路(滨河花园--皇甫),15,滨河花园,皇甫,2025-01-20 17:53:00,2025-01-20 19:05:40,18618.0,15.372660550458717,72.66666666666667,"(115.06041949812776, 35.78665694423186)","(114.92173800454383, 35.779819783699104)",河南省,濮阳市,72,2,13073,large,0.2279999999999999,37,18.86063575889908
410900010139,15路(皇甫--滨河花园),15,皇甫,滨河花园,2025-01-20 17:55:00,2025-01-20 19:03:41,19734.0,17.239116719242904,68.68333333333334,"(114.92168207146369, 35.780020773981924)","(115.06007715173625, 35.78676939314565)",河南省,濮阳市,63,6,13609,large,-0.3039999999999998,37,19.41945630536278
410900010138,15路(滨河花园--皇甫),15,滨河花园,皇甫,2025-01-20 18:04:00,2025-01-20 19:16:40,18618.0,15.372660550458717,72.66666666666667,"(115.06041949812776, 35.78665694423186)","(114.92173800454383, 35.779819783699104)",河南省,濮阳市,61,6,13073,large,0.2279999999999999,37,18.86063575889908
410900010139,15路(皇甫--滨河花园),15,皇甫,滨河花园,2025-01-20 18:05:00,2025-01-20 19:13:41,19734.0,17.239116719242904,68.68333333333334,"(114.92168207146369, 35.780020773981924)","(115.06007715173625, 35.78676939314565)",河南省,濮阳市,73,2,13609,large,-0.3039999999999998,37,19.41945630536278
410900010139,15路(皇甫--滨河花园),15,皇甫,滨河花园,2025-01-20 18:16:00,2025-01-20 19:24:41,19734.0,17.239116719242904,68.68333333333334,"(114.92168207146369, 35.780020773981924)","(115.06007715173625, 35.78676939314565)",河南省,濮阳市,76,1,13609,large,-0.3039999999999998,37,19.41945630536278
410900010138,15路(滨河花园--皇甫),15,滨河花园,皇甫,2025-01-20 18:16:00,2025-01-20 19:28:40,18618.0,15.372660550458717,72.66666666666667,"(115.06041949812776, 35.78665694423186)","(114.92173800454383, 35.779819783699104)",河南省,濮阳市,62,6,13073,large,0.2279999999999999,37,18.86063575889908
410900010138,15路(滨河花园--皇甫),15,滨河花园,皇甫,2025-01-20 18:26:00,2025-01-20 19:38:40,18618.0,15.372660550458717,72.66666666666667,"(115.06041949812776, 35.78665694423186)","(114.92173800454383, 35.779819783699104)",河南省,濮阳市,66,6,13073,large,0.2279999999999999,37,18.86063575889908
410900010139,15路(皇甫--滨河花园),15,皇甫,滨河花园,2025-01-20 18:26:00,2025-01-20 19:34:41,19734.0,17.239116719242904,68.68333333333334,"(114.92168207146369, 35.780020773981924)","(115.06007715173625, 35.78676939314565)",河南省,濮阳市,69,5,13609,large,-0.3039999999999998,37,19.41945630536278
410900010139,15路(皇甫--滨河花园),15,皇甫,滨河花园,2025-01-20 18:37:00,2025-01-20 19:45:41,19734.0,17.239116719242904,68.68333333333334,"(114.92168207146369, 35.780020773981924)","(115.06007715173625, 35.78676939314565)",河南省,濮阳市,77,1,13609,large,-0.3039999999999998,37,19.41945630536278
410900010138,15路(滨河花园--皇甫),15,滨河花园,皇甫,2025-01-20 18:37:00,2025-01-20 19:49:40,18618.0,15.372660550458717,72.66666666666667,"(115.06041949812776, 35.78665694423186)","(114.92173800454383, 35.779819783699104)",河南省,濮阳市,74,2,13073,large,0.2279999999999999,37,18.86063575889908
410900010138,15路(滨河花园--皇甫),15,滨河花园,皇甫,2025-01-20 18:49:00,2025-01-20 20:01:40,18618.0,15.372660550458717,72.66666666666667,"(115.06041949812776, 35.78665694423186)","(114.92173800454383, 35.779819783699104)",河南省,濮阳市,70,2,13073,large,0.2279999999999999,37,18.86063575889908
410900010139,15路(皇甫--滨河花园),15,皇甫,滨河花园,2025-01-20 19:00:00,2025-01-20 20:07:48,19734.0,17.463716814159294,67.8,"(114.92168207146369, 35.780020773981924)","(115.06007715173625, 35.78676939314565)",河南省,濮阳市,75,2,13609,large,-0.3039999999999998,37,19.450482113274337
410900010138,15路(滨河花园--皇甫),15,滨河花园,皇甫,2025-01-20 19:00:00,2025-01-20 20:00:43,18618.0,18.398243206148777,60.71666666666667,"(115.06041949812776, 35.78665694423186)","(114.92173800454383, 35.779819783699104)",河南省,濮阳市,68,6,13073,large,0.2279999999999999,37,19.254947844084544
410900010140,16路(高铁公交客运中心--高速路口),16,高铁公交客运中心,高速路口,2025-01-20 07:03:00,2025-01-20 08:20:15,23339.0,18.127378640776698,77.25,"(115.14304445029791, 35.76764522240244)","(114.94897631865581, 35.78814200862841)",河南省,濮阳市,83,1,13667,large,0.1899999999999999,43,23.56447743067961
410900010141,16路(高速路口--高铁公交客运中心),16,高速路口,高铁公交客运中心,2025-01-20 07:27:00,2025-01-20 08:44:40,23187.0,17.912703862660944,77.66666666666667,"(114.94993554574914, 35.78774299227658)","(115.14304645406683, 35.76764522575136)",河南省,濮阳市,86,1,15889,large,-0.1899999999999998,42,22.905248651244637
410900010141,16路(高速路口--高铁公交客运中心),16,高速路口,高铁公交客运中心,2025-01-20 06:30:00,2025-01-20 09:10:40,46526.0,18.64977174034072,149.68333333333334,"(115.14304445029791, 35.76764522240244)","(115.14304645406683, 35.76764522575136)",河南省,濮阳市,79,1,15889,large,-0.1899999999999998,42,46.684935202135634
410900010140,16路(高铁公交客运中心--高速路口),16,高铁公交客运中心,高速路口,2025-01-20 09:20:00,2025-01-20 10:32:01,23339.0,19.44466558666975,72.01666666666667,"(115.14304445029791, 35.76764522240244)","(114.94897631865581, 35.78814200862841)",河南省,濮阳市,79,2,13667,large,0.1899999999999999,43,23.779686550890997
410900010141,16路(高速路口--高铁公交客运中心),16,高速路口,高铁公交客运中心,2025-01-20 06:30:00,2025-01-20 10:43:16,69713.0,18.691204289863713,223.78333333333327,"(114.94993554574914, 35.78774299227658)","(115.14304645406683, 35.76764522575136)",河南省,濮阳市,78,1,15889,large,-0.1899999999999998,42,69.72417935806816
410900010140,16路(高铁公交客运中心--高速路口),16,高铁公交客运中心,高速路口,2025-01-20 06:47:00,2025-01-20 10:49:01,69865.0,18.907983761840327,221.69999999999996,"(115.14304445029791, 35.76764522240244)","(114.94897631865581, 35.78814200862841)",河南省,濮阳市,81,1,13667,large,0.1899999999999999,43,70.46462175302663
410900010141,16路(高速路口--高铁公交客运中心),16,高速路口,高铁公交客运中心,2025-01-20 06:45:00,2025-01-20 11:00:16,69713.0,18.691204289863713,223.78333333333327,"(114.94993554574914, 35.78774299227658)","(115.14304645406683, 35.76764522575136)",河南省,濮阳市,80,1,15889,large,-0.1899999999999998,42,69.72417935806816
410900010141,16路(高速路口--高铁公交客运中心),16,高速路口,高铁公交客运中心,2025-01-20 07:01:00,2025-01-20 11:17:16,69713.0,18.330786648163027,228.18333333333334,"(114.94993554574914, 35.78774299227658)","(115.14304645406683, 35.76764522575136)",河南省,濮阳市,82,1,15889,large,-0.1899999999999998,42,69.54957704561852
410900010140,16路(高铁公交客运中心--高速路口),16,高铁公交客运中心,高速路口,2025-01-20 07:16:00,2025-01-20 11:23:01,69865.0,18.471944770857814,226.9333333333333,"(115.14304445029791, 35.76764522240244)","(114.94897631865581, 35.78814200862841)",河南省,濮阳市,85,1,13667,large,0.1899999999999999,43,70.24941263281526
410900010141,16路(高速路口--高铁公交客运中心),16,高速路口,高铁公交客运中心,2025-01-20 07:14:00,2025-01-20 11:34:16,69713.0,18.330786648163027,228.1833333333333,"(114.94993554574914, 35.78774299227658)","(115.14304645406683, 35.76764522575136)",河南省,濮阳市,84,1,15889,large,-0.1899999999999998,42,69.54957704561853
410900010140,16路(高铁公交客运中心--高速路口),16,高铁公交客运中心,高速路口,2025-01-20 07:28:00,2025-01-20 11:40:01,69865.0,18.47194477085781,226.93333333333334,"(115.14304445029791, 35.76764522240244)","(114.94897631865581, 35.78814200862841)",河南省,濮阳市,87,1,13667,large,0.1899999999999999,43,70.24941263281525
410900010141,16路(高速路口--高铁公交客运中心),16,高速路口,高铁公交客运中心,2025-01-20 07:40:00,2025-01-20 11:51:16,69713.0,18.76106750392465,222.94999999999996,"(114.94993554574914, 35.78774299227658)","(115.14304645406683, 35.76764522575136)",河南省,濮阳市,88,1,15889,large,-0.1899999999999998,42,69.7647861658299
410900010140,16路(高铁公交客运中心--高速路口),16,高铁公交客运中心,高速路口,2025-01-20 07:42:00,2025-01-20 11:57:01,69865.0,18.83717795086879,222.53333333333327,"(115.14304445029791, 35.76764522240244)","(114.94897631865581, 35.78814200862841)",河南省,濮阳市,89,1,13667,large,0.1899999999999999,43,70.42401494526489
410900010141,16路(高速路口--高铁公交客运中心),16,高速路口,高铁公交客运中心,2025-01-20 10:55:00,2025-01-20 12:08:16,23187.0,18.9884440400364,73.26666666666667,"(114.94993554574914, 35.78774299227658)","(115.14304645406683, 35.76764522575136)",河南省,濮阳市,81,2,15889,large,-0.1899999999999998,42,23.079850963694263
410900010140,16路(高铁公交客运中心--高速路口),16,高铁公交客运中心,高速路口,2025-01-20 11:02:00,2025-01-20 12:14:01,23339.0,19.44466558666975,72.01666666666667,"(115.14304445029791, 35.76764522240244)","(114.94897631865581, 35.78814200862841)",河南省,濮阳市,78,2,13667,large,0.1899999999999999,43,23.779686550890997
410900010141,16路(高速路口--高铁公交客运中心),16,高速路口,高铁公交客运中心,2025-01-20 08:24:00,2025-01-20 12:25:16,69713.0,18.76106750392465,222.94999999999996,"(114.94993554574914, 35.78774299227658)","(115.14304645406683, 35.76764522575136)",河南省,濮阳市,90,1,15889,large,-0.1899999999999998,42,69.7647861658299
410900010140,16路(高铁公交客运中心--高速路口),16,高铁公交客运中心,高速路口,2025-01-20 11:16:00,2025-01-20 12:28:01,23339.0,19.44466558666975,72.01666666666667,"(115.14304445029791, 35.76764522240244)","(114.94897631865581, 35.78814200862841)",河南省,濮阳市,80,2,13667,large,0.1899999999999999,43,23.779686550890997
410900010141,16路(高速路口--高铁公交客运中心),16,高速路口,高铁公交客运中心,2025-01-20 11:29:00,2025-01-20 12:42:16,23187.0,18.9884440400364,73.26666666666667,"(114.94993554574914, 35.78774299227658)","(115.14304645406683, 35.76764522575136)",河南省,濮阳市,85,2,15889,large,-0.1899999999999998,42,23.079850963694263
410900010140,16路(高铁公交客运中心--高速路口),16,高铁公交客运中心,高速路口,2025-01-20 11:30:00,2025-01-20 12:42:01,23339.0,19.44466558666975,72.01666666666667,"(115.14304445029791, 35.76764522240244)","(114.94897631865581, 35.78814200862841)",河南省,濮阳市,82,2,13667,large,0.1899999999999999,43,23.779686550890997
410900010140,16路(高铁公交客运中心--高速路口),16,高铁公交客运中心,高速路口,2025-01-20 11:45:00,2025-01-20 12:57:01,23339.0,19.44466558666975,72.01666666666667,"(115.14304445029791, 35.76764522240244)","(114.94897631865581, 35.78814200862841)",河南省,濮阳市,84,2,13667,large,0.1899999999999999,43,23.779686550890997
410900010141,16路(高速路口--高铁公交客运中心),16,高速路口,高铁公交客运中心,2025-01-20 11:55:00,2025-01-20 13:08:16,23187.0,18.9884440400364,73.26666666666667,"(114.94993554574914, 35.78774299227658)","(115.14304645406683, 35.76764522575136)",河南省,濮阳市,87,2,15889,large,-0.1899999999999998,42,23.079850963694263
410900010140,16路(高铁公交客运中心--高速路口),16,高铁公交客运中心,高速路口,2025-01-20 11:59:00,2025-01-20 13:11:01,23339.0,19.44466558666975,72.01666666666667,"(115.14304445029791, 35.76764522240244)","(114.94897631865581, 35.78814200862841)",河南省,濮阳市,88,2,13667,large,0.1899999999999999,43,23.779686550890997
410900010141,16路(高速路口--高铁公交客运中心),16,高速路口,高铁公交客运中心,2025-01-20 12:11:00,2025-01-20 13:24:16,23187.0,18.9884440400364,73.26666666666667,"(114.94993554574914, 35.78774299227658)","(115.14304645406683, 35.76764522575136)",河南省,濮阳市,89,2,15889,large,-0.1899999999999998,42,23.079850963694263
410900010140,16路(高铁公交客运中心--高速路口),16,高铁公交客运中心,高速路口,2025-01-20 12:18:00,2025-01-20 13:30:01,23339.0,19.44466558666975,72.01666666666667,"(115.14304445029791, 35.76764522240244)","(114.94897631865581, 35.78814200862841)",河南省,濮阳市,81,3,13667,large,0.1899999999999999,43,23.779686550890997
410900010141,16路(高速路口--高铁公交客运中心),16,高速路口,高铁公交客运中心,2025-01-20 12:28:00,2025-01-20 13:41:16,23187.0,18.9884440400364,73.26666666666667,"(114.94993554574914, 35.78774299227658)","(115.14304645406683, 35.76764522575136)",河南省,濮阳市,78,3,15889,large,-0.1899999999999998,42,23.079850963694263
410900010140,16路(高铁公交客运中心--高速路口),16,高铁公交客运中心,高速路口,2025-01-20 12:37:00,2025-01-20 13:49:01,23339.0,19.44466558666975,72.01666666666667,"(115.14304445029791, 35.76764522240244)","(114.94897631865581, 35.78814200862841)",河南省,濮阳市,90,2,13667,large,0.1899999999999999,43,23.779686550890997
410900010141,16路(高速路口--高铁公交客运中心),16,高速路口,高铁公交客运中心,2025-01-20 12:46:00,2025-01-20 13:59:16,23187.0,18.9884440400364,73.26666666666667,"(114.94993554574914, 35.78774299227658)","(115.14304645406683, 35.76764522575136)",河南省,濮阳市,80,3,15889,large,-0.1899999999999998,42,23.079850963694263
410900010140,16路(高铁公交客运中心--高速路口),16,高铁公交客运中心,高速路口,2025-01-20 12:55:00,2025-01-20 14:07:01,23339.0,19.44466558666975,72.01666666666667,"(115.14304445029791, 35.76764522240244)","(114.94897631865581, 35.78814200862841)",河南省,濮阳市,85,3,13667,large,0.1899999999999999,43,23.779686550890997
410900010141,16路(高速路口--高铁公交客运中心),16,高速路口,高铁公交客运中心,2025-01-20 13:05:00,2025-01-20 14:18:16,23187.0,18.9884440400364,73.26666666666667,"(114.94993554574914, 35.78774299227658)","(115.14304645406683, 35.76764522575136)",河南省,濮阳市,84,3,15889,large,-0.1899999999999998,42,23.079850963694263
410900010141,16路(高速路口--高铁公交客运中心),16,高速路口,高铁公交客运中心,2025-01-20 13:22:00,2025-01-20 14:35:16,23187.0,18.9884440400364,73.26666666666667,"(114.94993554574914, 35.78774299227658)","(115.14304645406683, 35.76764522575136)",河南省,濮阳市,88,3,15889,large,-0.1899999999999998,42,23.079850963694263
410900010140,16路(高铁公交客运中心--高速路口),16,高铁公交客运中心,高速路口,2025-01-20 13:33:00,2025-01-20 14:45:01,23339.0,19.44466558666975,72.01666666666667,"(115.14304445029791, 35.76764522240244)","(114.94897631865581, 35.78814200862841)",河南省,濮阳市,89,3,13667,large,0.1899999999999999,43,23.779686550890997
410900010141,16路(高速路口--高铁公交客运中心),16,高速路口,高铁公交客运中心,2025-01-20 13:41:00,2025-01-20 14:54:16,23187.0,18.9884440400364,73.26666666666667,"(114.94993554574914, 35.78774299227658)","(115.14304645406683, 35.76764522575136)",河南省,濮阳市,81,4,15889,large,-0.1899999999999998,42,23.079850963694263
410900010140,16路(高铁公交客运中心--高速路口),16,高铁公交客运中心,高速路口,2025-01-20 13:52:00,2025-01-20 15:04:01,23339.0,19.44466558666975,72.01666666666667,"(115.14304445029791, 35.76764522240244)","(114.94897631865581, 35.78814200862841)",河南省,濮阳市,78,4,13667,large,0.1899999999999999,43,23.779686550890997
410900010141,16路(高速路口--高铁公交客运中心),16,高速路口,高铁公交客运中心,2025-01-20 13:59:00,2025-01-20 15:12:16,23187.0,18.9884440400364,73.26666666666667,"(114.94993554574914, 35.78774299227658)","(115.14304645406683, 35.76764522575136)",河南省,濮阳市,90,3,15889,large,-0.1899999999999998,42,23.079850963694263
410900010140,16路(高铁公交客运中心--高速路口),16,高铁公交客运中心,高速路口,2025-01-20 14:07:00,2025-01-20 15:19:01,23339.0,19.44466558666975,72.01666666666667,"(115.14304445029791, 35.76764522240244)","(114.94897631865581, 35.78814200862841)",河南省,濮阳市,80,4,13667,large,0.1899999999999999,43,23.779686550890997
410900010141,16路(高速路口--高铁公交客运中心),16,高速路口,高铁公交客运中心,2025-01-20 14:26:00,2025-01-20 15:39:16,23187.0,18.9884440400364,73.26666666666667,"(114.94993554574914, 35.78774299227658)","(115.14304645406683, 35.76764522575136)",河南省,濮阳市,85,4,15889,large,-0.1899999999999998,42,23.079850963694263
410900010140,16路(高铁公交客运中心--高速路口),16,高铁公交客运中心,高速路口,2025-01-20 14:37:00,2025-01-20 15:49:01,23339.0,19.44466558666975,72.01666666666667,"(115.14304445029791, 35.76764522240244)","(114.94897631865581, 35.78814200862841)",河南省,濮阳市,84,4,13667,large,0.1899999999999999,43,23.779686550890997
410900010141,16路(高速路口--高铁公交客运中心),16,高速路口,高铁公交客运中心,2025-01-20 11:42:00,2025-01-20 15:53:16,69713.0,19.138778311599175,218.55,"(114.94993554574914, 35.78774299227658)","(115.14304645406683, 35.76764522575136)",河南省,濮阳市,91,1,15889,large,-0.1899999999999998,42,69.93938847827951
410900010140,16路(高铁公交客运中心--高速路口),16,高铁公交客运中心,高速路口,2025-01-20 14:52:00,2025-01-20 16:04:01,23339.0,19.44466558666975,72.01666666666667,"(115.14304445029791, 35.76764522240244)","(114.94897631865581, 35.78814200862841)",河南省,濮阳市,88,4,13667,large,0.1899999999999999,43,23.779686550890997
410900010141,16路(高速路口--高铁公交客运中心),16,高速路口,高铁公交客运中心,2025-01-20 14:54:00,2025-01-20 16:07:16,23187.0,18.9884440400364,73.26666666666667,"(114.94993554574914, 35.78774299227658)","(115.14304645406683, 35.76764522575136)",河南省,濮阳市,89,4,15889,large,-0.1899999999999998,42,23.079850963694263
410900010140,16路(高铁公交客运中心--高速路口),16,高铁公交客运中心,高速路口,2025-01-20 15:09:00,2025-01-20 16:21:01,23339.0,19.44466558666975,72.01666666666667,"(115.14304445029791, 35.76764522240244)","(114.94897631865581, 35.78814200862841)",河南省,濮阳市,81,5,13667,large,0.1899999999999999,43,23.779686550890997
410900010140,16路(高铁公交客运中心--高速路口),16,高铁公交客运中心,高速路口,2025-01-20 15:26:00,2025-01-20 16:38:01,23339.0,19.44466558666975,72.01666666666667,"(115.14304445029791, 35.76764522240244)","(114.94897631865581, 35.78814200862841)",河南省,濮阳市,90,4,13667,large,0.1899999999999999,43,23.779686550890997
410900010141,16路(高速路口--高铁公交客运中心),16,高速路口,高铁公交客运中心,2025-01-20 15:26:00,2025-01-20 16:39:16,23187.0,18.9884440400364,73.26666666666667,"(114.94993554574914, 35.78774299227658)","(115.14304645406683, 35.76764522575136)",河南省,濮阳市,80,5,15889,large,-0.1899999999999998,42,23.079850963694263
410900010140,16路(高铁公交客运中心--高速路口),16,高铁公交客运中心,高速路口,2025-01-20 16:00:00,2025-01-20 17:12:01,23339.0,19.44466558666975,72.01666666666667,"(115.14304445029791, 35.76764522240244)","(114.94897631865581, 35.78814200862841)",河南省,濮阳市,91,2,13667,large,0.1899999999999999,43,23.779686550890997
410900010141,16路(高速路口--高铁公交客运中心),16,高速路口,高铁公交客运中心,2025-01-20 16:05:00,2025-01-20 17:18:16,23187.0,18.9884440400364,73.26666666666667,"(114.94993554574914, 35.78774299227658)","(115.14304645406683, 35.76764522575136)",河南省,濮阳市,84,5,15889,large,-0.1899999999999998,42,23.079850963694263
410900010140,16路(高铁公交客运中心--高速路口),16,高铁公交客运中心,高速路口,2025-01-20 16:17:00,2025-01-20 17:29:01,23339.0,19.44466558666975,72.01666666666667,"(115.14304445029791, 35.76764522240244)","(114.94897631865581, 35.78814200862841)",河南省,濮阳市,89,5,13667,large,0.1899999999999999,43,23.779686550890997
410900010141,16路(高速路口--高铁公交客运中心),16,高速路口,高铁公交客运中心,2025-01-20 16:24:00,2025-01-20 17:37:16,23187.0,18.9884440400364,73.26666666666667,"(114.94993554574914, 35.78774299227658)","(115.14304645406683, 35.76764522575136)",河南省,濮阳市,88,5,15889,large,-0.1899999999999998,42,23.079850963694263
410900010141,16路(高速路口--高铁公交客运中心),16,高速路口,高铁公交客运中心,2025-01-20 16:43:00,2025-01-20 17:56:16,23187.0,18.9884440400364,73.26666666666667,"(114.94993554574914, 35.78774299227658)","(115.14304645406683, 35.76764522575136)",河南省,濮阳市,81,6,15889,large,-0.1899999999999998,42,23.079850963694263
410900010140,16路(高铁公交客运中心--高速路口),16,高铁公交客运中心,高速路口,2025-01-20 16:51:00,2025-01-20 18:03:01,23339.0,19.44466558666975,72.01666666666667,"(115.14304445029791, 35.76764522240244)","(114.94897631865581, 35.78814200862841)",河南省,濮阳市,80,6,13667,large,0.1899999999999999,43,23.779686550890997
410900010141,16路(高速路口--高铁公交客运中心),16,高速路口,高铁公交客运中心,2025-01-20 14:11:00,2025-01-20 18:19:40,69713.0,18.761067503924647,222.95,"(114.94993554574914, 35.78774299227658)","(115.14304645406683, 35.76764522575136)",河南省,濮阳市,92,1,15889,large,-0.1899999999999998,42,69.76478616582989
410900010140,16路(高铁公交客运中心--高速路口),16,高铁公交客运中心,高速路口,2025-01-20 14:22:00,2025-01-20 18:26:15,69865.0,18.837177950868785,222.5333333333333,"(115.14304445029791, 35.76764522240244)","(114.94897631865581, 35.78814200862841)",河南省,濮阳市,93,1,13667,large,0.1899999999999999,43,70.42401494526487
410900010141,16路(高速路口--高铁公交客运中心),16,高速路口,高铁公交客运中心,2025-01-20 17:20:00,2025-01-20 18:37:40,23187.0,17.912703862660944,77.66666666666667,"(114.94993554574914, 35.78774299227658)","(115.14304645406683, 35.76764522575136)",河南省,濮阳市,91,3,15889,large,-0.1899999999999998,42,22.905248651244637
410900010140,16路(高铁公交客运中心--高速路口),16,高铁公交客运中心,高速路口,2025-01-20 17:25:00,2025-01-20 18:42:15,23339.0,18.127378640776698,77.25,"(115.14304445029791, 35.76764522240244)","(114.94897631865581, 35.78814200862841)",河南省,濮阳市,84,6,13667,large,0.1899999999999999,43,23.56447743067961
410900010141,16路(高速路口--高铁公交客运中心),16,高速路口,高铁公交客运中心,2025-01-20 17:40:00,2025-01-20 18:57:40,23187.0,17.912703862660944,77.66666666666667,"(114.94993554574914, 35.78774299227658)","(115.14304645406683, 35.76764522575136)",河南省,濮阳市,89,6,15889,large,-0.1899999999999998,42,22.905248651244637
410900010140,16路(高铁公交客运中心--高速路口),16,高铁公交客运中心,高速路口,2025-01-20 17:42:00,2025-01-20 18:59:15,23339.0,18.1273786407767,77.24999999999999,"(115.14304445029791, 35.76764522240244)","(114.94897631865581, 35.78814200862841)",河南省,濮阳市,95,1,13667,large,0.1899999999999999,43,23.56447743067961
410900010141,16路(高速路口--高铁公交客运中心),16,高速路口,高铁公交客运中心,2025-01-20 15:08:00,2025-01-20 19:16:40,69713.0,18.761067503924647,222.95,"(114.94993554574914, 35.78774299227658)","(115.14304645406683, 35.76764522575136)",河南省,濮阳市,94,1,15889,large,-0.1899999999999998,42,69.76478616582989
410900010140,16路(高铁公交客运中心--高速路口),16,高铁公交客运中心,高速路口,2025-01-20 17:59:00,2025-01-20 19:16:15,23339.0,18.127378640776698,77.25,"(115.14304445029791, 35.76764522240244)","(114.94897631865581, 35.78814200862841)",河南省,濮阳市,88,6,13667,large,0.1899999999999999,43,23.56447743067961
410900010141,16路(高速路口--高铁公交客运中心),16,高速路口,高铁公交客运中心,2025-01-20 18:13:00,2025-01-20 19:30:40,23187.0,17.912703862660944,77.66666666666667,"(114.94993554574914, 35.78774299227658)","(115.14304645406683, 35.76764522575136)",河南省,濮阳市,80,7,15889,large,-0.1899999999999998,42,22.905248651244637
410900010140,16路(高铁公交客运中心--高速路口),16,高铁公交客运中心,高速路口,2025-01-20 18:14:00,2025-01-20 19:31:15,23339.0,18.127378640776698,77.25,"(115.14304445029791, 35.76764522240244)","(114.94897631865581, 35.78814200862841)",河南省,濮阳市,81,7,13667,large,0.1899999999999999,43,23.56447743067961
410900010141,16路(高速路口--高铁公交客运中心),16,高速路口,高铁公交客运中心,2025-01-20 18:28:00,2025-01-20 19:45:40,23187.0,17.912703862660944,77.66666666666667,"(114.94993554574914, 35.78774299227658)","(115.14304645406683, 35.76764522575136)",河南省,濮阳市,96,1,15889,large,-0.1899999999999998,42,22.905248651244637
410900010140,16路(高铁公交客运中心--高速路口),16,高铁公交客运中心,高速路口,2025-01-20 18:29:00,2025-01-20 19:46:15,23339.0,18.127378640776698,77.25,"(115.14304445029791, 35.76764522240244)","(114.94897631865581, 35.78814200862841)",河南省,濮阳市,92,2,13667,large,0.1899999999999999,43,23.56447743067961
410900010140,16路(高铁公交客运中心--高速路口),16,高铁公交客运中心,高速路口,2025-01-20 18:44:00,2025-01-20 20:01:15,23339.0,18.127378640776698,77.25,"(115.14304445029791, 35.76764522240244)","(114.94897631865581, 35.78814200862841)",河南省,濮阳市,91,4,13667,large,0.1899999999999999,43,23.56447743067961
410900010141,16路(高速路口--高铁公交客运中心),16,高速路口,高铁公交客运中心,2025-01-20 18:44:00,2025-01-20 20:01:40,23187.0,17.912703862660944,77.66666666666667,"(114.94993554574914, 35.78774299227658)","(115.14304645406683, 35.76764522575136)",河南省,濮阳市,93,2,15889,large,-0.1899999999999998,42,22.905248651244637
410900010141,16路(高速路口--高铁公交客运中心),16,高速路口,高铁公交客运中心,2025-01-20 18:57:00,2025-01-20 20:14:40,23187.0,17.912703862660944,77.66666666666667,"(114.94993554574914, 35.78774299227658)","(115.14304645406683, 35.76764522575136)",河南省,濮阳市,84,7,15889,large,-0.1899999999999998,42,22.905248651244637
410900010140,16路(高铁公交客运中心--高速路口),16,高铁公交客运中心,高速路口,2025-01-20 19:00:00,2025-01-20 20:12:01,23339.0,19.44466558666975,72.01666666666667,"(115.14304445029791, 35.76764522240244)","(114.94897631865581, 35.78814200862841)",河南省,濮阳市,97,1,13667,large,0.1899999999999999,43,23.779686550890997
410900010141,16路(高速路口--高铁公交客运中心),16,高速路口,高铁公交客运中心,2025-01-20 19:18:00,2025-01-20 20:31:16,23187.0,18.9884440400364,73.26666666666667,"(114.94993554574914, 35.78774299227658)","(115.14304645406683, 35.76764522575136)",河南省,濮阳市,95,2,15889,large,-0.1899999999999998,42,23.079850963694263
410900010140,16路(高铁公交客运中心--高速路口),16,高铁公交客运中心,高速路口,2025-01-20 19:45:00,2025-01-20 20:57:01,23339.0,19.44466558666975,72.01666666666667,"(115.14304445029791, 35.76764522240244)","(114.94897631865581, 35.78814200862841)",河南省,濮阳市,94,2,13667,large,0.1899999999999999,43,23.779686550890997
410900010065,17路(特车厂--王什),17,特车厂,王什,2025-01-20 06:44:00,2025-01-20 07:42:34,19639.0,20.11958993832683,58.566800000000015,"(115.06454051468467, 35.735589184596336)","(114.99656399639653, 35.835772240472416)",河南省,濮阳市,101,1,15944,large,0.076,35,19.867299884462145
410900010024,17路(王什--特车厂),17,王什,特车厂,2025-01-20 07:48:00,2025-01-20 08:46:32,19615.0,20.10649202733485,58.538,"(114.99649028620898, 35.83577146552151)","(115.06443071934245, 35.73544238213214)",河南省,濮阳市,101,2,13327,large,-0.0759999999999999,35,19.694783887813205
410900010065,17路(特车厂--王什),17,特车厂,王什,2025-01-20 06:43:00,2025-01-20 08:53:34,39254.0,20.112241342797216,117.10480000000003,"(114.99649028620898, 35.83577146552151)","(114.99656399639653, 35.835772240472416)",河南省,濮阳市,100,1,15944,large,0.076,35,39.56208377227536
410900010024,17路(王什--特车厂),17,王什,特车厂,2025-01-20 09:09:00,2025-01-20 10:07:32,19615.0,20.10649202733485,58.538,"(114.99649028620898, 35.83577146552151)","(115.06443071934245, 35.73544238213214)",河南省,濮阳市,100,2,13327,large,-0.0759999999999999,35,19.694783887813205
410900010024,17路(王什--特车厂),17,王什,特车厂,2025-01-20 06:31:00,2025-01-20 11:04:32,78508.0,20.112241342797216,234.20960000000002,"(115.06454051468467, 35.735589184596336)","(115.06443071934245, 35.73544238213214)",河南省,濮阳市,99,1,13327,large,-0.0759999999999999,35,79.12416754455069
410900010065,17路(特车厂--王什),17,特车厂,王什,2025-01-20 06:30:00,2025-01-20 11:10:34,78508.0,20.112241342797216,234.20960000000002,"(114.99649028620898, 35.83577146552151)","(114.99656399639653, 35.835772240472416)",河南省,濮阳市,98,1,15944,large,0.076,35,79.12416754455069
410900010065,17路(特车厂--王什),17,特车厂,王什,2025-01-20 06:56:00,2025-01-20 11:27:34,78508.0,20.112241342797216,234.20960000000002,"(114.99649028620898, 35.83577146552151)","(114.99656399639653, 35.835772240472416)",河南省,濮阳市,102,1,15944,large,0.076,35,79.12416754455069
410900010024,17路(王什--特车厂),17,王什,特车厂,2025-01-20 06:59:00,2025-01-20 11:35:32,78508.0,20.112241342797216,234.20960000000002,"(115.06454051468467, 35.735589184596336)","(115.06443071934245, 35.73544238213214)",河南省,濮阳市,103,1,13327,large,-0.0759999999999999,35,79.12416754455069
410900010065,17路(特车厂--王什),17,特车厂,王什,2025-01-20 07:09:00,2025-01-20 11:43:34,78508.0,20.112241342797216,234.20960000000002,"(114.99649028620898, 35.83577146552151)","(114.99656399639653, 35.835772240472416)",河南省,濮阳市,104,1,15944,large,0.076,35,79.12416754455069
410900010024,17路(王什--特车厂),17,王什,特车厂,2025-01-20 07:13:00,2025-01-20 11:51:32,78508.0,20.112241342797216,234.20960000000002,"(115.06454051468467, 35.735589184596336)","(115.06443071934245, 35.73544238213214)",河南省,濮阳市,105,1,13327,large,-0.0759999999999999,35,79.12416754455069
410900010065,17路(特车厂--王什),17,特车厂,王什,2025-01-20 07:22:00,2025-01-20 12:00:34,78508.0,20.112241342797216,234.20960000000002,"(114.99649028620898, 35.83577146552151)","(114.99656399639653, 35.835772240472416)",河南省,濮阳市,106,1,15944,large,0.076,35,79.12416754455069
410900010024,17路(王什--特车厂),17,王什,特车厂,2025-01-20 07:26:00,2025-01-20 12:09:32,78508.0,20.112241342797216,234.20960000000002,"(115.06454051468467, 35.735589184596336)","(115.06443071934245, 35.73544238213214)",河南省,濮阳市,107,1,13327,large,-0.0759999999999999,35,79.12416754455069
410900010065,17路(特车厂--王什),17,特车厂,王什,2025-01-20 11:19:00,2025-01-20 12:17:34,19639.0,20.11963574274331,58.56680000000001,"(115.06454051468467, 35.735589184596336)","(114.99656399639653, 35.835772240472416)",河南省,濮阳市,99,2,15944,large,0.076,35,19.867299884462145
410900010024,17路(王什--特车厂),17,王什,特车厂,2025-01-20 11:27:00,2025-01-20 12:25:32,19615.0,20.10649202733485,58.538,"(114.99649028620898, 35.83577146552151)","(115.06443071934245, 35.73544238213214)",河南省,濮阳市,98,2,13327,large,-0.0759999999999999,35,19.694783887813205
410900010065,17路(特车厂--王什),17,特车厂,王什,2025-01-20 08:00:00,2025-01-20 12:36:34,78508.0,20.112241342797216,234.20960000000002,"(114.99649028620898, 35.83577146552151)","(114.99656399639653, 35.835772240472416)",河南省,濮阳市,108,1,15944,large,0.076,35,79.12416754455069
410900010024,17路(王什--特车厂),17,王什,特车厂,2025-01-20 11:45:00,2025-01-20 12:43:32,19615.0,20.10649202733485,58.538,"(114.99649028620898, 35.83577146552151)","(115.06443071934245, 35.73544238213214)",河南省,濮阳市,102,2,13327,large,-0.0759999999999999,35,19.694783887813205
410900010065,17路(特车厂--王什),17,特车厂,王什,2025-01-20 11:53:00,2025-01-20 12:51:34,19639.0,20.11963574274331,58.56680000000001,"(115.06454051468467, 35.735589184596336)","(114.99656399639653, 35.835772240472416)",河南省,濮阳市,103,2,15944,large,0.076,35,19.867299884462145
410900010024,17路(王什--特车厂),17,王什,特车厂,2025-01-20 12:01:00,2025-01-20 12:59:32,19615.0,20.10649202733485,58.538,"(114.99649028620898, 35.83577146552151)","(115.06443071934245, 35.73544238213214)",河南省,濮阳市,104,2,13327,large,-0.0759999999999999,35,19.694783887813205
410900010065,17路(特车厂--王什),17,特车厂,王什,2025-01-20 12:10:00,2025-01-20 13:08:34,19639.0,20.11963574274331,58.56680000000001,"(115.06454051468467, 35.735589184596336)","(114.99656399639653, 35.835772240472416)",河南省,濮阳市,105,2,15944,large,0.076,35,19.867299884462145
410900010024,17路(王什--特车厂),17,王什,特车厂,2025-01-20 12:19:00,2025-01-20 13:17:32,19615.0,20.10649202733485,58.538,"(114.99649028620898, 35.83577146552151)","(115.06443071934245, 35.73544238213214)",河南省,濮阳市,106,2,13327,large,-0.0759999999999999,35,19.694783887813205
410900010065,17路(特车厂--王什),17,特车厂,王什,2025-01-20 12:27:00,2025-01-20 13:25:34,19639.0,20.11963574274331,58.56680000000001,"(115.06454051468467, 35.735589184596336)","(114.99656399639653, 35.835772240472416)",河南省,濮阳市,107,2,15944,large,0.076,35,19.867299884462145
410900010024,17路(王什--特车厂),17,王什,特车厂,2025-01-20 12:35:00,2025-01-20 13:33:32,19615.0,20.10649202733485,58.538,"(114.99649028620898, 35.83577146552151)","(115.06443071934245, 35.73544238213214)",河南省,濮阳市,99,3,13327,large,-0.0759999999999999,35,19.694783887813205
410900010065,17路(特车厂--王什),17,特车厂,王什,2025-01-20 12:44:00,2025-01-20 13:42:34,19639.0,20.11963574274331,58.56680000000001,"(115.06454051468467, 35.735589184596336)","(114.99656399639653, 35.835772240472416)",河南省,濮阳市,98,3,15944,large,0.076,35,19.867299884462145
410900010024,17路(王什--特车厂),17,王什,特车厂,2025-01-20 12:53:00,2025-01-20 13:51:32,19615.0,20.10649202733485,58.538,"(114.99649028620898, 35.83577146552151)","(115.06443071934245, 35.73544238213214)",河南省,濮阳市,108,2,13327,large,-0.0759999999999999,35,19.694783887813205
410900010065,17路(特车厂--王什),17,特车厂,王什,2025-01-20 13:01:00,2025-01-20 13:59:34,19639.0,20.11963574274331,58.56680000000001,"(115.06454051468467, 35.735589184596336)","(114.99656399639653, 35.835772240472416)",河南省,濮阳市,102,3,15944,large,0.076,35,19.867299884462145
410900010024,17路(王什--特车厂),17,王什,特车厂,2025-01-20 13:10:00,2025-01-20 14:08:32,19615.0,20.10649202733485,58.538,"(114.99649028620898, 35.83577146552151)","(115.06443071934245, 35.73544238213214)",河南省,濮阳市,103,3,13327,large,-0.0759999999999999,35,19.694783887813205
410900010065,17路(特车厂--王什),17,特车厂,王什,2025-01-20 13:18:00,2025-01-20 14:16:34,19639.0,20.11963574274331,58.56680000000001,"(115.06454051468467, 35.735589184596336)","(114.99656399639653, 35.835772240472416)",河南省,濮阳市,104,3,15944,large,0.076,35,19.867299884462145
410900010024,17路(王什--特车厂),17,王什,特车厂,2025-01-20 13:27:00,2025-01-20 14:25:32,19615.0,20.10649202733485,58.538,"(114.99649028620898, 35.83577146552151)","(115.06443071934245, 35.73544238213214)",河南省,濮阳市,105,3,13327,large,-0.0759999999999999,35,19.694783887813205
410900010065,17路(特车厂--王什),17,特车厂,王什,2025-01-20 13:35:00,2025-01-20 14:33:34,19639.0,20.11963574274331,58.56680000000001,"(115.06454051468467, 35.735589184596336)","(114.99656399639653, 35.835772240472416)",河南省,濮阳市,106,3,15944,large,0.076,35,19.867299884462145
410900010024,17路(王什--特车厂),17,王什,特车厂,2025-01-20 13:43:00,2025-01-20 14:41:32,19615.0,20.10649202733485,58.538,"(114.99649028620898, 35.83577146552151)","(115.06443071934245, 35.73544238213214)",河南省,濮阳市,107,3,13327,large,-0.0759999999999999,35,19.694783887813205
410900010065,17路(特车厂--王什),17,特车厂,王什,2025-01-20 13:52:00,2025-01-20 14:50:34,19639.0,20.11963574274331,58.56680000000001,"(115.06454051468467, 35.735589184596336)","(114.99656399639653, 35.835772240472416)",河南省,濮阳市,99,4,15944,large,0.076,35,19.867299884462145
410900010024,17路(王什--特车厂),17,王什,特车厂,2025-01-20 14:00:00,2025-01-20 14:58:32,19615.0,20.10649202733485,58.538,"(114.99649028620898, 35.83577146552151)","(115.06443071934245, 35.73544238213214)",河南省,濮阳市,98,4,13327,large,-0.0759999999999999,35,19.694783887813205
410900010065,17路(特车厂--王什),17,特车厂,王什,2025-01-20 14:09:00,2025-01-20 15:07:34,19639.0,20.11963574274331,58.56680000000001,"(115.06454051468467, 35.735589184596336)","(114.99656399639653, 35.835772240472416)",河南省,濮阳市,108,3,15944,large,0.076,35,19.867299884462145
410900010024,17路(王什--特车厂),17,王什,特车厂,2025-01-20 14:18:00,2025-01-20 15:16:32,19615.0,20.10649202733485,58.538,"(114.99649028620898, 35.83577146552151)","(115.06443071934245, 35.73544238213214)",河南省,濮阳市,102,4,13327,large,-0.0759999999999999,35,19.694783887813205
410900010065,17路(特车厂--王什),17,特车厂,王什,2025-01-20 14:24:00,2025-01-20 15:22:34,19639.0,20.11963574274331,58.56680000000001,"(115.06454051468467, 35.735589184596336)","(114.99656399639653, 35.835772240472416)",河南省,濮阳市,103,4,15944,large,0.076,35,19.867299884462145
410900010024,17路(王什--特车厂),17,王什,特车厂,2025-01-20 14:35:00,2025-01-20 15:33:32,19615.0,20.10649202733485,58.538,"(114.99649028620898, 35.83577146552151)","(115.06443071934245, 35.73544238213214)",河南省,濮阳市,104,4,13327,large,-0.0759999999999999,35,19.694783887813205
410900010065,17路(特车厂--王什),17,特车厂,王什,2025-01-20 14:39:00,2025-01-20 15:37:34,19639.0,20.11963574274331,58.56680000000001,"(115.06454051468467, 35.735589184596336)","(114.99656399639653, 35.835772240472416)",河南省,濮阳市,105,4,15944,large,0.076,35,19.867299884462145
410900010024,17路(王什--特车厂),17,王什,特车厂,2025-01-20 14:51:00,2025-01-20 15:49:32,19615.0,20.10649202733485,58.538,"(114.99649028620898, 35.83577146552151)","(115.06443071934245, 35.73544238213214)",河南省,濮阳市,106,4,13327,large,-0.0759999999999999,35,19.694783887813205
410900010065,17路(特车厂--王什),17,特车厂,王什,2025-01-20 14:55:00,2025-01-20 15:53:34,19639.0,20.11963574274331,58.56680000000001,"(115.06454051468467, 35.735589184596336)","(114.99656399639653, 35.835772240472416)",河南省,濮阳市,107,4,15944,large,0.076,35,19.867299884462145
410900010024,17路(王什--特车厂),17,王什,特车厂,2025-01-20 15:09:00,2025-01-20 16:07:32,19615.0,20.10649202733485,58.538,"(114.99649028620898, 35.83577146552151)","(115.06443071934245, 35.73544238213214)",河南省,濮阳市,99,5,13327,large,-0.0759999999999999,35,19.694783887813205
410900010065,17路(特车厂--王什),17,特车厂,王什,2025-01-20 15:09:00,2025-01-20 16:07:34,19639.0,20.11963574274331,58.56680000000001,"(115.06454051468467, 35.735589184596336)","(114.99656399639653, 35.835772240472416)",河南省,濮阳市,98,5,15944,large,0.076,35,19.867299884462145
410900010065,17路(特车厂--王什),17,特车厂,王什,2025-01-20 15:24:00,2025-01-20 16:22:34,19639.0,20.11963574274331,58.56680000000001,"(115.06454051468467, 35.735589184596336)","(114.99656399639653, 35.835772240472416)",河南省,濮阳市,102,5,15944,large,0.076,35,19.867299884462145
410900010024,17路(王什--特车厂),17,王什,特车厂,2025-01-20 15:25:00,2025-01-20 16:23:32,19615.0,20.10649202733485,58.538,"(114.99649028620898, 35.83577146552151)","(115.06443071934245, 35.73544238213214)",河南省,濮阳市,108,4,13327,large,-0.0759999999999999,35,19.694783887813205
410900010065,17路(特车厂--王什),17,特车厂,王什,2025-01-20 15:40:00,2025-01-20 16:38:34,19639.0,20.11963574274331,58.56680000000001,"(115.06454051468467, 35.735589184596336)","(114.99656399639653, 35.835772240472416)",河南省,濮阳市,104,5,15944,large,0.076,35,19.867299884462145
410900010024,17路(王什--特车厂),17,王什,特车厂,2025-01-20 15:41:00,2025-01-20 16:39:32,19615.0,20.10649202733485,58.538,"(114.99649028620898, 35.83577146552151)","(115.06443071934245, 35.73544238213214)",河南省,濮阳市,103,5,13327,large,-0.0759999999999999,35,19.694783887813205
410900010024,17路(王什--特车厂),17,王什,特车厂,2025-01-20 15:56:00,2025-01-20 16:54:32,19615.0,20.10649202733485,58.538,"(114.99649028620898, 35.83577146552151)","(115.06443071934245, 35.73544238213214)",河南省,濮阳市,105,5,13327,large,-0.0759999999999999,35,19.694783887813205
410900010065,17路(特车厂--王什),17,特车厂,王什,2025-01-20 16:09:00,2025-01-20 17:07:34,19639.0,20.11963574274331,58.56680000000001,"(115.06454051468467, 35.735589184596336)","(114.99656399639653, 35.835772240472416)",河南省,濮阳市,106,5,15944,large,0.076,35,19.867299884462145
410900010024,17路(王什--特车厂),17,王什,特车厂,2025-01-20 16:12:00,2025-01-20 17:10:32,19615.0,20.10649202733485,58.538,"(114.99649028620898, 35.83577146552151)","(115.06443071934245, 35.73544238213214)",河南省,濮阳市,107,5,13327,large,-0.0759999999999999,35,19.694783887813205
410900010065,17路(特车厂--王什),17,特车厂,王什,2025-01-20 16:24:00,2025-01-20 17:22:34,19639.0,20.11963574274331,58.56680000000001,"(115.06454051468467, 35.735589184596336)","(114.99656399639653, 35.835772240472416)",河南省,濮阳市,99,6,15944,large,0.076,35,19.867299884462145
410900010024,17路(王什--特车厂),17,王什,特车厂,2025-01-20 16:28:00,2025-01-20 17:26:32,19615.0,20.10649202733485,58.538,"(114.99649028620898, 35.83577146552151)","(115.06443071934245, 35.73544238213214)",河南省,濮阳市,102,6,13327,large,-0.0759999999999999,35,19.694783887813205
410900010065,17路(特车厂--王什),17,特车厂,王什,2025-01-20 16:39:00,2025-01-20 17:37:34,19639.0,20.11963574274331,58.56680000000001,"(115.06454051468467, 35.735589184596336)","(114.99656399639653, 35.835772240472416)",河南省,濮阳市,108,5,15944,large,0.076,35,19.867299884462145
410900010024,17路(王什--特车厂),17,王什,特车厂,2025-01-20 16:46:00,2025-01-20 17:44:32,19615.0,20.10649202733485,58.538,"(114.99649028620898, 35.83577146552151)","(115.06443071934245, 35.73544238213214)",河南省,濮阳市,104,6,13327,large,-0.0759999999999999,35,19.694783887813205
410900010065,17路(特车厂--王什),17,特车厂,王什,2025-01-20 16:55:00,2025-01-20 17:53:34,19639.0,20.11963574274331,58.56680000000001,"(115.06454051468467, 35.735589184596336)","(114.99656399639653, 35.835772240472416)",河南省,濮阳市,103,6,15944,large,0.076,35,19.867299884462145
410900010024,17路(王什--特车厂),17,王什,特车厂,2025-01-20 15:54:00,2025-01-20 18:00:32,39254.0,20.112241342797216,117.10480000000001,"(115.06454051468467, 35.735589184596336)","(115.06443071934245, 35.73544238213214)",河南省,濮阳市,109,1,13327,large,-0.0759999999999999,35,39.56208377227536
410900010065,17路(特车厂--王什),17,特车厂,王什,2025-01-20 17:09:00,2025-01-20 18:07:34,19639.0,20.11963574274331,58.56680000000001,"(115.06454051468467, 35.735589184596336)","(114.99656399639653, 35.835772240472416)",河南省,濮阳市,105,6,15944,large,0.076,35,19.867299884462145
410900010024,17路(王什--特车厂),17,王什,特车厂,2025-01-20 17:18:00,2025-01-20 18:16:32,19615.0,20.10649202733485,58.538,"(114.99649028620898, 35.83577146552151)","(115.06443071934245, 35.73544238213214)",河南省,濮阳市,106,6,13327,large,-0.0759999999999999,35,19.694783887813205
410900010065,17路(特车厂--王什),17,特车厂,王什,2025-01-20 17:25:00,2025-01-20 18:23:34,19639.0,20.11963574274331,58.56680000000001,"(115.06454051468467, 35.735589184596336)","(114.99656399639653, 35.835772240472416)",河南省,濮阳市,107,6,15944,large,0.076,35,19.867299884462145
410900010024,17路(王什--特车厂),17,王什,特车厂,2025-01-20 17:33:00,2025-01-20 18:31:32,19615.0,20.10649202733485,58.538,"(114.99649028620898, 35.83577146552151)","(115.06443071934245, 35.73544238213214)",河南省,濮阳市,99,7,13327,large,-0.0759999999999999,35,19.694783887813205
410900010065,17路(特车厂--王什),17,特车厂,王什,2025-01-20 17:38:00,2025-01-20 18:36:34,19639.0,20.11963574274331,58.56680000000001,"(115.06454051468467, 35.735589184596336)","(114.99656399639653, 35.835772240472416)",河南省,濮阳市,102,7,15944,large,0.076,35,19.867299884462145
410900010024,17路(王什--特车厂),17,王什,特车厂,2025-01-20 17:46:00,2025-01-20 18:44:32,19615.0,20.10649202733485,58.538,"(114.99649028620898, 35.83577146552151)","(115.06443071934245, 35.73544238213214)",河南省,濮阳市,108,6,13327,large,-0.0759999999999999,35,19.694783887813205
410900010065,17路(特车厂--王什),17,特车厂,王什,2025-01-20 17:50:00,2025-01-20 18:48:34,19639.0,20.11963574274331,58.56680000000001,"(115.06454051468467, 35.735589184596336)","(114.99656399639653, 35.835772240472416)",河南省,濮阳市,104,7,15944,large,0.076,35,19.867299884462145
410900010024,17路(王什--特车厂),17,王什,特车厂,2025-01-20 17:57:00,2025-01-20 18:55:32,19615.0,20.10649202733485,58.538,"(114.99649028620898, 35.83577146552151)","(115.06443071934245, 35.73544238213214)",河南省,濮阳市,110,1,13327,large,-0.0759999999999999,35,19.694783887813205
410900010065,17路(特车厂--王什),17,特车厂,王什,2025-01-20 18:04:00,2025-01-20 19:02:34,19639.0,20.11963574274331,58.56680000000001,"(115.06454051468467, 35.735589184596336)","(114.99656399639653, 35.835772240472416)",河南省,濮阳市,111,1,15944,large,0.076,35,19.867299884462145
410900010024,17路(王什--特车厂),17,王什,特车厂,2025-01-20 18:10:00,2025-01-20 19:08:32,19615.0,20.10649202733485,58.538,"(114.99649028620898, 35.83577146552151)","(115.06443071934245, 35.73544238213214)",河南省,濮阳市,103,7,13327,large,-0.0759999999999999,35,19.694783887813205
410900010065,17路(特车厂--王什),17,特车厂,王什,2025-01-20 18:16:00,2025-01-20 19:14:34,19639.0,20.11963574274331,58.56680000000001,"(115.06454051468467, 35.735589184596336)","(114.99656399639653, 35.835772240472416)",河南省,濮阳市,109,2,15944,large,0.076,35,19.867299884462145
410900010024,17路(王什--特车厂),17,王什,特车厂,2025-01-20 18:25:00,2025-01-20 19:23:32,19615.0,20.10649202733485,58.538,"(114.99649028620898, 35.83577146552151)","(115.06443071934245, 35.73544238213214)",河南省,濮阳市,105,7,13327,large,-0.0759999999999999,35,19.694783887813205
410900010065,17路(特车厂--王什),17,特车厂,王什,2025-01-20 18:30:00,2025-01-20 19:28:34,19639.0,20.11963574274331,58.56680000000001,"(115.06454051468467, 35.735589184596336)","(114.99656399639653, 35.835772240472416)",河南省,濮阳市,106,7,15944,large,0.076,35,19.867299884462145
410900010024,17路(王什--特车厂),17,王什,特车厂,2025-01-20 18:43:00,2025-01-20 19:41:32,19615.0,20.10649202733485,58.538,"(114.99649028620898, 35.83577146552151)","(115.06443071934245, 35.73544238213214)",河南省,濮阳市,107,7,13327,large,-0.0759999999999999,35,19.694783887813205
410900010065,17路(特车厂--王什),17,特车厂,王什,2025-01-20 18:45:00,2025-01-20 19:43:34,19639.0,20.11963574274331,58.56680000000001,"(115.06454051468467, 35.735589184596336)","(114.99656399639653, 35.835772240472416)",河南省,濮阳市,99,8,15944,large,0.076,35,19.867299884462145
410900010024,17路(王什--特车厂),17,王什,特车厂,2025-01-20 18:59:00,2025-01-20 19:57:32,19615.0,20.10649202733485,58.538,"(114.99649028620898, 35.83577146552151)","(115.06443071934245, 35.73544238213214)",河南省,濮阳市,104,8,13327,large,-0.0759999999999999,35,19.694783887813205
410900010065,17路(特车厂--王什),17,特车厂,王什,2025-01-20 19:00:00,2025-01-20 19:58:34,19639.0,20.11963574274331,58.56680000000001,"(115.06454051468467, 35.735589184596336)","(114.99656399639653, 35.835772240472416)",河南省,濮阳市,108,7,15944,large,0.076,35,19.867299884462145
900000133784,21路(京开道高阳大街口--公交公司),21,京开道高阳大街口,公交公司,2025-01-20 06:45:00,2025-01-20 07:46:03,15537.0,15.269778869778873,61.04999999999999,"(115.06555463774393, 35.81073277647519)","(115.06537106171513, 35.74523223482266)",河南省,濮阳市,115,1,3055,large,-0.076,27,14.96576148009828
900000133784,21路(京开道高阳大街口--公交公司),21,京开道高阳大街口,公交公司,2025-01-20 07:11:00,2025-01-20 08:19:49,15537.0,13.546427706466456,68.81666666666666,"(115.06555463774393, 35.81073277647519)","(115.06537106171513, 35.74523223482266)",河南省,濮阳市,118,1,3055,large,-0.076,27,14.778331530927584
900000133776,21路(公交公司--龙山公园东),21,公交公司,龙山公园东,2025-01-20 07:12:00,2025-01-20 08:15:52,15859.0,14.89885177453027,63.86666666666667,"(115.06543700011643, 35.7447853352607)","(115.06483866186484, 35.81238808617737)",河南省,濮阳市,119,1,1456,large,0.038,27,15.278695432045929
900000133776,21路(公交公司--龙山公园东),21,公交公司,龙山公园东,2025-01-20 06:30:00,2025-01-20 08:43:52,31396.0,15.080133422281524,124.91666666666664,"(115.06555463774393, 35.81073277647519)","(115.06483866186484, 35.81238808617737)",河南省,濮阳市,112,1,1456,large,0.038,27,30.24445691214421
900000133776,21路(公交公司--龙山公园东),21,公交公司,龙山公园东,2025-01-20 07:56:00,2025-01-20 08:59:52,15859.0,14.89885177453027,63.86666666666667,"(115.06543700011643, 35.7447853352607)","(115.06483866186484, 35.81238808617737)",河南省,濮阳市,115,2,1456,large,0.038,27,15.278695432045929
900000133776,21路(公交公司--龙山公园东),21,公交公司,龙山公园东,2025-01-20 06:30:00,2025-01-20 09:56:52,47255.0,14.801879404855129,191.55,"(115.06543700011643, 35.7447853352607)","(115.06483866186484, 35.81238808617737)",河南省,濮阳市,113,1,1456,large,0.038,27,45.47620650306411
900000133784,21路(京开道高阳大街口--公交公司),21,京开道高阳大街口,公交公司,2025-01-20 09:04:00,2025-01-20 10:05:03,15537.0,15.26977886977887,61.05,"(115.06555463774393, 35.81073277647519)","(115.06537106171513, 35.74523223482266)",河南省,濮阳市,112,2,3055,large,-0.076,27,14.96576148009828
900000133776,21路(公交公司--龙山公园东),21,公交公司,龙山公园东,2025-01-20 07:27:00,2025-01-20 10:52:52,47255.0,14.801879404855129,191.55,"(115.06543700011643, 35.7447853352607)","(115.06483866186484, 35.81238808617737)",河南省,濮阳市,121,1,1456,large,0.038,27,45.47620650306411
900000133784,21路(京开道高阳大街口--公交公司),21,京开道高阳大街口,公交公司,2025-01-20 10:03:00,2025-01-20 11:04:03,15537.0,15.26977886977887,61.05,"(115.06555463774393, 35.81073277647519)","(115.06537106171513, 35.74523223482266)",河南省,濮阳市,113,2,3055,large,-0.076,27,14.96576148009828
900000133784,21路(京开道高阳大街口--公交公司),21,京开道高阳大街口,公交公司,2025-01-20 11:04:00,2025-01-20 12:05:03,15537.0,15.26977886977887,61.05,"(115.06555463774393, 35.81073277647519)","(115.06537106171513, 35.74523223482266)",河南省,濮阳市,121,2,3055,large,-0.076,27,14.96576148009828
900000133784,21路(京开道高阳大街口--公交公司),21,京开道高阳大街口,公交公司,2025-01-20 06:44:00,2025-01-20 13:44:03,94188.0,15.376935286381567,367.51666666666677,"(115.06543700011643, 35.7447853352607)","(115.06537106171513, 35.74523223482266)",河南省,濮阳市,114,1,3055,large,-0.076,27,90.96739311139594
900000133784,21路(京开道高阳大街口--公交公司),21,京开道高阳大街口,公交公司,2025-01-20 06:59:00,2025-01-20 14:04:03,94188.0,15.376935286381567,367.51666666666677,"(115.06543700011643, 35.7447853352607)","(115.06537106171513, 35.74523223482266)",河南省,濮阳市,117,1,3055,large,-0.076,27,90.96739311139594
900000133776,21路(公交公司--龙山公园东),21,公交公司,龙山公园东,2025-01-20 06:58:00,2025-01-20 14:08:52,94188.0,15.493570938999314,364.75,"(115.06555463774393, 35.81073277647519)","(115.06483866186484, 35.81238808617737)",河南省,濮阳市,116,1,1456,large,0.038,27,91.01433895252197
900000133776,21路(公交公司--龙山公园东),21,公交公司,龙山公园东,2025-01-20 07:24:00,2025-01-20 14:47:52,94188.0,15.170542705024381,372.51666666666677,"(115.06555463774393, 35.81073277647519)","(115.06483866186484, 35.81238808617737)",河南省,濮阳市,120,1,1456,large,0.038,27,90.82690900335126
900000133776,21路(公交公司--龙山公园东),21,公交公司,龙山公园东,2025-01-20 14:09:00,2025-01-20 15:07:52,15859.0,16.164326160815403,58.86666666666667,"(115.06543700011643, 35.7447853352607)","(115.06483866186484, 35.81238808617737)",河南省,濮阳市,114,2,1456,large,0.038,27,15.4191795400906
900000133784,21路(京开道高阳大街口--公交公司),21,京开道高阳大街口,公交公司,2025-01-20 14:24:00,2025-01-20 15:25:03,15537.0,15.26977886977887,61.05,"(115.06555463774393, 35.81073277647519)","(115.06537106171513, 35.74523223482266)",河南省,濮阳市,116,2,3055,large,-0.076,27,14.96576148009828
900000133776,21路(公交公司--龙山公园东),21,公交公司,龙山公园东,2025-01-20 14:25:00,2025-01-20 15:23:52,15859.0,16.164326160815403,58.86666666666667,"(115.06543700011643, 35.7447853352607)","(115.06483866186484, 35.81238808617737)",河南省,濮阳市,117,2,1456,large,0.038,27,15.4191795400906
900000133776,21路(公交公司--龙山公园东),21,公交公司,龙山公园东,2025-01-20 08:18:00,2025-01-20 15:37:52,94188.0,15.376935286381567,367.51666666666677,"(115.06555463774393, 35.81073277647519)","(115.06483866186484, 35.81238808617737)",河南省,濮阳市,122,1,1456,large,0.038,27,90.96739311139592
900000133784,21路(京开道高阳大街口--公交公司),21,京开道高阳大街口,公交公司,2025-01-20 08:23:00,2025-01-20 15:45:03,94188.0,15.493570938999314,364.75,"(115.06543700011643, 35.7447853352607)","(115.06537106171513, 35.74523223482266)",河南省,濮阳市,123,1,3055,large,-0.076,27,91.01433895252197
900000133776,21路(公交公司--龙山公园东),21,公交公司,龙山公园东,2025-01-20 08:47:00,2025-01-20 15:53:52,94188.0,15.376935286381567,367.51666666666677,"(115.06555463774393, 35.81073277647519)","(115.06483866186484, 35.81238808617737)",河南省,濮阳市,124,1,1456,large,0.038,27,90.96739311139592
900000133784,21路(京开道高阳大街口--公交公司),21,京开道高阳大街口,公交公司,2025-01-20 15:04:00,2025-01-20 16:05:03,15537.0,15.26977886977887,61.05,"(115.06555463774393, 35.81073277647519)","(115.06537106171513, 35.74523223482266)",河南省,濮阳市,120,2,3055,large,-0.076,27,14.96576148009828
900000133784,21路(京开道高阳大街口--公交公司),21,京开道高阳大街口,公交公司,2025-01-20 15:19:00,2025-01-20 16:20:03,15537.0,15.26977886977887,61.05,"(115.06555463774393, 35.81073277647519)","(115.06537106171513, 35.74523223482266)",河南省,濮阳市,114,3,3055,large,-0.076,27,14.96576148009828
900000133784,21路(京开道高阳大街口--公交公司),21,京开道高阳大街口,公交公司,2025-01-20 15:33:00,2025-01-20 16:34:03,15537.0,15.26977886977887,61.05,"(115.06555463774393, 35.81073277647519)","(115.06537106171513, 35.74523223482266)",河南省,濮阳市,117,3,3055,large,-0.076,27,14.96576148009828
900000133776,21路(公交公司--龙山公园东),21,公交公司,龙山公园东,2025-01-20 15:40:00,2025-01-20 16:38:52,15859.0,16.164326160815403,58.86666666666667,"(115.06543700011643, 35.7447853352607)","(115.06483866186484, 35.81238808617737)",河南省,濮阳市,116,3,1456,large,0.038,27,15.4191795400906
900000133784,21路(京开道高阳大街口--公交公司),21,京开道高阳大街口,公交公司,2025-01-20 15:49:00,2025-01-20 16:50:03,15537.0,15.26977886977887,61.05,"(115.06555463774393, 35.81073277647519)","(115.06537106171513, 35.74523223482266)",河南省,濮阳市,122,2,3055,large,-0.076,27,14.96576148009828
900000133776,21路(公交公司--龙山公园东),21,公交公司,龙山公园东,2025-01-20 15:54:00,2025-01-20 16:52:52,15859.0,16.164326160815403,58.86666666666667,"(115.06543700011643, 35.7447853352607)","(115.06483866186484, 35.81238808617737)",河南省,濮阳市,123,2,1456,large,0.038,27,15.4191795400906
900000133784,21路(京开道高阳大街口--公交公司),21,京开道高阳大街口,公交公司,2025-01-20 16:03:00,2025-01-20 17:04:03,15537.0,15.26977886977887,61.05,"(115.06555463774393, 35.81073277647519)","(115.06537106171513, 35.74523223482266)",河南省,濮阳市,124,2,3055,large,-0.076,27,14.96576148009828
900000133776,21路(公交公司--龙山公园东),21,公交公司,龙山公园东,2025-01-20 16:25:00,2025-01-20 17:23:52,15859.0,16.164326160815403,58.86666666666667,"(115.06543700011643, 35.7447853352607)","(115.06483866186484, 35.81238808617737)",河南省,濮阳市,120,3,1456,large,0.038,27,15.4191795400906
900000133784,21路(京开道高阳大街口--公交公司),21,京开道高阳大街口,公交公司,2025-01-20 15:24:00,2025-01-20 17:35:03,31396.0,15.708908964558724,119.91666666666666,"(115.06543700011643, 35.7447853352607)","(115.06537106171513, 35.74523223482266)",河南省,濮阳市,126,1,3055,large,-0.076,27,30.384941020188883
900000133776,21路(公交公司--龙山公园东),21,公交公司,龙山公园东,2025-01-20 16:39:00,2025-01-20 17:37:52,15859.0,16.164326160815403,58.86666666666667,"(115.06543700011643, 35.7447853352607)","(115.06483866186484, 35.81238808617737)",河南省,濮阳市,114,4,1456,large,0.038,27,15.4191795400906
900000133784,21路(京开道高阳大街口--公交公司),21,京开道高阳大街口,公交公司,2025-01-20 16:49:00,2025-01-20 17:50:03,15537.0,15.26977886977887,61.05,"(115.06555463774393, 35.81073277647519)","(115.06537106171513, 35.74523223482266)",河南省,濮阳市,116,4,3055,large,-0.076,27,14.96576148009828
900000133776,21路(公交公司--龙山公园东),21,公交公司,龙山公园东,2025-01-20 16:54:00,2025-01-20 17:52:52,15859.0,16.164326160815403,58.86666666666667,"(115.06543700011643, 35.7447853352607)","(115.06483866186484, 35.81238808617737)",河南省,濮阳市,117,4,1456,large,0.038,27,15.4191795400906
900000133784,21路(京开道高阳大街口--公交公司),21,京开道高阳大街口,公交公司,2025-01-20 17:04:00,2025-01-20 18:12:49,15537.0,13.546427706466456,68.81666666666666,"(115.06555463774393, 35.81073277647519)","(115.06537106171513, 35.74523223482266)",河南省,濮阳市,123,3,3055,large,-0.076,27,14.778331530927584
900000133776,21路(公交公司--龙山公园东),21,公交公司,龙山公园东,2025-01-20 17:09:00,2025-01-20 18:12:52,15859.0,14.89885177453027,63.86666666666667,"(115.06543700011643, 35.7447853352607)","(115.06483866186484, 35.81238808617737)",河南省,濮阳市,122,3,1456,large,0.038,27,15.278695432045929
900000133784,21路(京开道高阳大街口--公交公司),21,京开道高阳大街口,公交公司,2025-01-20 16:10:00,2025-01-20 18:26:49,31396.0,14.753374233128834,127.68333333333334,"(115.06543700011643, 35.7447853352607)","(115.06537106171513, 35.74523223482266)",河南省,濮阳市,127,1,3055,large,-0.076,27,30.197511071018184
900000133776,21路(公交公司--龙山公园东),21,公交公司,龙山公园东,2025-01-20 17:24:00,2025-01-20 18:27:52,15859.0,14.89885177453027,63.86666666666667,"(115.06543700011643, 35.7447853352607)","(115.06483866186484, 35.81238808617737)",河南省,濮阳市,124,3,1456,large,0.038,27,15.278695432045929
900000133784,21路(京开道高阳大街口--公交公司),21,京开道高阳大街口,公交公司,2025-01-20 17:33:00,2025-01-20 18:41:49,15537.0,13.546427706466456,68.81666666666666,"(115.06555463774393, 35.81073277647519)","(115.06537106171513, 35.74523223482266)",河南省,濮阳市,120,4,3055,large,-0.076,27,14.778331530927584
900000133776,21路(公交公司--龙山公园东),21,公交公司,龙山公园东,2025-01-20 12:49:00,2025-01-20 18:42:52,78651.0,15.53855778729009,303.7,"(115.06543700011643, 35.7447853352607)","(115.06483866186484, 35.81238808617737)",河南省,濮阳市,125,1,1456,large,0.038,27,76.04857747242369
900000133784,21路(京开道高阳大街口--公交公司),21,京开道高阳大街口,公交公司,2025-01-20 17:47:00,2025-01-20 18:55:49,15537.0,13.546427706466456,68.81666666666666,"(115.06555463774393, 35.81073277647519)","(115.06537106171513, 35.74523223482266)",河南省,濮阳市,114,5,3055,large,-0.076,27,14.778331530927584
900000133776,21路(公交公司--龙山公园东),21,公交公司,龙山公园东,2025-01-20 17:52:00,2025-01-20 18:55:52,15859.0,14.89885177453027,63.86666666666667,"(115.06543700011643, 35.7447853352607)","(115.06483866186484, 35.81238808617737)",河南省,濮阳市,126,2,1456,large,0.038,27,15.278695432045929
900000133784,21路(京开道高阳大街口--公交公司),21,京开道高阳大街口,公交公司,2025-01-20 18:01:00,2025-01-20 19:09:49,15537.0,13.546427706466456,68.81666666666666,"(115.06555463774393, 35.81073277647519)","(115.06537106171513, 35.74523223482266)",河南省,濮阳市,117,5,3055,large,-0.076,27,14.778331530927584
900000133776,21路(公交公司--龙山公园东),21,公交公司,龙山公园东,2025-01-20 18:05:00,2025-01-20 19:08:52,15859.0,14.89885177453027,63.86666666666667,"(115.06543700011643, 35.7447853352607)","(115.06483866186484, 35.81238808617737)",河南省,濮阳市,116,5,1456,large,0.038,27,15.278695432045929
900000133784,21路(京开道高阳大街口--公交公司),21,京开道高阳大街口,公交公司,2025-01-20 18:15:00,2025-01-20 19:23:49,15537.0,13.546427706466456,68.81666666666666,"(115.06555463774393, 35.81073277647519)","(115.06537106171513, 35.74523223482266)",河南省,濮阳市,128,1,3055,large,-0.076,27,14.778331530927584
900000133776,21路(公交公司--龙山公园东),21,公交公司,龙山公园东,2025-01-20 18:19:00,2025-01-20 19:22:52,15859.0,14.89885177453027,63.86666666666667,"(115.06543700011643, 35.7447853352607)","(115.06483866186484, 35.81238808617737)",河南省,濮阳市,123,4,1456,large,0.038,27,15.278695432045929
900000133784,21路(京开道高阳大街口--公交公司),21,京开道高阳大街口,公交公司,2025-01-20 18:31:00,2025-01-20 19:39:49,15537.0,13.546427706466456,68.81666666666666,"(115.06555463774393, 35.81073277647519)","(115.06537106171513, 35.74523223482266)",河南省,濮阳市,122,4,3055,large,-0.076,27,14.778331530927584
900000133776,21路(公交公司--龙山公园东),21,公交公司,龙山公园东,2025-01-20 18:32:00,2025-01-20 19:35:52,15859.0,14.89885177453027,63.86666666666667,"(115.06543700011643, 35.7447853352607)","(115.06483866186484, 35.81238808617737)",河南省,濮阳市,127,2,1456,large,0.038,27,15.278695432045929
900000133776,21路(公交公司--龙山公园东),21,公交公司,龙山公园东,2025-01-20 18:45:00,2025-01-20 19:48:52,15859.0,14.89885177453027,63.86666666666667,"(115.06543700011643, 35.7447853352607)","(115.06483866186484, 35.81238808617737)",河南省,濮阳市,129,1,1456,large,0.038,27,15.278695432045929
900000133784,21路(京开道高阳大街口--公交公司),21,京开道高阳大街口,公交公司,2025-01-20 18:45:00,2025-01-20 19:53:49,15537.0,13.546427706466456,68.81666666666666,"(115.06555463774393, 35.81073277647519)","(115.06537106171513, 35.74523223482266)",河南省,濮阳市,124,4,3055,large,-0.076,27,14.778331530927584
900000133784,21路(京开道高阳大街口--公交公司),21,京开道高阳大街口,公交公司,2025-01-20 19:00:00,2025-01-20 20:01:03,15537.0,15.26977886977887,61.05,"(115.06555463774393, 35.81073277647519)","(115.06537106171513, 35.74523223482266)",河南省,濮阳市,125,2,3055,large,-0.076,27,14.96576148009828
900000133776,21路(公交公司--龙山公园东),21,公交公司,龙山公园东,2025-01-20 19:00:00,2025-01-20 19:58:52,15859.0,16.164326160815403,58.86666666666667,"(115.06543700011643, 35.7447853352607)","(115.06483866186484, 35.81238808617737)",河南省,濮阳市,120,5,1456,large,0.038,27,15.4191795400906
410900010147,23路(公交新东站--站前路京开道口),23,公交新东站,站前路京开道口,2025-01-20 06:30:00,2025-01-20 07:35:23,19597.0,17.983482029059395,65.38333333333333,"(115.1300125157934, 35.79182030983196)","(115.02403141834563, 35.74270460315986)",河南省,濮阳市,131,1,11584,large,0.038,37,19.759519681264333
410900010148,23路(站前路京开道口--公交新东站),23,站前路京开道口,公交新东站,2025-01-20 06:47:00,2025-01-20 07:52:40,19373.0,17.701218274111675,65.66666666666667,"(115.02346040404584, 35.74277811063885)","(115.12976013189827, 35.79183295760562)",河南省,濮阳市,132,1,11946,large,-1.3877787807814457e-17,39,19.76795231137056
410900010147,23路(公交新东站--站前路京开道口),23,公交新东站,站前路京开道口,2025-01-20 07:09:00,2025-01-20 08:20:46,19597.0,16.383929400836045,71.76666666666665,"(115.1300125157934, 35.79182030983196)","(115.02403141834563, 35.74270460315986)",河南省,濮阳市,135,1,11584,large,0.038,37,19.54009465127729
410900010148,23路(站前路京开道口--公交新东站),23,站前路京开道口,公交新东站,2025-01-20 07:29:00,2025-01-20 08:43:45,19373.0,15.55023411371238,74.74999999999999,"(115.02346040404584, 35.74277811063885)","(115.12976013189827, 35.79183295760562)",河南省,濮阳市,137,1,11946,large,-1.3877787807814457e-17,39,19.47625519839464
410900010147,23路(公交新东站--站前路京开道口),23,公交新东站,站前路京开道口,2025-01-20 06:30:00,2025-01-20 08:54:46,38970.0,17.01333980111569,137.43333333333334,"(115.02346040404584, 35.74277811063885)","(115.02403141834563, 35.74270460315986)",河南省,濮阳市,130,1,11584,large,0.038,37,39.30804696264785
410900010148,23路(站前路京开道口--公交新东站),23,站前路京开道口,公交新东站,2025-01-20 07:53:00,2025-01-20 09:07:45,19373.0,15.550234113712376,74.75,"(115.02346040404584, 35.74277811063885)","(115.12976013189827, 35.79183295760562)",河南省,濮阳市,131,2,11946,large,-1.3877787807814457e-17,39,19.476255198394643
410900010147,23路(公交新东站--站前路京开道口),23,公交新东站,站前路京开道口,2025-01-20 08:04:00,2025-01-20 09:15:46,19597.0,16.383929400836042,71.76666666666667,"(115.1300125157934, 35.79182030983196)","(115.02403141834563, 35.74270460315986)",河南省,濮阳市,132,2,11584,large,0.038,37,19.54009465127729
410900010148,23路(站前路京开道口--公交新东站),23,站前路京开道口,公交新东站,2025-01-20 06:49:00,2025-01-20 09:33:45,38970.0,16.685537583254042,140.13333333333333,"(115.1300125157934, 35.79182030983196)","(115.12976013189827, 35.79183295760562)",河南省,濮阳市,133,1,11946,large,-1.3877787807814457e-17,39,39.235774879658976
410900010147,23路(公交新东站--站前路京开道口),23,公交新东站,站前路京开道口,2025-01-20 07:06:00,2025-01-20 09:41:46,38970.0,15.958594016607897,146.51666666666665,"(115.02346040404584, 35.74277811063885)","(115.02403141834563, 35.74270460315986)",河南省,濮阳市,134,1,11584,large,0.038,37,39.01634984967193
410900010148,23路(站前路京开道口--公交新东站),23,站前路京开道口,公交新东站,2025-01-20 08:39:00,2025-01-20 09:53:45,19373.0,15.550234113712376,74.75,"(115.02346040404584, 35.74277811063885)","(115.12976013189827, 35.79183295760562)",河南省,濮阳市,135,2,11946,large,-1.3877787807814457e-17,39,19.476255198394643
410900010148,23路(站前路京开道口--公交新东站),23,站前路京开道口,公交新东站,2025-01-20 07:29:00,2025-01-20 10:09:45,38970.0,15.958594016607897,146.51666666666665,"(115.1300125157934, 35.79182030983196)","(115.12976013189827, 35.79183295760562)",河南省,濮阳市,136,1,11946,large,-1.3877787807814457e-17,39,39.01634984967193
410900010147,23路(公交新东站--站前路京开道口),23,公交新东站,站前路京开道口,2025-01-20 09:04:00,2025-01-20 10:09:23,19597.0,17.983482029059395,65.38333333333334,"(115.1300125157934, 35.79182030983196)","(115.02403141834563, 35.74270460315986)",河南省,濮阳市,137,2,11584,large,0.038,37,19.759519681264337
410900010148,23路(站前路京开道口--公交新东站),23,站前路京开道口,公交新东站,2025-01-20 09:04:00,2025-01-20 10:09:40,19373.0,17.701218274111675,65.66666666666667,"(115.02346040404584, 35.74277811063885)","(115.12976013189827, 35.79183295760562)",河南省,濮阳市,130,2,11946,large,-1.3877787807814457e-17,39,19.767952311370557
410900010147,23路(公交新东站--站前路京开道口),23,公交新东站,站前路京开道口,2025-01-20 09:40:00,2025-01-20 10:45:23,19597.0,17.983482029059395,65.38333333333334,"(115.1300125157934, 35.79182030983196)","(115.02403141834563, 35.74270460315986)",河南省,濮阳市,133,2,11584,large,0.038,37,19.759519681264337
410900010148,23路(站前路京开道口--公交新东站),23,站前路京开道口,公交新东站,2025-01-20 09:47:00,2025-01-20 10:52:40,19373.0,17.701218274111675,65.66666666666667,"(115.02346040404584, 35.74277811063885)","(115.12976013189827, 35.79183295760562)",河南省,濮阳市,134,2,11946,large,-1.3877787807814457e-17,39,19.767952311370557
410900010147,23路(公交新东站--站前路京开道口),23,公交新东站,站前路京开道口,2025-01-20 10:27:00,2025-01-20 11:32:23,19597.0,17.983482029059395,65.38333333333334,"(115.1300125157934, 35.79182030983196)","(115.02403141834563, 35.74270460315986)",河南省,濮阳市,136,2,11584,large,0.038,37,19.759519681264337
410900010147,23路(公交新东站--站前路京开道口),23,公交新东站,站前路京开道口,2025-01-20 08:15:00,2025-01-20 11:59:23,58567.0,17.326090886679268,202.81666666666666,"(115.1300125157934, 35.79182030983196)","(115.02403141834563, 35.74270460315986)",河南省,濮阳市,138,1,11584,large,0.038,37,59.06756664391218
410900010148,23路(站前路京开道口--公交新东站),23,站前路京开道口,公交新东站,2025-01-20 12:14:00,2025-01-20 13:19:40,19373.0,17.701218274111675,65.66666666666667,"(115.02346040404584, 35.74277811063885)","(115.12976013189827, 35.79183295760562)",河南省,濮阳市,138,2,11946,large,-1.3877787807814457e-17,39,19.767952311370557
410900010148,23路(站前路京开道口--公交新东站),23,站前路京开道口,公交新东站,2025-01-20 08:46:00,2025-01-20 13:55:40,77940.0,17.417840958470418,268.48333333333335,"(115.1300125157934, 35.79182030983196)","(115.12976013189827, 35.79183295760562)",河南省,濮阳市,139,1,11946,large,-1.3877787807814457e-17,39,78.83551895528274
410900010147,23路(公交新东站--站前路京开道口),23,公交新东站,站前路京开道口,2025-01-20 09:17:00,2025-01-20 14:32:23,77940.0,17.842045020984354,262.1,"(115.02346040404584, 35.74277811063885)","(115.02403141834563, 35.74270460315986)",河南省,濮阳市,140,1,11584,large,0.038,37,79.0549439852698
410900010148,23路(站前路京开道口--公交新东站),23,站前路京开道口,公交新东站,2025-01-20 10:46:00,2025-01-20 14:32:40,58343.0,17.795035160552402,196.7166666666667,"(115.02346040404584, 35.74277811063885)","(115.12976013189827, 35.79183295760562)",河南省,濮阳市,143,1,11946,large,-1.3877787807814457e-17,39,59.29542430400545
410900010147,23路(公交新东站--站前路京开道口),23,公交新东站,站前路京开道口,2025-01-20 10:02:00,2025-01-20 14:48:23,77940.0,17.842045020984354,262.1,"(115.02346040404584, 35.74277811063885)","(115.02403141834563, 35.74270460315986)",河南省,濮阳市,142,1,11584,large,0.038,37,79.0549439852698
410900010148,23路(站前路京开道口--公交新东站),23,站前路京开道口,公交新东站,2025-01-20 09:57:00,2025-01-20 14:57:40,77940.0,17.842045020984354,262.1,"(115.1300125157934, 35.79182030983196)","(115.12976013189827, 35.79183295760562)",河南省,濮阳市,141,1,11946,large,-1.3877787807814457e-17,39,79.05494398526977
410900010147,23路(公交新东站--站前路京开道口),23,公交新东站,站前路京开道口,2025-01-20 14:13:00,2025-01-20 15:18:23,19597.0,17.983482029059395,65.38333333333334,"(115.1300125157934, 35.79182030983196)","(115.02403141834563, 35.74270460315986)",河南省,濮阳市,139,2,11584,large,0.038,37,19.759519681264337
410900010147,23路(公交新东站--站前路京开道口),23,公交新东站,站前路京开道口,2025-01-20 11:52:00,2025-01-20 15:32:23,58567.0,17.889122687934837,196.43333333333334,"(115.1300125157934, 35.79182030983196)","(115.02403141834563, 35.74270460315986)",河南省,濮阳市,145,1,11584,large,0.038,37,59.28699167389923
410900010147,23路(公交新东站--站前路京开道口),23,公交新东站,站前路京开道口,2025-01-20 14:42:00,2025-01-20 15:47:23,19597.0,17.983482029059395,65.38333333333334,"(115.1300125157934, 35.79182030983196)","(115.02403141834563, 35.74270460315986)",河南省,濮阳市,143,2,11584,large,0.038,37,19.759519681264337
410900010148,23路(站前路京开道口--公交新东站),23,站前路京开道口,公交新东站,2025-01-20 14:44:00,2025-01-20 15:49:40,19373.0,17.701218274111675,65.66666666666667,"(115.02346040404584, 35.74277811063885)","(115.12976013189827, 35.79183295760562)",河南省,濮阳市,140,2,11946,large,-1.3877787807814457e-17,39,19.767952311370557
410900010148,23路(站前路京开道口--公交新东站),23,站前路京开道口,公交新东站,2025-01-20 15:02:00,2025-01-20 16:07:40,19373.0,17.701218274111675,65.66666666666667,"(115.02346040404584, 35.74277811063885)","(115.12976013189827, 35.79183295760562)",河南省,濮阳市,142,2,11946,large,-1.3877787807814457e-17,39,19.767952311370557
410900010147,23路(公交新东站--站前路京开道口),23,公交新东站,站前路京开道口,2025-01-20 15:21:00,2025-01-20 16:26:23,19597.0,17.983482029059395,65.38333333333334,"(115.1300125157934, 35.79182030983196)","(115.02403141834563, 35.74270460315986)",河南省,濮阳市,141,2,11584,large,0.038,37,19.759519681264337
410900010148,23路(站前路京开道口--公交新东站),23,站前路京开道口,公交新东站,2025-01-20 15:37:00,2025-01-20 16:42:40,19373.0,17.701218274111675,65.66666666666667,"(115.02346040404584, 35.74277811063885)","(115.12976013189827, 35.79183295760562)",河南省,濮阳市,139,3,11946,large,-1.3877787807814457e-17,39,19.767952311370557
410900010147,23路(公交新东站--站前路京开道口),23,公交新东站,站前路京开道口,2025-01-20 11:33:00,2025-01-20 16:49:23,77940.0,17.842045020984354,262.1,"(115.02346040404584, 35.74277811063885)","(115.02403141834563, 35.74270460315986)",河南省,濮阳市,144,1,11584,large,0.038,37,79.05494398526977
410900010148,23路(站前路京开道口--公交新东站),23,站前路京开道口,公交新东站,2025-01-20 15:56:00,2025-01-20 17:01:40,19373.0,17.701218274111675,65.66666666666667,"(115.02346040404584, 35.74277811063885)","(115.12976013189827, 35.79183295760562)",河南省,濮阳市,145,2,11946,large,-1.3877787807814457e-17,39,19.767952311370557
410900010147,23路(公交新东站--站前路京开道口),23,公交新东站,站前路京开道口,2025-01-20 16:07:00,2025-01-20 17:12:23,19597.0,17.983482029059395,65.38333333333334,"(115.1300125157934, 35.79182030983196)","(115.02403141834563, 35.74270460315986)",河南省,濮阳市,140,3,11584,large,0.038,37,19.759519681264337
410900010147,23路(公交新东站--站前路京开道口),23,公交新东站,站前路京开道口,2025-01-20 16:23:00,2025-01-20 17:28:23,19597.0,17.983482029059395,65.38333333333334,"(115.1300125157934, 35.79182030983196)","(115.02403141834563, 35.74270460315986)",河南省,濮阳市,142,3,11584,large,0.038,37,19.759519681264337
410900010148,23路(站前路京开道口--公交新东站),23,站前路京开道口,公交新东站,2025-01-20 16:30:00,2025-01-20 17:35:40,19373.0,17.701218274111675,65.66666666666667,"(115.02346040404584, 35.74277811063885)","(115.12976013189827, 35.79183295760562)",河南省,濮阳市,148,1,11946,large,-1.3877787807814457e-17,39,19.76795231137056
410900010147,23路(公交新东站--站前路京开道口),23,公交新东站,站前路京开道口,2025-01-20 13:59:00,2025-01-20 17:45:23,58567.0,17.889122687934837,196.43333333333334,"(115.1300125157934, 35.79182030983196)","(115.02403141834563, 35.74270460315986)",河南省,濮阳市,146,1,11584,large,0.038,37,59.28699167389924
410900010148,23路(站前路京开道口--公交新东站),23,站前路京开道口,公交新东站,2025-01-20 16:53:00,2025-01-20 17:58:40,19373.0,17.701218274111675,65.66666666666667,"(115.02346040404584, 35.74277811063885)","(115.12976013189827, 35.79183295760562)",河南省,濮阳市,141,3,11946,large,-1.3877787807814457e-17,39,19.767952311370557
410900010147,23路(公交新东站--站前路京开道口),23,公交新东站,站前路京开道口,2025-01-20 17:02:00,2025-01-20 18:13:46,19597.0,16.383929400836042,71.76666666666667,"(115.1300125157934, 35.79182030983196)","(115.02403141834563, 35.74270460315986)",河南省,濮阳市,139,4,11584,large,0.038,37,19.54009465127729
410900010148,23路(站前路京开道口--公交新东站),23,站前路京开道口,公交新东站,2025-01-20 17:16:00,2025-01-20 18:30:45,19373.0,15.550234113712376,74.75,"(115.02346040404584, 35.74277811063885)","(115.12976013189827, 35.79183295760562)",河南省,濮阳市,144,2,11946,large,-1.3877787807814457e-17,39,19.476255198394643
410900010147,23路(公交新东站--站前路京开道口),23,公交新东站,站前路京开道口,2025-01-20 14:59:00,2025-01-20 18:43:46,58567.0,17.326090886679268,202.81666666666666,"(115.1300125157934, 35.79182030983196)","(115.02403141834563, 35.74270460315986)",河南省,濮阳市,147,1,11584,large,0.038,37,59.06756664391218
410900010148,23路(站前路京开道口--公交新东站),23,站前路京开道口,公交新东站,2025-01-20 17:39:00,2025-01-20 18:53:45,19373.0,15.550234113712376,74.75,"(115.02346040404584, 35.74277811063885)","(115.12976013189827, 35.79183295760562)",河南省,濮阳市,142,4,11946,large,-1.3877787807814457e-17,39,19.476255198394643
410900010147,23路(公交新东站--站前路京开道口),23,公交新东站,站前路京开道口,2025-01-20 17:48:00,2025-01-20 18:59:46,19597.0,16.383929400836042,71.76666666666667,"(115.1300125157934, 35.79182030983196)","(115.02403141834563, 35.74270460315986)",河南省,濮阳市,148,2,11584,large,0.038,37,19.54009465127729
410900010148,23路(站前路京开道口--公交新东站),23,站前路京开道口,公交新东站,2025-01-20 17:55:00,2025-01-20 19:09:45,19373.0,15.550234113712376,74.75,"(115.02346040404584, 35.74277811063885)","(115.12976013189827, 35.79183295760562)",河南省,濮阳市,146,2,11946,large,-1.3877787807814457e-17,39,19.476255198394643
410900010147,23路(公交新东站--站前路京开道口),23,公交新东站,站前路京开道口,2025-01-20 18:09:00,2025-01-20 19:20:46,19597.0,16.383929400836042,71.76666666666667,"(115.1300125157934, 35.79182030983196)","(115.02403141834563, 35.74270460315986)",河南省,濮阳市,141,4,11584,large,0.038,37,19.54009465127729
410900010148,23路(站前路京开道口--公交新东站),23,站前路京开道口,公交新东站,2025-01-20 18:16:00,2025-01-20 19:30:45,19373.0,15.550234113712376,74.75,"(115.02346040404584, 35.74277811063885)","(115.12976013189827, 35.79183295760562)",河南省,濮阳市,149,1,11946,large,-1.3877787807814457e-17,39,19.476255198394643
410900010147,23路(公交新东站--站前路京开道口),23,公交新东站,站前路京开道口,2025-01-20 18:32:00,2025-01-20 19:43:46,19597.0,16.383929400836042,71.76666666666667,"(115.1300125157934, 35.79182030983196)","(115.02403141834563, 35.74270460315986)",河南省,濮阳市,150,1,11584,large,0.038,37,19.54009465127729
410900010148,23路(站前路京开道口--公交新东站),23,站前路京开道口,公交新东站,2025-01-20 18:38:00,2025-01-20 19:52:45,19373.0,15.550234113712376,74.75,"(115.02346040404584, 35.74277811063885)","(115.12976013189827, 35.79183295760562)",河南省,濮阳市,139,5,11946,large,-1.3877787807814457e-17,39,19.476255198394643
410900010147,23路(公交新东站--站前路京开道口),23,公交新东站,站前路京开道口,2025-01-20 18:45:00,2025-01-20 19:56:46,19597.0,16.383929400836042,71.76666666666667,"(115.1300125157934, 35.79182030983196)","(115.02403141834563, 35.74270460315986)",河南省,濮阳市,144,3,11584,large,0.038,37,19.54009465127729
410900010148,23路(站前路京开道口--公交新东站),23,站前路京开道口,公交新东站,2025-01-20 19:00:00,2025-01-20 20:05:40,19373.0,17.701218274111675,65.66666666666667,"(115.02346040404584, 35.74277811063885)","(115.12976013189827, 35.79183295760562)",河南省,濮阳市,147,2,11946,large,-1.3877787807814457e-17,39,19.767952311370557
410900010147,23路(公交新东站--站前路京开道口),23,公交新东站,站前路京开道口,2025-01-20 19:00:00,2025-01-20 20:05:23,19597.0,17.983482029059395,65.38333333333334,"(115.1300125157934, 35.79182030983196)","(115.02403141834563, 35.74270460315986)",河南省,濮阳市,142,5,11584,large,0.038,37,19.759519681264337
410900010149,26路(京开道站前路口--采油五厂),26,京开道站前路口,采油五厂,2025-01-20 06:52:00,2025-01-20 07:46:04,17618.0,19.551418002466086,54.06666666666668,"(115.02591986281618, 35.742996457202146)","(115.09212546517008, 35.73217528208595)",河南省,濮阳市,153,1,6733,large,-0.0759999999999999,35,18.069576576572132
410900010150,26路(采油五厂--京开道站前路口),26,采油五厂,京开道站前路口,2025-01-20 06:30:00,2025-01-20 08:46:53,35316.0,17.095280354981846,123.95000000000002,"(115.02591986281618, 35.742996457202146)","(115.02552625911481, 35.74257366920001)",河南省,濮阳市,152,1,14997,large,0.0379999999999999,33,35.519511621647254
410900010150,26路(采油五厂--京开道站前路口),26,采油五厂,京开道站前路口,2025-01-20 08:00:00,2025-01-20 09:09:53,17698.0,15.195039351299783,69.88333333333334,"(115.09227639107662, 35.73258710963305)","(115.02552625911481, 35.74257366920001)",河南省,濮阳市,153,2,14997,large,0.0379999999999999,33,17.449935045075122
410900010149,26路(京开道站前路口--采油五厂),26,京开道站前路口,采油五厂,2025-01-20 08:20:00,2025-01-20 09:31:29,17618.0,14.787782699930052,71.48333333333333,"(115.02591986281618, 35.742996457202146)","(115.09212546517008, 35.73217528208595)",河南省,濮阳市,156,1,6733,large,-0.0759999999999999,35,17.48209648925157
410900010149,26路(京开道站前路口--采油五厂),26,京开道站前路口,采油五厂,2025-01-20 09:14:00,2025-01-20 10:08:04,17618.0,19.55141800246609,54.06666666666667,"(115.02591986281618, 35.742996457202146)","(115.09212546517008, 35.73217528208595)",河南省,濮阳市,152,2,6733,large,-0.0759999999999999,35,18.06957657657213
410900010150,26路(采油五厂--京开道站前路口),26,采油五厂,京开道站前路口,2025-01-20 09:57:00,2025-01-20 11:01:12,17698.0,16.54018691588785,64.2,"(115.09227639107662, 35.73258710963305)","(115.02552625911481, 35.74257366920001)",河南省,濮阳市,156,2,14997,large,0.0379999999999999,33,17.61657999626168
410900010150,26路(采油五厂--京开道站前路口),26,采油五厂,京开道站前路口,2025-01-20 06:30:00,2025-01-20 12:53:12,88330.0,16.658180103724657,318.15,"(115.09227639107662, 35.73258710963305)","(115.02552625911481, 35.74257366920001)",河南省,濮阳市,151,1,14997,large,0.0379999999999999,33,88.40141305460874
410900010149,26路(京开道站前路口--采油五厂),26,京开道站前路口,采油五厂,2025-01-20 07:15:00,2025-01-20 13:43:04,88250.0,16.879183933694616,313.69999999999993,"(115.02591986281618, 35.742996457202146)","(115.09212546517008, 35.73217528208595)",河南省,濮阳市,155,1,6733,large,-0.0759999999999999,35,88.68776468373264
410900010150,26路(采油五厂--京开道站前路口),26,采油五厂,京开道站前路口,2025-01-20 07:06:00,2025-01-20 13:57:12,88330.0,16.36582604220278,323.8333333333333,"(115.09227639107662, 35.73258710963305)","(115.02552625911481, 35.74257366920001)",河南省,濮阳市,154,1,14997,large,0.0379999999999999,33,88.23476810342218
410900010149,26路(京开道站前路口--采油五厂),26,京开道站前路口,采油五厂,2025-01-20 13:21:00,2025-01-20 14:15:04,17618.0,19.55141800246609,54.06666666666667,"(115.02591986281618, 35.742996457202146)","(115.09212546517008, 35.73217528208595)",河南省,濮阳市,151,2,6733,large,-0.0759999999999999,35,18.06957657657213
410900010150,26路(采油五厂--京开道站前路口),26,采油五厂,京开道站前路口,2025-01-20 08:23:00,2025-01-20 14:28:12,88330.0,17.29605656785423,306.41666666666663,"(115.09227639107662, 35.73258710963305)","(115.02552625911481, 35.74257366920001)",河南省,濮阳市,157,1,14997,large,0.0379999999999999,33,88.82224819074274
410900010150,26路(采油五厂--京开道站前路口),26,采油五厂,京开道站前路口,2025-01-20 13:57:00,2025-01-20 15:01:12,17698.0,16.54018691588785,64.2,"(115.09227639107662, 35.73258710963305)","(115.02552625911481, 35.74257366920001)",河南省,濮阳市,155,2,14997,large,0.0379999999999999,33,17.61657999626168
410900010149,26路(京开道站前路口--采油五厂),26,京开道站前路口,采油五厂,2025-01-20 14:25:00,2025-01-20 15:19:04,17618.0,19.55141800246609,54.06666666666667,"(115.02591986281618, 35.742996457202146)","(115.09212546517008, 35.73217528208595)",河南省,濮阳市,154,2,6733,large,-0.0759999999999999,35,18.06957657657213
410900010150,26路(采油五厂--京开道站前路口),26,采油五厂,京开道站前路口,2025-01-20 14:34:00,2025-01-20 15:38:12,17698.0,16.54018691588785,64.2,"(115.09227639107662, 35.73258710963305)","(115.02552625911481, 35.74257366920001)",河南省,濮阳市,151,3,14997,large,0.0379999999999999,33,17.61657999626168
410900010149,26路(京开道站前路口--采油五厂),26,京开道站前路口,采油五厂,2025-01-20 14:48:00,2025-01-20 15:42:04,17618.0,19.55141800246609,54.06666666666667,"(115.02591986281618, 35.742996457202146)","(115.09212546517008, 35.73217528208595)",河南省,濮阳市,157,2,6733,large,-0.0759999999999999,35,18.06957657657213
410900010149,26路(京开道站前路口--采油五厂),26,京开道站前路口,采油五厂,2025-01-20 15:11:00,2025-01-20 16:05:04,17618.0,19.55141800246609,54.06666666666667,"(115.02591986281618, 35.742996457202146)","(115.09212546517008, 35.73217528208595)",河南省,濮阳市,155,3,6733,large,-0.0759999999999999,35,18.06957657657213
410900010150,26路(采油五厂--京开道站前路口),26,采油五厂,京开道站前路口,2025-01-20 09:33:00,2025-01-20 16:28:12,88330.0,17.622921746841055,300.73333333333335,"(115.09227639107662, 35.73258710963305)","(115.02552625911481, 35.74257366920001)",河南省,濮阳市,158,1,14997,large,0.0379999999999999,33,88.9888931419293
410900010150,26路(采油五厂--京开道站前路口),26,采油五厂,京开道站前路口,2025-01-20 15:56:00,2025-01-20 17:00:12,17698.0,16.54018691588785,64.2,"(115.09227639107662, 35.73258710963305)","(115.02552625911481, 35.74257366920001)",河南省,濮阳市,157,3,14997,large,0.0379999999999999,33,17.61657999626168
410900010149,26路(京开道站前路口--采油五厂),26,京开道站前路口,采油五厂,2025-01-20 16:08:00,2025-01-20 17:02:04,17618.0,19.55141800246609,54.06666666666667,"(115.02591986281618, 35.742996457202146)","(115.09212546517008, 35.73217528208595)",河南省,濮阳市,151,4,6733,large,-0.0759999999999999,35,18.06957657657213
410900010150,26路(采油五厂--京开道站前路口),26,采油五厂,京开道站前路口,2025-01-20 16:19:00,2025-01-20 17:23:12,17698.0,16.54018691588785,64.2,"(115.09227639107662, 35.73258710963305)","(115.02552625911481, 35.74257366920001)",河南省,濮阳市,155,4,14997,large,0.0379999999999999,33,17.61657999626168
410900010150,26路(采油五厂--京开道站前路口),26,采油五厂,京开道站前路口,2025-01-20 15:34:00,2025-01-20 17:46:12,35316.0,17.916798196166855,118.26666666666667,"(115.02591986281618, 35.742996457202146)","(115.02552625911481, 35.74257366920001)",河南省,濮阳市,159,1,14997,large,0.0379999999999999,33,35.68615657283381
410900010149,26路(京开道站前路口--采油五厂),26,京开道站前路口,采油五厂,2025-01-20 16:44:00,2025-01-20 17:38:04,17618.0,19.55141800246609,54.06666666666667,"(115.02591986281618, 35.742996457202146)","(115.09212546517008, 35.73217528208595)",河南省,濮阳市,158,2,6733,large,-0.0759999999999999,35,18.06957657657213
410900010149,26路(京开道站前路口--采油五厂),26,京开道站前路口,采油五厂,2025-01-20 17:07:00,2025-01-20 18:18:29,17618.0,14.787782699930052,71.48333333333333,"(115.02591986281618, 35.742996457202146)","(115.09212546517008, 35.73217528208595)",河南省,濮阳市,157,4,6733,large,-0.0759999999999999,35,17.48209648925157
410900010150,26路(采油五厂--京开道站前路口),26,采油五厂,京开道站前路口,2025-01-20 17:18:00,2025-01-20 18:27:53,17698.0,15.195039351299783,69.88333333333334,"(115.09227639107662, 35.73258710963305)","(115.02552625911481, 35.74257366920001)",河南省,濮阳市,151,5,14997,large,0.0379999999999999,33,17.449935045075122
410900010149,26路(京开道站前路口--采油五厂),26,京开道站前路口,采油五厂,2025-01-20 17:29:00,2025-01-20 18:40:29,17618.0,14.787782699930052,71.48333333333333,"(115.02591986281618, 35.742996457202146)","(115.09212546517008, 35.73217528208595)",河南省,濮阳市,155,5,6733,large,-0.0759999999999999,35,17.48209648925157
410900010150,26路(采油五厂--京开道站前路口),26,采油五厂,京开道站前路口,2025-01-20 17:50:00,2025-01-20 18:59:53,17698.0,15.195039351299783,69.88333333333334,"(115.09227639107662, 35.73258710963305)","(115.02552625911481, 35.74257366920001)",河南省,濮阳市,158,3,14997,large,0.0379999999999999,33,17.449935045075122
410900010149,26路(京开道站前路口--采油五厂),26,京开道站前路口,采油五厂,2025-01-20 17:52:00,2025-01-20 19:03:29,17618.0,14.787782699930052,71.48333333333333,"(115.02591986281618, 35.742996457202146)","(115.09212546517008, 35.73217528208595)",河南省,濮阳市,159,2,6733,large,-0.0759999999999999,35,17.48209648925157
410900010150,26路(采油五厂--京开道站前路口),26,采油五厂,京开道站前路口,2025-01-20 18:14:00,2025-01-20 19:23:53,17698.0,15.195039351299783,69.88333333333334,"(115.09227639107662, 35.73258710963305)","(115.02552625911481, 35.74257366920001)",河南省,濮阳市,160,1,14997,large,0.0379999999999999,33,17.449935045075122
410900010149,26路(京开道站前路口--采油五厂),26,京开道站前路口,采油五厂,2025-01-20 18:25:00,2025-01-20 19:36:29,17618.0,14.787782699930052,71.48333333333333,"(115.02591986281618, 35.742996457202146)","(115.09212546517008, 35.73217528208595)",河南省,濮阳市,161,1,6733,large,-0.0759999999999999,35,17.48209648925157
410900010150,26路(采油五厂--京开道站前路口),26,采油五厂,京开道站前路口,2025-01-20 18:38:00,2025-01-20 19:47:53,17698.0,15.195039351299783,69.88333333333334,"(115.09227639107662, 35.73258710963305)","(115.02552625911481, 35.74257366920001)",河南省,濮阳市,157,5,14997,large,0.0379999999999999,33,17.449935045075122
410900010150,26路(采油五厂--京开道站前路口),26,采油五厂,京开道站前路口,2025-01-20 18:59:00,2025-01-20 20:08:53,17698.0,15.195039351299783,69.88333333333334,"(115.09227639107662, 35.73258710963305)","(115.02552625911481, 35.74257366920001)",河南省,濮阳市,155,6,14997,large,0.0379999999999999,33,17.449935045075122
410900010149,26路(京开道站前路口--采油五厂),26,京开道站前路口,采油五厂,2025-01-20 18:59:00,2025-01-20 20:10:29,17618.0,14.787782699930052,71.48333333333333,"(115.02591986281618, 35.742996457202146)","(115.09212546517008, 35.73217528208595)",河南省,濮阳市,151,6,6733,large,-0.0759999999999999,35,17.48209648925157
900000140125,30路(建设路濮上路口--工人文化宫),30,建设路濮上路口,工人文化宫,2025-01-20 07:39:00,2025-01-20 10:45:25,34426.0,17.891381550454746,115.44999999999999,"(115.00622352862551, 35.758560218330366)","(115.0216849376965, 35.805435506645026)",河南省,濮阳市,164,1,13040,medium,-0.1519999999999999,23,34.991355057035435
900000145385,30路(工人文化宫--建设路濮上路口),30,工人文化宫,建设路濮上路口,2025-01-20 07:00:00,2025-01-20 10:55:25,45738.0,18.070324846356456,151.86666666666665,"(115.00622352862551, 35.758560218330366)","(115.0066827521179, 35.75862282131356)",河南省,濮阳市,163,1,2742,medium,0.1519999999999999,23,46.78926196998737
900000140125,30路(建设路濮上路口--工人文化宫),30,建设路濮上路口,工人文化宫,2025-01-20 07:00:00,2025-01-20 11:36:25,45738.0,18.070324846356456,151.86666666666665,"(115.02206040099854, 35.80734282465375)","(115.0216849376965, 35.805435506645026)",河南省,濮阳市,162,1,13040,medium,-0.1519999999999999,23,46.78926196998737
900000145385,30路(工人文化宫--建设路濮上路口),30,工人文化宫,建设路濮上路口,2025-01-20 11:09:00,2025-01-20 11:45:25,11312.0,18.63762013729977,36.41666666666666,"(115.02206040099854, 35.80734282465375)","(115.0066827521179, 35.75862282131356)",河南省,濮阳市,164,2,2742,medium,0.1519999999999999,23,11.79790691295194
900000140125,30路(建设路濮上路口--工人文化宫),30,建设路濮上路口,工人文化宫,2025-01-20 11:50:00,2025-01-20 12:26:25,11557.0,19.041281464530893,36.41666666666666,"(115.00622352862551, 35.758560218330366)","(115.0216849376965, 35.805435506645026)",河南省,濮阳市,163,2,13040,medium,-0.1519999999999999,23,11.715032229199084
900000145385,30路(工人文化宫--建设路濮上路口),30,工人文化宫,建设路濮上路口,2025-01-20 12:30:00,2025-01-20 13:06:25,11312.0,18.63762013729977,36.41666666666666,"(115.02206040099854, 35.80734282465375)","(115.0066827521179, 35.75862282131356)",河南省,濮阳市,162,2,2742,medium,0.1519999999999999,23,11.79790691295194
900000140125,30路(建设路濮上路口--工人文化宫),30,建设路濮上路口,工人文化宫,2025-01-20 13:09:00,2025-01-20 13:45:25,11557.0,19.041281464530893,36.41666666666666,"(115.00622352862551, 35.758560218330366)","(115.0216849376965, 35.805435506645026)",河南省,濮阳市,164,3,13040,medium,-0.1519999999999999,23,11.715032229199084
900000145385,30路(工人文化宫--建设路濮上路口),30,工人文化宫,建设路濮上路口,2025-01-20 13:49:00,2025-01-20 14:25:25,11312.0,18.63762013729977,36.41666666666666,"(115.02206040099854, 35.80734282465375)","(115.0066827521179, 35.75862282131356)",河南省,濮阳市,163,3,2742,medium,0.1519999999999999,23,11.79790691295194
900000140125,30路(建设路濮上路口--工人文化宫),30,建设路濮上路口,工人文化宫,2025-01-20 14:30:00,2025-01-20 15:06:25,11557.0,19.041281464530893,36.41666666666666,"(115.00622352862551, 35.758560218330366)","(115.0216849376965, 35.805435506645026)",河南省,濮阳市,162,3,13040,medium,-0.1519999999999999,23,11.715032229199084
900000145385,30路(工人文化宫--建设路濮上路口),30,工人文化宫,建设路濮上路口,2025-01-20 14:35:00,2025-01-20 15:11:25,11312.0,18.63762013729977,36.41666666666666,"(115.02206040099854, 35.80734282465375)","(115.0066827521179, 35.75862282131356)",河南省,濮阳市,164,4,2742,medium,0.1519999999999999,23,11.79790691295194
900000140125,30路(建设路濮上路口--工人文化宫),30,建设路濮上路口,工人文化宫,2025-01-20 15:20:00,2025-01-20 15:56:25,11557.0,19.041281464530893,36.41666666666666,"(115.00622352862551, 35.758560218330366)","(115.0216849376965, 35.805435506645026)",河南省,濮阳市,164,5,13040,medium,-0.1519999999999999,23,11.715032229199084
900000145385,30路(工人文化宫--建设路濮上路口),30,工人文化宫,建设路濮上路口,2025-01-20 15:21:00,2025-01-20 15:57:25,11312.0,18.63762013729977,36.41666666666666,"(115.02206040099854, 35.80734282465375)","(115.0066827521179, 35.75862282131356)",河南省,濮阳市,162,4,2742,medium,0.1519999999999999,23,11.79790691295194
900000145385,30路(工人文化宫--建设路濮上路口),30,工人文化宫,建设路濮上路口,2025-01-20 16:14:00,2025-01-20 16:50:25,11312.0,18.63762013729977,36.41666666666666,"(115.02206040099854, 35.80734282465375)","(115.0066827521179, 35.75862282131356)",河南省,濮阳市,164,6,2742,medium,0.1519999999999999,23,11.79790691295194
900000140125,30路(建设路濮上路口--工人文化宫),30,建设路濮上路口,工人文化宫,2025-01-20 16:15:00,2025-01-20 16:51:25,11557.0,19.041281464530893,36.41666666666666,"(115.00622352862551, 35.758560218330366)","(115.0216849376965, 35.805435506645026)",河南省,濮阳市,162,5,13040,medium,-0.1519999999999999,23,11.715032229199084
900000145385,30路(工人文化宫--建设路濮上路口),30,工人文化宫,建设路濮上路口,2025-01-20 17:09:00,2025-01-20 17:48:31,11312.0,17.175537747785743,39.516666666666666,"(115.02206040099854, 35.80734282465375)","(115.0066827521179, 35.75862282131356)",河南省,濮阳市,162,6,2742,medium,0.1519999999999999,23,11.682133381020662
900000140125,30路(建设路濮上路口--工人文化宫),30,建设路濮上路口,工人文化宫,2025-01-20 17:10:00,2025-01-20 17:49:31,11557.0,17.547532686630113,39.516666666666666,"(115.00622352862551, 35.758560218330366)","(115.0216849376965, 35.805435506645026)",河南省,濮阳市,164,7,13040,medium,-0.1519999999999999,23,11.594189446815689
900000140125,30路(建设路濮上路口--工人文化宫),30,建设路濮上路口,工人文化宫,2025-01-20 18:04:00,2025-01-20 18:43:31,11557.0,17.547532686630113,39.516666666666666,"(115.00622352862551, 35.758560218330366)","(115.0216849376965, 35.805435506645026)",河南省,濮阳市,162,7,13040,medium,-0.1519999999999999,23,11.594189446815689
900000145385,30路(工人文化宫--建设路濮上路口),30,工人文化宫,建设路濮上路口,2025-01-20 18:04:00,2025-01-20 18:43:31,11312.0,17.175537747785743,39.516666666666666,"(115.02206040099854, 35.80734282465375)","(115.0066827521179, 35.75862282131356)",河南省,濮阳市,164,8,2742,medium,0.1519999999999999,23,11.682133381020662
900000145385,30路(工人文化宫--建设路濮上路口),30,工人文化宫,建设路濮上路口,2025-01-20 18:59:00,2025-01-20 19:38:31,11312.0,17.175537747785743,39.516666666666666,"(115.02206040099854, 35.80734282465375)","(115.0066827521179, 35.75862282131356)",河南省,濮阳市,162,8,2742,medium,0.1519999999999999,23,11.682133381020662
900000140125,30路(建设路濮上路口--工人文化宫),30,建设路濮上路口,工人文化宫,2025-01-20 19:00:00,2025-01-20 19:36:25,11557.0,19.041281464530893,36.41666666666666,"(115.00622352862551, 35.758560218330366)","(115.0216849376965, 35.805435506645026)",河南省,濮阳市,164,9,13040,medium,-0.1519999999999999,23,11.715032229199084
410900010154,31路(公交公司--石佛店),31,公交公司,石佛店,2025-01-20 06:44:00,2025-01-20 07:56:56,24417.0,20.08711151736746,72.93333333333334,"(115.06543700011643, 35.7447853352607)","(115.21539832047846, 35.782970932969455)",河南省,濮阳市,168,1,5792,large,-0.0380000000000002,46,24.880848613436925
410900010154,31路(公交公司--石佛店),31,公交公司,石佛店,2025-01-20 06:53:00,2025-01-20 08:05:56,24417.0,20.08711151736746,72.93333333333334,"(115.06543700011643, 35.7447853352607)","(115.21539832047846, 35.782970932969455)",河南省,濮阳市,169,1,5792,large,-0.0380000000000002,46,24.88084861343692
410900010153,31路(石佛店--公交公司),31,石佛店,公交公司,2025-01-20 07:24:00,2025-01-20 08:38:51,24875.0,19.939879759519044,74.84999999999998,"(115.2192643247874, 35.78301659141303)","(115.06535312879537, 35.744890394173005)",河南省,濮阳市,175,1,3055,large,-0.1139999999999998,45,25.008181563126243
410900010154,31路(公交公司--石佛店),31,公交公司,石佛店,2025-01-20 06:30:00,2025-01-20 09:09:44,49292.0,19.132204851752025,154.58333333333331,"(115.2192643247874, 35.78301659141303)","(115.21539832047846, 35.782970932969455)",河南省,濮阳市,166,1,5792,large,-0.0380000000000002,46,49.59622629749079
410900010153,31路(石佛店--公交公司),31,石佛店,公交公司,2025-01-20 08:15:00,2025-01-20 09:29:51,24875.0,19.93987975951904,74.85,"(115.2192643247874, 35.78301659141303)","(115.06535312879537, 35.744890394173005)",河南省,濮阳市,169,2,3055,large,-0.1139999999999998,45,25.008181563126247
410900010154,31路(公交公司--石佛店),31,公交公司,石佛店,2025-01-20 08:51:00,2025-01-20 10:10:44,24417.0,18.3739966555184,79.73333333333333,"(115.06543700011643, 35.7447853352607)","(115.21539832047846, 35.782970932969455)",河南省,濮阳市,175,2,5792,large,-0.0380000000000002,46,24.588044734364544
410900010154,31路(公交公司--石佛店),31,公交公司,石佛店,2025-01-20 06:30:00,2025-01-20 10:32:56,73709.0,20.03718190742279,220.71666666666667,"(115.06543700011643, 35.7447853352607)","(115.21539832047846, 35.782970932969455)",河南省,濮阳市,165,1,5792,large,-0.0380000000000002,46,74.76987879000009
410900010153,31路(石佛店--公交公司),31,石佛店,公交公司,2025-01-20 09:24:00,2025-01-20 10:38:51,24875.0,19.93987975951904,74.85,"(115.2192643247874, 35.78301659141303)","(115.06535312879537, 35.744890394173005)",河南省,濮阳市,166,2,3055,large,-0.1139999999999998,45,25.008181563126247
410900010153,31路(石佛店--公交公司),31,石佛店,公交公司,2025-01-20 06:40:00,2025-01-20 10:54:51,74167.0,19.395699549614992,229.43333333333337,"(115.2192643247874, 35.78301659141303)","(115.06535312879537, 35.744890394173005)",河南省,濮阳市,167,1,3055,large,-0.1139999999999998,45,74.60440786061703
410900010153,31路(石佛店--公交公司),31,石佛店,公交公司,2025-01-20 06:57:00,2025-01-20 11:08:51,74167.0,19.395699549614992,229.43333333333337,"(115.2192643247874, 35.78301659141303)","(115.06535312879537, 35.744890394173005)",河南省,濮阳市,170,1,3055,large,-0.1139999999999998,45,74.60440786061703
410900010154,31路(公交公司--石佛店),31,公交公司,石佛店,2025-01-20 07:02:00,2025-01-20 11:06:56,73709.0,19.438312211559595,227.51666666666668,"(115.06543700011643, 35.7447853352607)","(115.21539832047846, 35.782970932969455)",河南省,濮阳市,171,1,5792,large,-0.0380000000000002,46,74.47707491092771
410900010153,31路(石佛店--公交公司),31,石佛店,公交公司,2025-01-20 07:10:00,2025-01-20 11:24:51,74167.0,19.395699549614996,229.43333333333334,"(115.2192643247874, 35.78301659141303)","(115.06535312879537, 35.744890394173005)",河南省,濮阳市,172,1,3055,large,-0.1139999999999998,45,74.60440786061703
410900010154,31路(公交公司--石佛店),31,公交公司,石佛店,2025-01-20 07:13:00,2025-01-20 11:23:56,73709.0,19.438312211559595,227.51666666666668,"(115.06543700011643, 35.7447853352607)","(115.21539832047846, 35.782970932969455)",河南省,濮阳市,173,1,5792,large,-0.0380000000000002,46,74.47707491092771
410900010154,31路(公交公司--石佛店),31,公交公司,石佛店,2025-01-20 07:24:00,2025-01-20 11:39:56,73709.0,19.438312211559595,227.51666666666668,"(115.06543700011643, 35.7447853352607)","(115.21539832047846, 35.782970932969455)",河南省,濮阳市,174,1,5792,large,-0.0380000000000002,46,74.47707491092771
410900010153,31路(石佛店--公交公司),31,石佛店,公交公司,2025-01-20 07:37:00,2025-01-20 11:46:51,74167.0,19.9881119928133,222.6333333333333,"(115.2192643247874, 35.78301659141303)","(115.06535312879537, 35.744890394173005)",河南省,濮阳市,177,1,3055,large,-0.1139999999999998,45,74.89721173968941
410900010154,31路(公交公司--石佛店),31,公交公司,石佛店,2025-01-20 07:34:00,2025-01-20 11:56:56,73709.0,19.438312211559595,227.51666666666668,"(115.06543700011643, 35.7447853352607)","(115.21539832047846, 35.782970932969455)",河南省,濮阳市,176,1,5792,large,-0.0380000000000002,46,74.47707491092771
410900010153,31路(石佛店--公交公司),31,石佛店,公交公司,2025-01-20 10:51:00,2025-01-20 12:05:51,24875.0,19.93987975951904,74.85,"(115.2192643247874, 35.78301659141303)","(115.06535312879537, 35.744890394173005)",河南省,濮阳市,165,2,3055,large,-0.1139999999999998,45,25.008181563126247
410900010154,31路(公交公司--石佛店),31,公交公司,石佛店,2025-01-20 11:03:00,2025-01-20 12:15:56,24417.0,20.08711151736746,72.93333333333334,"(115.06543700011643, 35.7447853352607)","(115.21539832047846, 35.782970932969455)",河南省,濮阳市,167,2,5792,large,-0.0380000000000002,46,24.880848613436925
410900010153,31路(石佛店--公交公司),31,石佛店,公交公司,2025-01-20 08:02:00,2025-01-20 12:19:51,74167.0,19.9881119928133,222.6333333333333,"(115.2192643247874, 35.78301659141303)","(115.06535312879537, 35.744890394173005)",河南省,濮阳市,178,1,3055,large,-0.1139999999999998,45,74.89721173968941
410900010154,31路(公交公司--石佛店),31,公交公司,石佛店,2025-01-20 11:19:00,2025-01-20 12:31:56,24417.0,20.08711151736746,72.93333333333334,"(115.06543700011643, 35.7447853352607)","(115.21539832047846, 35.782970932969455)",河南省,濮阳市,170,2,5792,large,-0.0380000000000002,46,24.880848613436925
410900010153,31路(石佛店--公交公司),31,石佛店,公交公司,2025-01-20 11:24:00,2025-01-20 12:38:51,24875.0,19.93987975951904,74.85,"(115.2192643247874, 35.78301659141303)","(115.06535312879537, 35.744890394173005)",河南省,濮阳市,171,2,3055,large,-0.1139999999999998,45,25.008181563126247
410900010154,31路(公交公司--石佛店),31,公交公司,石佛店,2025-01-20 11:36:00,2025-01-20 12:48:56,24417.0,20.08711151736746,72.93333333333334,"(115.06543700011643, 35.7447853352607)","(115.21539832047846, 35.782970932969455)",河南省,濮阳市,172,2,5792,large,-0.0380000000000002,46,24.880848613436925
410900010153,31路(石佛店--公交公司),31,石佛店,公交公司,2025-01-20 11:43:00,2025-01-20 12:57:51,24875.0,19.93987975951904,74.85,"(115.2192643247874, 35.78301659141303)","(115.06535312879537, 35.744890394173005)",河南省,濮阳市,173,2,3055,large,-0.1139999999999998,45,25.008181563126247
410900010154,31路(公交公司--石佛店),31,公交公司,石佛店,2025-01-20 11:52:00,2025-01-20 13:04:56,24417.0,20.08711151736746,72.93333333333334,"(115.06543700011643, 35.7447853352607)","(115.21539832047846, 35.782970932969455)",河南省,濮阳市,177,2,5792,large,-0.0380000000000002,46,24.880848613436925
410900010153,31路(石佛店--公交公司),31,石佛店,公交公司,2025-01-20 12:02:00,2025-01-20 13:16:51,24875.0,19.93987975951904,74.85,"(115.2192643247874, 35.78301659141303)","(115.06535312879537, 35.744890394173005)",河南省,濮阳市,174,2,3055,large,-0.1139999999999998,45,25.008181563126247
410900010153,31路(石佛店--公交公司),31,石佛店,公交公司,2025-01-20 12:18:00,2025-01-20 13:32:51,24875.0,19.93987975951904,74.85,"(115.2192643247874, 35.78301659141303)","(115.06535312879537, 35.744890394173005)",河南省,濮阳市,176,2,3055,large,-0.1139999999999998,45,25.008181563126247
410900010154,31路(公交公司--石佛店),31,公交公司,石佛店,2025-01-20 12:28:00,2025-01-20 13:40:56,24417.0,20.08711151736746,72.93333333333334,"(115.06543700011643, 35.7447853352607)","(115.21539832047846, 35.782970932969455)",河南省,濮阳市,178,2,5792,large,-0.0380000000000002,46,24.880848613436925
410900010153,31路(石佛店--公交公司),31,石佛店,公交公司,2025-01-20 12:35:00,2025-01-20 13:49:51,24875.0,19.93987975951904,74.85,"(115.2192643247874, 35.78301659141303)","(115.06535312879537, 35.744890394173005)",河南省,濮阳市,167,3,3055,large,-0.1139999999999998,45,25.008181563126247
410900010154,31路(公交公司--石佛店),31,公交公司,石佛店,2025-01-20 12:48:00,2025-01-20 14:00:56,24417.0,20.08711151736746,72.93333333333334,"(115.06543700011643, 35.7447853352607)","(115.21539832047846, 35.782970932969455)",河南省,濮阳市,171,3,5792,large,-0.0380000000000002,46,24.880848613436925
410900010153,31路(石佛店--公交公司),31,石佛店,公交公司,2025-01-20 12:53:00,2025-01-20 14:07:51,24875.0,19.93987975951904,74.85,"(115.2192643247874, 35.78301659141303)","(115.06535312879537, 35.744890394173005)",河南省,濮阳市,170,3,3055,large,-0.1139999999999998,45,25.008181563126247
410900010154,31路(公交公司--石佛店),31,公交公司,石佛店,2025-01-20 13:08:00,2025-01-20 14:20:56,24417.0,20.08711151736746,72.93333333333334,"(115.06543700011643, 35.7447853352607)","(115.21539832047846, 35.782970932969455)",河南省,濮阳市,173,3,5792,large,-0.0380000000000002,46,24.880848613436925
410900010153,31路(石佛店--公交公司),31,石佛店,公交公司,2025-01-20 13:12:00,2025-01-20 14:26:51,24875.0,19.93987975951904,74.85,"(115.2192643247874, 35.78301659141303)","(115.06535312879537, 35.744890394173005)",河南省,濮阳市,177,3,3055,large,-0.1139999999999998,45,25.008181563126247
410900010154,31路(公交公司--石佛店),31,公交公司,石佛店,2025-01-20 13:28:00,2025-01-20 14:40:56,24417.0,20.08711151736746,72.93333333333334,"(115.06543700011643, 35.7447853352607)","(115.21539832047846, 35.782970932969455)",河南省,濮阳市,174,3,5792,large,-0.0380000000000002,46,24.880848613436925
410900010154,31路(公交公司--石佛店),31,公交公司,石佛店,2025-01-20 13:48:00,2025-01-20 15:00:56,24417.0,20.08711151736746,72.93333333333334,"(115.06543700011643, 35.7447853352607)","(115.21539832047846, 35.782970932969455)",河南省,濮阳市,176,3,5792,large,-0.0380000000000002,46,24.880848613436925
410900010153,31路(石佛店--公交公司),31,石佛店,公交公司,2025-01-20 14:07:00,2025-01-20 15:21:51,24875.0,19.93987975951904,74.85,"(115.2192643247874, 35.78301659141303)","(115.06535312879537, 35.744890394173005)",河南省,濮阳市,178,3,3055,large,-0.1139999999999998,45,25.008181563126247
410900010154,31路(公交公司--石佛店),31,公交公司,石佛店,2025-01-20 14:08:00,2025-01-20 15:20:56,24417.0,20.08711151736746,72.93333333333334,"(115.06543700011643, 35.7447853352607)","(115.21539832047846, 35.782970932969455)",河南省,濮阳市,167,4,5792,large,-0.0380000000000002,46,24.880848613436925
410900010154,31路(公交公司--石佛店),31,公交公司,石佛店,2025-01-20 14:26:00,2025-01-20 15:38:56,24417.0,20.08711151736746,72.93333333333334,"(115.06543700011643, 35.7447853352607)","(115.21539832047846, 35.782970932969455)",河南省,濮阳市,170,4,5792,large,-0.0380000000000002,46,24.880848613436925
410900010153,31路(石佛店--公交公司),31,石佛店,公交公司,2025-01-20 14:28:00,2025-01-20 15:42:51,24875.0,19.93987975951904,74.85,"(115.2192643247874, 35.78301659141303)","(115.06535312879537, 35.744890394173005)",河南省,濮阳市,173,4,3055,large,-0.1139999999999998,45,25.008181563126247
410900010154,31路(公交公司--石佛店),31,公交公司,石佛店,2025-01-20 14:39:00,2025-01-20 15:51:56,24417.0,20.08711151736746,72.93333333333334,"(115.06543700011643, 35.7447853352607)","(115.21539832047846, 35.782970932969455)",河南省,濮阳市,177,4,5792,large,-0.0380000000000002,46,24.880848613436925
410900010153,31路(石佛店--公交公司),31,石佛店,公交公司,2025-01-20 14:49:00,2025-01-20 16:03:51,24875.0,19.93987975951904,74.85,"(115.2192643247874, 35.78301659141303)","(115.06535312879537, 35.744890394173005)",河南省,濮阳市,174,4,3055,large,-0.1139999999999998,45,25.008181563126247
410900010154,31路(公交公司--石佛店),31,公交公司,石佛店,2025-01-20 12:10:00,2025-01-20 16:07:56,73709.0,20.037181907422788,220.7166666666667,"(115.06543700011643, 35.7447853352607)","(115.21539832047846, 35.782970932969455)",河南省,濮阳市,179,1,5792,large,-0.0380000000000002,46,74.76987879000009
410900010153,31路(石佛店--公交公司),31,石佛店,公交公司,2025-01-20 15:08:00,2025-01-20 16:22:51,24875.0,19.93987975951904,74.85,"(115.2192643247874, 35.78301659141303)","(115.06535312879537, 35.744890394173005)",河南省,濮阳市,176,4,3055,large,-0.1139999999999998,45,25.008181563126247
410900010153,31路(石佛店--公交公司),31,石佛店,公交公司,2025-01-20 15:28:00,2025-01-20 16:42:51,24875.0,19.93987975951904,74.85,"(115.2192643247874, 35.78301659141303)","(115.06535312879537, 35.744890394173005)",河南省,濮阳市,167,5,3055,large,-0.1139999999999998,45,25.008181563126247
410900010154,31路(公交公司--石佛店),31,公交公司,石佛店,2025-01-20 15:40:00,2025-01-20 16:52:56,24417.0,20.08711151736746,72.93333333333334,"(115.06543700011643, 35.7447853352607)","(115.21539832047846, 35.782970932969455)",河南省,濮阳市,178,4,5792,large,-0.0380000000000002,46,24.880848613436925
410900010153,31路(石佛店--公交公司),31,石佛店,公交公司,2025-01-20 15:45:00,2025-01-20 16:59:51,24875.0,19.93987975951904,74.85,"(115.2192643247874, 35.78301659141303)","(115.06535312879537, 35.744890394173005)",河南省,濮阳市,170,5,3055,large,-0.1139999999999998,45,25.008181563126247
410900010154,31路(公交公司--石佛店),31,公交公司,石佛店,2025-01-20 15:57:00,2025-01-20 17:09:56,24417.0,20.08711151736746,72.93333333333334,"(115.06543700011643, 35.7447853352607)","(115.21539832047846, 35.782970932969455)",河南省,濮阳市,173,5,5792,large,-0.0380000000000002,46,24.880848613436925
410900010153,31路(石佛店--公交公司),31,石佛店,公交公司,2025-01-20 16:00:00,2025-01-20 17:14:51,24875.0,19.93987975951904,74.85,"(115.2192643247874, 35.78301659141303)","(115.06535312879537, 35.744890394173005)",河南省,濮阳市,177,5,3055,large,-0.1139999999999998,45,25.008181563126247
410900010153,31路(石佛店--公交公司),31,石佛店,公交公司,2025-01-20 16:17:00,2025-01-20 17:31:51,24875.0,19.93987975951904,74.85,"(115.2192643247874, 35.78301659141303)","(115.06535312879537, 35.744890394173005)",河南省,濮阳市,179,2,3055,large,-0.1139999999999998,45,25.008181563126247
410900010154,31路(公交公司--石佛店),31,公交公司,石佛店,2025-01-20 16:18:00,2025-01-20 17:30:56,24417.0,20.08711151736746,72.93333333333334,"(115.06543700011643, 35.7447853352607)","(115.21539832047846, 35.782970932969455)",河南省,濮阳市,174,5,5792,large,-0.0380000000000002,46,24.880848613436925
410900010153,31路(石佛店--公交公司),31,石佛店,公交公司,2025-01-20 13:46:00,2025-01-20 17:46:51,74167.0,19.988111992813298,222.63333333333333,"(115.2192643247874, 35.78301659141303)","(115.06535312879537, 35.744890394173005)",河南省,濮阳市,180,1,3055,large,-0.1139999999999998,45,74.89721173968941
410900010154,31路(公交公司--石佛店),31,公交公司,石佛店,2025-01-20 16:34:00,2025-01-20 17:46:56,24417.0,20.08711151736746,72.93333333333334,"(115.06543700011643, 35.7447853352607)","(115.21539832047846, 35.782970932969455)",河南省,濮阳市,176,5,5792,large,-0.0380000000000002,46,24.880848613436925
410900010153,31路(石佛店--公交公司),31,石佛店,公交公司,2025-01-20 15:25:00,2025-01-20 18:02:51,49292.0,20.012540881921737,147.7833333333333,"(115.06543700011643, 35.7447853352607)","(115.06535312879537, 35.744890394173005)",河南省,濮阳市,181,1,3055,large,-0.1139999999999998,45,49.88903017656317
410900010154,31路(公交公司--石佛店),31,公交公司,石佛店,2025-01-20 16:51:00,2025-01-20 18:03:56,24417.0,20.08711151736746,72.93333333333334,"(115.06543700011643, 35.7447853352607)","(115.21539832047846, 35.782970932969455)",河南省,濮阳市,167,6,5792,large,-0.0380000000000002,46,24.880848613436925
410900010153,31路(石佛店--公交公司),31,石佛店,公交公司,2025-01-20 17:04:00,2025-01-20 18:18:51,24875.0,19.93987975951904,74.85,"(115.2192643247874, 35.78301659141303)","(115.06535312879537, 35.744890394173005)",河南省,濮阳市,178,5,3055,large,-0.1139999999999998,45,25.008181563126247
410900010154,31路(公交公司--石佛店),31,公交公司,石佛店,2025-01-20 17:09:00,2025-01-20 18:28:44,24417.0,18.3739966555184,79.73333333333333,"(115.06543700011643, 35.7447853352607)","(115.21539832047846, 35.782970932969455)",河南省,濮阳市,170,6,5792,large,-0.0380000000000002,46,24.588044734364544
410900010153,31路(石佛店--公交公司),31,石佛店,公交公司,2025-01-20 17:21:00,2025-01-20 18:35:51,24875.0,19.93987975951904,74.85,"(115.2192643247874, 35.78301659141303)","(115.06535312879537, 35.744890394173005)",河南省,濮阳市,173,6,3055,large,-0.1139999999999998,45,25.008181563126247
410900010154,31路(公交公司--石佛店),31,公交公司,石佛店,2025-01-20 17:28:00,2025-01-20 18:47:44,24417.0,18.3739966555184,79.73333333333333,"(115.06543700011643, 35.7447853352607)","(115.21539832047846, 35.782970932969455)",河南省,濮阳市,177,6,5792,large,-0.0380000000000002,46,24.588044734364544
410900010153,31路(石佛店--公交公司),31,石佛店,公交公司,2025-01-20 17:37:00,2025-01-20 18:51:51,24875.0,19.93987975951904,74.85,"(115.2192643247874, 35.78301659141303)","(115.06535312879537, 35.744890394173005)",河南省,濮阳市,174,6,3055,large,-0.1139999999999998,45,25.008181563126247
410900010154,31路(公交公司--石佛店),31,公交公司,石佛店,2025-01-20 17:46:00,2025-01-20 19:05:44,24417.0,18.3739966555184,79.73333333333333,"(115.06543700011643, 35.7447853352607)","(115.21539832047846, 35.782970932969455)",河南省,濮阳市,179,3,5792,large,-0.0380000000000002,46,24.588044734364544
410900010153,31路(石佛店--公交公司),31,石佛店,公交公司,2025-01-20 17:58:00,2025-01-20 19:12:51,24875.0,19.93987975951904,74.85,"(115.2192643247874, 35.78301659141303)","(115.06535312879537, 35.744890394173005)",河南省,濮阳市,176,6,3055,large,-0.1139999999999998,45,25.008181563126247
410900010154,31路(公交公司--石佛店),31,公交公司,石佛店,2025-01-20 18:05:00,2025-01-20 19:24:44,24417.0,18.3739966555184,79.73333333333333,"(115.06543700011643, 35.7447853352607)","(115.21539832047846, 35.782970932969455)",河南省,濮阳市,180,2,5792,large,-0.0380000000000002,46,24.588044734364544
410900010153,31路(石佛店--公交公司),31,石佛店,公交公司,2025-01-20 18:09:00,2025-01-20 19:23:51,24875.0,19.93987975951904,74.85,"(115.2192643247874, 35.78301659141303)","(115.06535312879537, 35.744890394173005)",河南省,濮阳市,182,1,3055,large,-0.1139999999999998,45,25.008181563126247
410900010154,31路(公交公司--石佛店),31,公交公司,石佛店,2025-01-20 18:23:00,2025-01-20 19:42:44,24417.0,18.3739966555184,79.73333333333333,"(115.06543700011643, 35.7447853352607)","(115.21539832047846, 35.782970932969455)",河南省,濮阳市,181,2,5792,large,-0.0380000000000002,46,24.588044734364544
410900010153,31路(石佛店--公交公司),31,石佛店,公交公司,2025-01-20 18:24:00,2025-01-20 19:38:51,24875.0,19.93987975951904,74.85,"(115.2192643247874, 35.78301659141303)","(115.06535312879537, 35.744890394173005)",河南省,濮阳市,167,7,3055,large,-0.1139999999999998,45,25.008181563126247
410900010154,31路(公交公司--石佛店),31,公交公司,石佛店,2025-01-20 18:40:00,2025-01-20 19:59:44,24417.0,18.3739966555184,79.73333333333333,"(115.06543700011643, 35.7447853352607)","(115.21539832047846, 35.782970932969455)",河南省,濮阳市,178,6,5792,large,-0.0380000000000002,46,24.588044734364544
410900010153,31路(石佛店--公交公司),31,石佛店,公交公司,2025-01-20 18:40:00,2025-01-20 19:54:51,24875.0,19.93987975951904,74.85,"(115.2192643247874, 35.78301659141303)","(115.06535312879537, 35.744890394173005)",河南省,濮阳市,170,7,3055,large,-0.1139999999999998,45,25.008181563126247
900000051872,35路(图书馆--京开道站前路口),35,图书馆,京开道站前路口,2025-01-20 06:45:00,2025-01-20 07:32:12,13597.0,17.284322033898302,47.2,"(114.98730615494578, 35.80920820609157)","(115.02552625911481, 35.74257366920001)",河南省,濮阳市,186,1,14997,large,1.3877787807814457e-17,26,13.658868086864404
900000051873,35路(京开道站前路口--图书馆),35,京开道站前路口,图书馆,2025-01-20 06:30:00,2025-01-20 08:20:42,27250.0,16.531850353892818,98.9,"(114.98730615494578, 35.80920820609157)","(114.98730615494578, 35.80920820609157)",河南省,濮阳市,184,1,1217,large,-6.938893903907227e-17,25,27.094714966168084
900000051872,35路(图书馆--京开道站前路口),35,图书馆,京开道站前路口,2025-01-20 06:45:00,2025-01-20 08:32:17,27250.0,16.570945945945944,98.66666666666667,"(115.02552625911481, 35.74257366920001)","(115.02552625911481, 35.74257366920001)",河南省,濮阳市,185,1,14997,large,1.3877787807814457e-17,26,27.101681918912526
900000051873,35路(京开道站前路口--图书馆),35,京开道站前路口,图书馆,2025-01-20 07:44:00,2025-01-20 08:35:42,13653.0,15.844874274661509,51.7,"(115.02552625911481, 35.74257366920001)","(114.98730615494578, 35.80920820609157)",河南省,濮阳市,186,2,1217,large,-6.938893903907227e-17,25,13.435846879303677
900000051872,35路(图书馆--京开道站前路口),35,图书馆,京开道站前路口,2025-01-20 08:39:00,2025-01-20 09:30:17,13597.0,15.908092297692557,51.28333333333333,"(114.98730615494578, 35.80920820609157)","(115.02552625911481, 35.74257366920001)",河南省,濮阳市,184,2,14997,large,1.3877787807814457e-17,26,13.527879916802078
900000051873,35路(京开道站前路口--图书馆),35,京开道站前路口,图书馆,2025-01-20 08:44:00,2025-01-20 09:35:42,13653.0,15.844874274661509,51.7,"(115.02552625911481, 35.74257366920001)","(114.98730615494578, 35.80920820609157)",河南省,濮阳市,185,2,1217,large,-6.938893903907227e-17,25,13.435846879303677
900000051873,35路(京开道站前路口--图书馆),35,京开道站前路口,图书馆,2025-01-20 07:02:00,2025-01-20 10:03:23,40903.0,16.32130348038129,150.36666666666667,"(115.02552625911481, 35.74257366920001)","(114.98730615494578, 35.80920820609157)",河南省,濮阳市,188,1,1217,large,-6.938893903907227e-17,25,40.5375287982162
900000051872,35路(图书馆--京开道站前路口),35,图书馆,京开道站前路口,2025-01-20 10:10:00,2025-01-20 10:57:12,13597.0,17.284322033898306,47.2,"(114.98730615494578, 35.80920820609157)","(115.02552625911481, 35.74257366920001)",河南省,濮阳市,188,2,14997,large,1.3877787807814457e-17,26,13.658868086864404
900000051873,35路(京开道站前路口--图书馆),35,京开道站前路口,图书馆,2025-01-20 06:30:00,2025-01-20 13:35:23,95403.0,16.858963282937367,339.5333333333333,"(115.02552625911481, 35.74257366920001)","(114.98730615494578, 35.80920820609157)",河南省,濮阳市,183,1,1217,large,-6.938893903907227e-17,25,95.00286897616587
900000051872,35路(图书馆--京开道站前路口),35,图书馆,京开道站前路口,2025-01-20 06:59:00,2025-01-20 13:50:12,95347.0,16.85817003094151,339.3499999999999,"(114.98730615494578, 35.80920820609157)","(115.02552625911481, 35.74257366920001)",河南省,濮阳市,187,1,14997,large,1.3877787807814457e-17,26,95.08793506091985
900000051873,35路(京开道站前路口--图书馆),35,京开道站前路口,图书馆,2025-01-20 07:16:00,2025-01-20 14:08:23,95403.0,16.858963282937367,339.5333333333333,"(115.02552625911481, 35.74257366920001)","(114.98730615494578, 35.80920820609157)",河南省,濮阳市,190,1,1217,large,-6.938893903907227e-17,25,95.00286897616587
900000051872,35路(图书馆--京开道站前路口),35,图书馆,京开道站前路口,2025-01-20 07:14:00,2025-01-20 14:25:12,95347.0,16.85817003094151,339.3499999999999,"(114.98730615494578, 35.80920820609157)","(115.02552625911481, 35.74257366920001)",河南省,濮阳市,189,1,14997,large,1.3877787807814457e-17,26,95.08793506091985
900000051872,35路(图书馆--京开道站前路口),35,图书馆,京开道站前路口,2025-01-20 13:56:00,2025-01-20 14:43:12,13597.0,17.284322033898306,47.2,"(114.98730615494578, 35.80920820609157)","(115.02552625911481, 35.74257366920001)",河南省,濮阳市,183,2,14997,large,1.3877787807814457e-17,26,13.658868086864404
900000051873,35路(京开道站前路口--图书馆),35,京开道站前路口,图书馆,2025-01-20 13:59:00,2025-01-20 14:46:23,13653.0,17.288357368976435,47.38333333333333,"(115.02552625911481, 35.74257366920001)","(114.98730615494578, 35.80920820609157)",河南省,濮阳市,187,2,1217,large,-6.938893903907227e-17,25,13.573802002110446
900000051872,35路(图书馆--京开道站前路口),35,图书馆,京开道站前路口,2025-01-20 07:55:00,2025-01-20 14:59:12,95347.0,17.075375584518955,335.0333333333333,"(114.98730615494578, 35.80920820609157)","(115.02552625911481, 35.74257366920001)",河南省,濮阳市,191,1,14997,large,1.3877787807814457e-17,26,95.22589018372662
900000051872,35路(图书馆--京开道站前路口),35,图书馆,京开道站前路口,2025-01-20 14:30:00,2025-01-20 15:17:12,13597.0,17.284322033898306,47.2,"(114.98730615494578, 35.80920820609157)","(115.02552625911481, 35.74257366920001)",河南省,濮阳市,190,2,14997,large,1.3877787807814457e-17,26,13.658868086864404
900000051873,35路(京开道站前路口--图书馆),35,京开道站前路口,图书馆,2025-01-20 14:46:00,2025-01-20 15:33:23,13653.0,17.288357368976435,47.38333333333333,"(115.02552625911481, 35.74257366920001)","(114.98730615494578, 35.80920820609157)",河南省,濮阳市,189,2,1217,large,-6.938893903907227e-17,25,13.573802002110446
900000051873,35路(京开道站前路口--图书馆),35,京开道站前路口,图书馆,2025-01-20 15:02:00,2025-01-20 15:49:23,13653.0,17.288357368976435,47.38333333333333,"(115.02552625911481, 35.74257366920001)","(114.98730615494578, 35.80920820609157)",河南省,濮阳市,183,3,1217,large,-6.938893903907227e-17,25,13.573802002110446
900000051872,35路(图书馆--京开道站前路口),35,图书馆,京开道站前路口,2025-01-20 15:04:00,2025-01-20 15:51:12,13597.0,17.284322033898306,47.2,"(114.98730615494578, 35.80920820609157)","(115.02552625911481, 35.74257366920001)",河南省,濮阳市,187,3,14997,large,1.3877787807814457e-17,26,13.658868086864404
900000051873,35路(京开道站前路口--图书馆),35,京开道站前路口,图书馆,2025-01-20 15:18:00,2025-01-20 16:05:23,13653.0,17.288357368976435,47.38333333333333,"(115.02552625911481, 35.74257366920001)","(114.98730615494578, 35.80920820609157)",河南省,濮阳市,191,2,1217,large,-6.938893903907227e-17,25,13.573802002110446
900000051872,35路(图书馆--京开道站前路口),35,图书馆,京开道站前路口,2025-01-20 09:10:00,2025-01-20 16:07:12,95347.0,17.286055295361834,330.95000000000005,"(114.98730615494578, 35.80920820609157)","(115.02552625911481, 35.74257366920001)",河南省,濮阳市,192,1,14997,large,1.3877787807814457e-17,26,95.35687835378894
900000051873,35路(京开道站前路口--图书馆),35,京开道站前路口,图书馆,2025-01-20 15:33:00,2025-01-20 16:20:23,13653.0,17.288357368976435,47.38333333333333,"(115.02552625911481, 35.74257366920001)","(114.98730615494578, 35.80920820609157)",河南省,濮阳市,190,3,1217,large,-6.938893903907227e-17,25,13.573802002110446
900000051872,35路(图书馆--京开道站前路口),35,图书馆,京开道站前路口,2025-01-20 15:54:00,2025-01-20 16:41:12,13597.0,17.284322033898306,47.2,"(114.98730615494578, 35.80920820609157)","(115.02552625911481, 35.74257366920001)",河南省,濮阳市,189,3,14997,large,1.3877787807814457e-17,26,13.658868086864404
900000051873,35路(京开道站前路口--图书馆),35,京开道站前路口,图书馆,2025-01-20 16:06:00,2025-01-20 16:53:23,13653.0,17.288357368976435,47.38333333333333,"(115.02552625911481, 35.74257366920001)","(114.98730615494578, 35.80920820609157)",河南省,濮阳市,187,4,1217,large,-6.938893903907227e-17,25,13.573802002110446
900000051872,35路(图书馆--京开道站前路口),35,图书馆,京开道站前路口,2025-01-20 16:11:00,2025-01-20 16:58:12,13597.0,17.284322033898306,47.2,"(114.98730615494578, 35.80920820609157)","(115.02552625911481, 35.74257366920001)",河南省,濮阳市,191,3,14997,large,1.3877787807814457e-17,26,13.658868086864404
900000051873,35路(京开道站前路口--图书馆),35,京开道站前路口,图书馆,2025-01-20 16:21:00,2025-01-20 17:08:23,13653.0,17.288357368976435,47.38333333333333,"(115.02552625911481, 35.74257366920001)","(114.98730615494578, 35.80920820609157)",河南省,濮阳市,192,2,1217,large,-6.938893903907227e-17,25,13.573802002110446
900000051872,35路(图书馆--京开道站前路口),35,图书馆,京开道站前路口,2025-01-20 16:26:00,2025-01-20 17:13:12,13597.0,17.284322033898306,47.2,"(114.98730615494578, 35.80920820609157)","(115.02552625911481, 35.74257366920001)",河南省,濮阳市,190,4,14997,large,1.3877787807814457e-17,26,13.658868086864404
900000051872,35路(图书馆--京开道站前路口),35,图书馆,京开道站前路口,2025-01-20 10:44:00,2025-01-20 17:29:12,95347.0,17.286055295361837,330.95,"(114.98730615494578, 35.80920820609157)","(115.02552625911481, 35.74257366920001)",河南省,濮阳市,193,1,14997,large,1.3877787807814457e-17,26,95.35687835378894
900000051873,35路(京开道站前路口--图书馆),35,京开道站前路口,图书馆,2025-01-20 16:52:00,2025-01-20 17:39:23,13653.0,17.288357368976435,47.38333333333333,"(115.02552625911481, 35.74257366920001)","(114.98730615494578, 35.80920820609157)",河南省,濮阳市,189,4,1217,large,-6.938893903907227e-17,25,13.573802002110446
900000051872,35路(图书馆--京开道站前路口),35,图书馆,京开道站前路口,2025-01-20 17:00:00,2025-01-20 17:51:17,13597.0,15.908092297692557,51.28333333333333,"(114.98730615494578, 35.80920820609157)","(115.02552625911481, 35.74257366920001)",河南省,濮阳市,187,5,14997,large,1.3877787807814457e-17,26,13.527879916802078
900000051873,35路(京开道站前路口--图书馆),35,京开道站前路口,图书馆,2025-01-20 17:07:00,2025-01-20 17:58:42,13653.0,15.844874274661509,51.7,"(115.02552625911481, 35.74257366920001)","(114.98730615494578, 35.80920820609157)",河南省,濮阳市,191,4,1217,large,-6.938893903907227e-17,25,13.435846879303677
900000051872,35路(图书馆--京开道站前路口),35,图书馆,京开道站前路口,2025-01-20 17:13:00,2025-01-20 18:04:17,13597.0,15.908092297692559,51.28333333333333,"(114.98730615494578, 35.80920820609157)","(115.02552625911481, 35.74257366920001)",河南省,濮阳市,195,1,14997,large,1.3877787807814457e-17,26,13.527879916802076
900000051873,35路(京开道站前路口--图书馆),35,京开道站前路口,图书馆,2025-01-20 17:20:00,2025-01-20 18:11:42,13653.0,15.844874274661509,51.7,"(115.02552625911481, 35.74257366920001)","(114.98730615494578, 35.80920820609157)",河南省,濮阳市,190,5,1217,large,-6.938893903907227e-17,25,13.435846879303677
900000051872,35路(图书馆--京开道站前路口),35,图书馆,京开道站前路口,2025-01-20 17:28:00,2025-01-20 18:19:17,13597.0,15.908092297692557,51.28333333333333,"(114.98730615494578, 35.80920820609157)","(115.02552625911481, 35.74257366920001)",河南省,濮阳市,192,3,14997,large,1.3877787807814457e-17,26,13.527879916802078
900000051873,35路(京开道站前路口--图书馆),35,京开道站前路口,图书馆,2025-01-20 17:32:00,2025-01-20 18:23:42,13653.0,15.844874274661507,51.7,"(115.02552625911481, 35.74257366920001)","(114.98730615494578, 35.80920820609157)",河南省,濮阳市,196,1,1217,large,-6.938893903907227e-17,25,13.435846879303675
900000051872,35路(图书馆--京开道站前路口),35,图书馆,京开道站前路口,2025-01-20 14:30:00,2025-01-20 18:33:17,54500.0,16.921086675291072,193.25,"(115.02552625911481, 35.74257366920001)","(115.02552625911481, 35.74257366920001)",河南省,濮阳市,194,1,14997,large,1.3877787807814457e-17,26,54.33435200788738
900000051873,35路(京开道站前路口--图书馆),35,京开道站前路口,图书馆,2025-01-20 17:45:00,2025-01-20 18:36:42,13653.0,15.844874274661509,51.7,"(115.02552625911481, 35.74257366920001)","(114.98730615494578, 35.80920820609157)",河南省,濮阳市,193,2,1217,large,-6.938893903907227e-17,25,13.435846879303677
900000051872,35路(图书馆--京开道站前路口),35,图书馆,京开道站前路口,2025-01-20 17:56:00,2025-01-20 18:47:17,13597.0,15.908092297692557,51.28333333333333,"(114.98730615494578, 35.80920820609157)","(115.02552625911481, 35.74257366920001)",河南省,濮阳市,189,5,14997,large,1.3877787807814457e-17,26,13.527879916802078
900000051873,35路(京开道站前路口--图书馆),35,京开道站前路口,图书馆,2025-01-20 17:58:00,2025-01-20 18:49:42,13653.0,15.844874274661509,51.7,"(115.02552625911481, 35.74257366920001)","(114.98730615494578, 35.80920820609157)",河南省,濮阳市,187,6,1217,large,-6.938893903907227e-17,25,13.435846879303677
900000051873,35路(京开道站前路口--图书馆),35,京开道站前路口,图书馆,2025-01-20 18:11:00,2025-01-20 19:02:42,13653.0,15.844874274661509,51.7,"(115.02552625911481, 35.74257366920001)","(114.98730615494578, 35.80920820609157)",河南省,濮阳市,195,2,1217,large,-6.938893903907227e-17,25,13.435846879303677
900000051872,35路(图书馆--京开道站前路口),35,图书馆,京开道站前路口,2025-01-20 18:12:00,2025-01-20 19:03:17,13597.0,15.908092297692557,51.28333333333333,"(114.98730615494578, 35.80920820609157)","(115.02552625911481, 35.74257366920001)",河南省,濮阳市,191,5,14997,large,1.3877787807814457e-17,26,13.527879916802078
900000051873,35路(京开道站前路口--图书馆),35,京开道站前路口,图书馆,2025-01-20 18:25:00,2025-01-20 19:16:42,13653.0,15.844874274661509,51.7,"(115.02552625911481, 35.74257366920001)","(114.98730615494578, 35.80920820609157)",河南省,濮阳市,192,4,1217,large,-6.938893903907227e-17,25,13.435846879303677
900000051872,35路(图书馆--京开道站前路口),35,图书馆,京开道站前路口,2025-01-20 18:27:00,2025-01-20 19:18:17,13597.0,15.908092297692557,51.28333333333333,"(114.98730615494578, 35.80920820609157)","(115.02552625911481, 35.74257366920001)",河南省,濮阳市,190,6,14997,large,1.3877787807814457e-17,26,13.527879916802078
900000051873,35路(京开道站前路口--图书馆),35,京开道站前路口,图书馆,2025-01-20 18:41:00,2025-01-20 19:32:42,13653.0,15.844874274661509,51.7,"(115.02552625911481, 35.74257366920001)","(114.98730615494578, 35.80920820609157)",河南省,濮阳市,194,2,1217,large,-6.938893903907227e-17,25,13.435846879303677
900000051872,35路(图书馆--京开道站前路口),35,图书馆,京开道站前路口,2025-01-20 18:43:00,2025-01-20 19:34:17,13597.0,15.908092297692557,51.28333333333333,"(114.98730615494578, 35.80920820609157)","(115.02552625911481, 35.74257366920001)",河南省,濮阳市,196,2,14997,large,1.3877787807814457e-17,26,13.527879916802078
900000051873,35路(京开道站前路口--图书馆),35,京开道站前路口,图书馆,2025-01-20 18:59:00,2025-01-20 19:50:42,13653.0,15.844874274661509,51.7,"(115.02552625911481, 35.74257366920001)","(114.98730615494578, 35.80920820609157)",河南省,濮阳市,189,6,1217,large,-6.938893903907227e-17,25,13.435846879303677
900000051872,35路(图书馆--京开道站前路口),35,图书馆,京开道站前路口,2025-01-20 19:00:00,2025-01-20 19:47:12,13597.0,17.284322033898306,47.2,"(114.98730615494578, 35.80920820609157)","(115.02552625911481, 35.74257366920001)",河南省,濮阳市,187,7,14997,large,1.3877787807814457e-17,26,13.658868086864404
900000038560,36路(东方花园二期--公交新东站),36,东方花园二期,公交新东站,2025-01-20 06:30:00,2025-01-20 12:47:04,86754.0,18.160981566552305,286.6166666666667,"(115.12874961628322, 35.791883564642575)","(115.12901300793575, 35.79187092483457)",河南省,濮阳市,197,1,11942,large,-0.038,30,89.06445122575468
900000038562,36路(公交新东站--东方花园二期),36,公交新东站,东方花园二期,2025-01-20 06:30:00,2025-01-20 13:22:03,86754.0,18.160981566552305,286.6166666666667,"(115.03964352525156, 35.79474730496901)","(115.03960488268459, 35.79248719331132)",河南省,濮阳市,198,1,1963,large,6.938893903907227e-17,29,89.06445122575468
900000038560,36路(东方花园二期--公交新东站),36,东方花园二期,公交新东站,2025-01-20 07:09:00,2025-01-20 13:56:04,86754.0,18.160981566552305,286.6166666666667,"(115.12874961628322, 35.791883564642575)","(115.12901300793575, 35.79187092483457)",河南省,濮阳市,199,1,11942,large,-0.038,30,89.06445122575468
900000038562,36路(公交新东站--东方花园二期),36,公交新东站,东方花园二期,2025-01-20 13:09:00,2025-01-20 13:52:03,14265.0,19.881533101045296,43.05,"(115.12874961628322, 35.791883564642575)","(115.03960488268459, 35.79248719331132)",河南省,濮阳市,197,2,1963,large,6.938893903907227e-17,29,14.809752487804875
900000038562,36路(公交新东站--东方花园二期),36,公交新东站,东方花园二期,2025-01-20 07:59:00,2025-01-20 14:22:03,86754.0,18.783568893967644,277.1166666666667,"(115.03964352525156, 35.79474730496901)","(115.03960488268459, 35.79248719331132)",河南省,濮阳市,200,1,1963,large,6.938893903907227e-17,29,89.4233488401057
900000038560,36路(东方花园二期--公交新东站),36,东方花园二期,公交新东站,2025-01-20 13:39:00,2025-01-20 14:26:04,14653.0,18.679461756373936,47.06666666666667,"(115.03964352525156, 35.79474730496901)","(115.12901300793575, 35.79187092483457)",河南省,濮阳市,198,2,11942,large,-0.038,30,15.07830747181303
900000038560,36路(东方花园二期--公交新东站),36,东方花园二期,公交新东站,2025-01-20 14:10:00,2025-01-20 14:57:04,14653.0,18.679461756373936,47.06666666666667,"(115.03964352525156, 35.79474730496901)","(115.12901300793575, 35.79187092483457)",河南省,濮阳市,197,3,11942,large,-0.038,30,15.07830747181303
900000038562,36路(公交新东站--东方花园二期),36,公交新东站,东方花园二期,2025-01-20 14:10:00,2025-01-20 14:53:03,14265.0,19.881533101045296,43.05,"(115.12874961628322, 35.791883564642575)","(115.03960488268459, 35.79248719331132)",河南省,濮阳市,199,2,1963,large,6.938893903907227e-17,29,14.809752487804875
900000038560,36路(东方花园二期--公交新东站),36,东方花园二期,公交新东站,2025-01-20 14:39:00,2025-01-20 15:26:04,14653.0,18.679461756373936,47.06666666666667,"(115.03964352525156, 35.79474730496901)","(115.12901300793575, 35.79187092483457)",河南省,濮阳市,200,2,11942,large,-0.038,30,15.07830747181303
900000038562,36路(公交新东站--东方花园二期),36,公交新东站,东方花园二期,2025-01-20 14:40:00,2025-01-20 15:23:03,14265.0,19.881533101045296,43.05,"(115.12874961628322, 35.791883564642575)","(115.03960488268459, 35.79248719331132)",河南省,濮阳市,198,3,1963,large,6.938893903907227e-17,29,14.809752487804875
900000038560,36路(东方花园二期--公交新东站),36,东方花园二期,公交新东站,2025-01-20 15:19:00,2025-01-20 16:06:04,14653.0,18.679461756373936,47.06666666666667,"(115.03964352525156, 35.79474730496901)","(115.12901300793575, 35.79187092483457)",河南省,濮阳市,199,3,11942,large,-0.038,30,15.07830747181303
900000038562,36路(公交新东站--东方花园二期),36,公交新东站,东方花园二期,2025-01-20 15:20:00,2025-01-20 16:03:03,14265.0,19.881533101045296,43.05,"(115.12874961628322, 35.791883564642575)","(115.03960488268459, 35.79248719331132)",河南省,濮阳市,197,4,1963,large,6.938893903907227e-17,29,14.809752487804875
900000038562,36路(公交新东站--东方花园二期),36,公交新东站,东方花园二期,2025-01-20 15:49:00,2025-01-20 16:32:03,14265.0,19.881533101045296,43.05,"(115.12874961628322, 35.791883564642575)","(115.03960488268459, 35.79248719331132)",河南省,濮阳市,200,3,1963,large,6.938893903907227e-17,29,14.809752487804875
900000038560,36路(东方花园二期--公交新东站),36,东方花园二期,公交新东站,2025-01-20 15:50:00,2025-01-20 16:37:04,14653.0,18.679461756373936,47.06666666666667,"(115.03964352525156, 35.79474730496901)","(115.12901300793575, 35.79187092483457)",河南省,濮阳市,198,4,11942,large,-0.038,30,15.07830747181303
900000038560,36路(东方花园二期--公交新东站),36,东方花园二期,公交新东站,2025-01-20 16:19:00,2025-01-20 17:06:04,14653.0,18.679461756373936,47.06666666666667,"(115.03964352525156, 35.79474730496901)","(115.12901300793575, 35.79187092483457)",河南省,濮阳市,197,5,11942,large,-0.038,30,15.07830747181303
900000038562,36路(公交新东站--东方花园二期),36,公交新东站,东方花园二期,2025-01-20 16:20:00,2025-01-20 17:03:03,14265.0,19.881533101045296,43.05,"(115.12874961628322, 35.791883564642575)","(115.03960488268459, 35.79248719331132)",河南省,濮阳市,199,4,1963,large,6.938893903907227e-17,29,14.809752487804875
900000038560,36路(东方花园二期--公交新东站),36,东方花园二期,公交新东站,2025-01-20 16:54:00,2025-01-20 17:41:04,14653.0,18.679461756373936,47.06666666666667,"(115.03964352525156, 35.79474730496901)","(115.12901300793575, 35.79187092483457)",河南省,濮阳市,200,4,11942,large,-0.038,30,15.07830747181303
900000038562,36路(公交新东站--东方花园二期),36,公交新东站,东方花园二期,2025-01-20 16:54:00,2025-01-20 17:37:03,14265.0,19.881533101045296,43.05,"(115.12874961628322, 35.791883564642575)","(115.03960488268459, 35.79248719331132)",河南省,濮阳市,198,5,1963,large,6.938893903907227e-17,29,14.809752487804875
900000038562,36路(公交新东站--东方花园二期),36,公交新东站,东方花园二期,2025-01-20 17:30:00,2025-01-20 18:22:33,14265.0,16.28734538534729,52.55,"(115.12874961628322, 35.791883564642575)","(115.03960488268459, 35.79248719331132)",河南省,濮阳市,197,6,1963,large,6.938893903907227e-17,29,14.450854873453851
900000038560,36路(东方花园二期--公交新东站),36,东方花园二期,公交新东站,2025-01-20 17:49:00,2025-01-20 18:42:50,14653.0,16.33151702786378,53.833333333333336,"(115.03964352525156, 35.79474730496901)","(115.12901300793575, 35.79187092483457)",河南省,濮阳市,199,5,11942,large,-0.038,30,14.837476433065014
900000038562,36路(公交新东站--东方花园二期),36,公交新东站,东方花园二期,2025-01-20 18:09:00,2025-01-20 19:01:33,14265.0,16.28734538534729,52.55,"(115.12874961628322, 35.791883564642575)","(115.03960488268459, 35.79248719331132)",河南省,濮阳市,200,5,1963,large,6.938893903907227e-17,29,14.450854873453851
900000038560,36路(东方花园二期--公交新东站),36,东方花园二期,公交新东站,2025-01-20 18:22:00,2025-01-20 19:15:50,14653.0,16.33151702786378,53.833333333333336,"(115.03964352525156, 35.79474730496901)","(115.12901300793575, 35.79187092483457)",河南省,濮阳市,201,1,11942,large,-0.038,30,14.837476433065014
900000038562,36路(公交新东站--东方花园二期),36,公交新东站,东方花园二期,2025-01-20 18:59:00,2025-01-20 19:51:33,14265.0,16.28734538534729,52.55,"(115.12874961628322, 35.791883564642575)","(115.03960488268459, 35.79248719331132)",河南省,濮阳市,199,6,1963,large,6.938893903907227e-17,29,14.450854873453851
900000038560,36路(东方花园二期--公交新东站),36,东方花园二期,公交新东站,2025-01-20 18:59:00,2025-01-20 19:52:50,14653.0,16.33151702786378,53.833333333333336,"(115.03964352525156, 35.79474730496901)","(115.12901300793575, 35.79187092483457)",河南省,濮阳市,197,7,11942,large,-0.038,30,14.837476433065014
410900010155,4路(盟城--水电),4,盟城,水电,2025-01-20 06:30:00,2025-01-20 08:50:05,29361.0,14.289522779505205,123.28333333333333,"(115.03808377065053, 35.75185788354626)","(115.09867750256754, 35.76719620839328)",河南省,濮阳市,203,1,2432,medium,-0.038,21,29.832690283294003
410900010155,4路(盟城--水电),4,盟城,水电,2025-01-20 06:30:00,2025-01-20 09:35:05,39166.0,14.719448794237392,159.65,"(115.09876152744405, 35.76708427390756)","(115.09867750256754, 35.76719620839328)",河南省,濮阳市,202,1,2432,medium,-0.038,21,40.046763572123155
410900010156,4路(水电--盟城),4,水电,盟城,2025-01-20 09:00:00,2025-01-20 09:36:19,9805.0,16.199173932996786,36.31666666666667,"(115.09876152744405, 35.76708427390756)","(115.03810968747631, 35.75191080346815)",河南省,濮阳市,203,2,2038,medium,0.1519999999999999,21,10.215264302891232
410900010156,4路(水电--盟城),4,水电,盟城,2025-01-20 09:48:00,2025-01-20 10:24:19,9805.0,16.199173932996786,36.31666666666667,"(115.09876152744405, 35.76708427390756)","(115.03810968747631, 35.75191080346815)",河南省,濮阳市,202,2,2038,medium,0.1519999999999999,21,10.215264302891232
410900010155,4路(盟城--水电),4,盟城,水电,2025-01-20 06:40:00,2025-01-20 10:41:02,48944.0,14.636849975078915,200.63333333333335,"(115.03808377065053, 35.75185788354626)","(115.09867750256754, 35.76719620839328)",河南省,濮阳市,204,1,2432,medium,-0.038,21,49.92275754053129
410900010156,4路(水电--盟城),4,水电,盟城,2025-01-20 06:40:00,2025-01-20 10:37:19,48971.0,14.997498936622714,195.91666666666666,"(115.09876152744405, 35.76708427390756)","(115.03810968747631, 35.75191080346815)",河南省,濮阳市,205,1,2038,medium,0.1519999999999999,21,50.26321888907647
410900010155,4路(盟城--水电),4,盟城,水电,2025-01-20 06:51:00,2025-01-20 10:53:02,48944.0,14.636849975078915,200.63333333333335,"(115.03808377065053, 35.75185788354626)","(115.09867750256754, 35.76719620839328)",河南省,濮阳市,207,1,2432,medium,-0.038,21,49.92275754053129
410900010156,4路(水电--盟城),4,水电,盟城,2025-01-20 06:50:00,2025-01-20 10:49:19,48971.0,14.997498936622714,195.91666666666666,"(115.09876152744405, 35.76708427390756)","(115.03810968747631, 35.75191080346815)",河南省,濮阳市,206,1,2038,medium,0.1519999999999999,21,50.26321888907647
410900010155,4路(盟城--水电),4,盟城,水电,2025-01-20 07:02:00,2025-01-20 11:08:02,48944.0,14.63320322232373,200.6833333333333,"(115.03808377065053, 35.75185788354626)","(115.09867750256754, 35.76719620839328)",河南省,濮阳市,209,1,2432,medium,-0.038,21,49.92156652646922
410900010156,4路(水电--盟城),4,水电,盟城,2025-01-20 07:00:00,2025-01-20 11:03:19,48971.0,14.63519840610991,200.76666666666668,"(115.09876152744405, 35.76708427390756)","(115.03810968747631, 35.75191080346815)",河南省,濮阳市,208,1,2038,medium,0.1519999999999999,21,50.13222997484921
410900010156,4路(水电--盟城),4,水电,盟城,2025-01-20 07:10:00,2025-01-20 11:15:19,48971.0,14.63519840610991,200.76666666666668,"(115.09876152744405, 35.76708427390756)","(115.03810968747631, 35.75191080346815)",河南省,濮阳市,210,1,2038,medium,0.1519999999999999,21,50.13222997484921
410900010155,4路(盟城--水电),4,盟城,水电,2025-01-20 10:43:00,2025-01-20 11:24:02,9778.0,14.297644191714054,41.03333333333333,"(115.03808377065053, 35.75185788354626)","(115.09867750256754, 35.76719620839328)",河南省,濮阳市,205,2,2432,medium,-0.038,21,9.87480295434606
410900010156,4路(水电--盟城),4,水电,盟城,2025-01-20 10:53:00,2025-01-20 11:29:19,9805.0,16.199173932996786,36.31666666666667,"(115.09876152744405, 35.76708427390756)","(115.03810968747631, 35.75191080346815)",河南省,濮阳市,204,2,2038,medium,0.1519999999999999,21,10.215264302891232
410900010155,4路(盟城--水电),4,盟城,水电,2025-01-20 10:58:00,2025-01-20 11:39:02,9778.0,14.297644191714054,41.03333333333333,"(115.03808377065053, 35.75185788354626)","(115.09867750256754, 35.76719620839328)",河南省,濮阳市,206,2,2432,medium,-0.038,21,9.87480295434606
410900010156,4路(水电--盟城),4,水电,盟城,2025-01-20 11:07:00,2025-01-20 11:43:19,9805.0,16.199173932996786,36.31666666666667,"(115.09876152744405, 35.76708427390756)","(115.03810968747631, 35.75191080346815)",河南省,濮阳市,207,2,2038,medium,0.1519999999999999,21,10.215264302891232
410900010155,4路(盟城--水电),4,盟城,水电,2025-01-20 11:15:00,2025-01-20 11:56:02,9778.0,14.297644191714054,41.03333333333333,"(115.03808377065053, 35.75185788354626)","(115.09867750256754, 35.76719620839328)",河南省,濮阳市,208,2,2432,medium,-0.038,21,9.87480295434606
410900010156,4路(水电--盟城),4,水电,盟城,2025-01-20 11:23:00,2025-01-20 11:59:19,9805.0,16.199173932996786,36.31666666666667,"(115.09876152744405, 35.76708427390756)","(115.03810968747631, 35.75191080346815)",河南省,濮阳市,209,2,2038,medium,0.1519999999999999,21,10.215264302891232
410900010155,4路(盟城--水电),4,盟城,水电,2025-01-20 11:30:00,2025-01-20 12:11:02,9778.0,14.297644191714054,41.03333333333333,"(115.03808377065053, 35.75185788354626)","(115.09867750256754, 35.76719620839328)",河南省,濮阳市,210,2,2432,medium,-0.038,21,9.87480295434606
410900010156,4路(水电--盟城),4,水电,盟城,2025-01-20 11:38:00,2025-01-20 12:14:19,9805.0,16.199173932996786,36.31666666666667,"(115.09876152744405, 35.76708427390756)","(115.03810968747631, 35.75191080346815)",河南省,濮阳市,205,3,2038,medium,0.1519999999999999,21,10.215264302891232
410900010155,4路(盟城--水电),4,盟城,水电,2025-01-20 11:47:00,2025-01-20 12:28:02,9778.0,14.297644191714054,41.03333333333333,"(115.03808377065053, 35.75185788354626)","(115.09867750256754, 35.76719620839328)",河南省,濮阳市,204,3,2432,medium,-0.038,21,9.87480295434606
410900010156,4路(水电--盟城),4,水电,盟城,2025-01-20 11:55:00,2025-01-20 12:31:19,9805.0,16.199173932996786,36.31666666666667,"(115.09876152744405, 35.76708427390756)","(115.03810968747631, 35.75191080346815)",河南省,濮阳市,206,3,2038,medium,0.1519999999999999,21,10.215264302891232
410900010155,4路(盟城--水电),4,盟城,水电,2025-01-20 12:02:00,2025-01-20 12:43:02,9778.0,14.297644191714054,41.03333333333333,"(115.03808377065053, 35.75185788354626)","(115.09867750256754, 35.76719620839328)",河南省,濮阳市,207,3,2432,medium,-0.038,21,9.87480295434606
410900010156,4路(水电--盟城),4,水电,盟城,2025-01-20 12:11:00,2025-01-20 12:47:19,9805.0,16.199173932996786,36.31666666666667,"(115.09876152744405, 35.76708427390756)","(115.03810968747631, 35.75191080346815)",河南省,濮阳市,208,3,2038,medium,0.1519999999999999,21,10.215264302891232
410900010155,4路(盟城--水电),4,盟城,水电,2025-01-20 12:19:00,2025-01-20 13:00:02,9778.0,14.297644191714054,41.03333333333333,"(115.03808377065053, 35.75185788354626)","(115.09867750256754, 35.76719620839328)",河南省,濮阳市,209,3,2432,medium,-0.038,21,9.87480295434606
410900010156,4路(水电--盟城),4,水电,盟城,2025-01-20 12:27:00,2025-01-20 13:03:19,9805.0,16.199173932996786,36.31666666666667,"(115.09876152744405, 35.76708427390756)","(115.03810968747631, 35.75191080346815)",河南省,濮阳市,210,3,2038,medium,0.1519999999999999,21,10.215264302891232
410900010155,4路(盟城--水电),4,盟城,水电,2025-01-20 12:33:00,2025-01-20 13:14:02,9778.0,14.297644191714054,41.03333333333333,"(115.03808377065053, 35.75185788354626)","(115.09867750256754, 35.76719620839328)",河南省,濮阳市,205,4,2432,medium,-0.038,21,9.87480295434606
410900010156,4路(水电--盟城),4,水电,盟城,2025-01-20 12:42:00,2025-01-20 13:18:19,9805.0,16.199173932996786,36.31666666666667,"(115.09876152744405, 35.76708427390756)","(115.03810968747631, 35.75191080346815)",河南省,濮阳市,204,4,2038,medium,0.1519999999999999,21,10.215264302891232
410900010155,4路(盟城--水电),4,盟城,水电,2025-01-20 12:50:00,2025-01-20 13:31:02,9778.0,14.297644191714054,41.03333333333333,"(115.03808377065053, 35.75185788354626)","(115.09867750256754, 35.76719620839328)",河南省,濮阳市,206,4,2432,medium,-0.038,21,9.87480295434606
410900010156,4路(水电--盟城),4,水电,盟城,2025-01-20 12:59:00,2025-01-20 13:35:19,9805.0,16.199173932996786,36.31666666666667,"(115.09876152744405, 35.76708427390756)","(115.03810968747631, 35.75191080346815)",河南省,濮阳市,207,4,2038,medium,0.1519999999999999,21,10.215264302891232
410900010155,4路(盟城--水电),4,盟城,水电,2025-01-20 13:06:00,2025-01-20 13:47:02,9778.0,14.297644191714054,41.03333333333333,"(115.03808377065053, 35.75185788354626)","(115.09867750256754, 35.76719620839328)",河南省,濮阳市,208,4,2432,medium,-0.038,21,9.87480295434606
410900010156,4路(水电--盟城),4,水电,盟城,2025-01-20 13:15:00,2025-01-20 13:51:19,9805.0,16.199173932996786,36.31666666666667,"(115.09876152744405, 35.76708427390756)","(115.03810968747631, 35.75191080346815)",河南省,濮阳市,209,4,2038,medium,0.1519999999999999,21,10.215264302891232
410900010155,4路(盟城--水电),4,盟城,水电,2025-01-20 13:23:00,2025-01-20 14:04:02,9778.0,14.297644191714054,41.03333333333333,"(115.03808377065053, 35.75185788354626)","(115.09867750256754, 35.76719620839328)",河南省,濮阳市,210,4,2432,medium,-0.038,21,9.87480295434606
410900010156,4路(水电--盟城),4,水电,盟城,2025-01-20 13:31:00,2025-01-20 14:07:19,9805.0,16.199173932996786,36.31666666666667,"(115.09876152744405, 35.76708427390756)","(115.03810968747631, 35.75191080346815)",河南省,濮阳市,205,5,2038,medium,0.1519999999999999,21,10.215264302891232
410900010155,4路(盟城--水电),4,盟城,水电,2025-01-20 13:38:00,2025-01-20 14:19:02,9778.0,14.297644191714054,41.03333333333333,"(115.03808377065053, 35.75185788354626)","(115.09867750256754, 35.76719620839328)",河南省,濮阳市,204,5,2432,medium,-0.038,21,9.87480295434606
410900010156,4路(水电--盟城),4,水电,盟城,2025-01-20 13:46:00,2025-01-20 14:22:19,9805.0,16.199173932996786,36.31666666666667,"(115.09876152744405, 35.76708427390756)","(115.03810968747631, 35.75191080346815)",河南省,濮阳市,206,5,2038,medium,0.1519999999999999,21,10.215264302891232
410900010155,4路(盟城--水电),4,盟城,水电,2025-01-20 13:54:00,2025-01-20 14:35:02,9778.0,14.297644191714054,41.03333333333333,"(115.03808377065053, 35.75185788354626)","(115.09867750256754, 35.76719620839328)",河南省,濮阳市,207,5,2432,medium,-0.038,21,9.87480295434606
410900010156,4路(水电--盟城),4,水电,盟城,2025-01-20 14:03:00,2025-01-20 14:39:19,9805.0,16.199173932996786,36.31666666666667,"(115.09876152744405, 35.76708427390756)","(115.03810968747631, 35.75191080346815)",河南省,濮阳市,208,5,2038,medium,0.1519999999999999,21,10.215264302891232
410900010155,4路(盟城--水电),4,盟城,水电,2025-01-20 14:10:00,2025-01-20 14:51:02,9778.0,14.297644191714054,41.03333333333333,"(115.03808377065053, 35.75185788354626)","(115.09867750256754, 35.76719620839328)",河南省,濮阳市,209,5,2432,medium,-0.038,21,9.87480295434606
410900010156,4路(水电--盟城),4,水电,盟城,2025-01-20 14:19:00,2025-01-20 14:55:19,9805.0,16.199173932996786,36.31666666666667,"(115.09876152744405, 35.76708427390756)","(115.03810968747631, 35.75191080346815)",河南省,濮阳市,210,5,2038,medium,0.1519999999999999,21,10.215264302891232
410900010155,4路(盟城--水电),4,盟城,水电,2025-01-20 14:27:00,2025-01-20 15:08:02,9778.0,14.297644191714054,41.03333333333333,"(115.03808377065053, 35.75185788354626)","(115.09867750256754, 35.76719620839328)",河南省,濮阳市,205,6,2432,medium,-0.038,21,9.87480295434606
410900010156,4路(水电--盟城),4,水电,盟城,2025-01-20 14:35:00,2025-01-20 15:11:19,9805.0,16.199173932996786,36.31666666666667,"(115.09876152744405, 35.76708427390756)","(115.03810968747631, 35.75191080346815)",河南省,濮阳市,204,6,2038,medium,0.1519999999999999,21,10.215264302891232
410900010155,4路(盟城--水电),4,盟城,水电,2025-01-20 14:37:00,2025-01-20 15:18:02,9778.0,14.297644191714054,41.03333333333333,"(115.03808377065053, 35.75185788354626)","(115.09867750256754, 35.76719620839328)",河南省,濮阳市,206,6,2432,medium,-0.038,21,9.87480295434606
410900010155,4路(盟城--水电),4,盟城,水电,2025-01-20 14:48:00,2025-01-20 15:29:02,9778.0,14.297644191714054,41.03333333333333,"(115.03808377065053, 35.75185788354626)","(115.09867750256754, 35.76719620839328)",河南省,濮阳市,208,6,2432,medium,-0.038,21,9.87480295434606
410900010156,4路(水电--盟城),4,水电,盟城,2025-01-20 14:50:00,2025-01-20 15:26:19,9805.0,16.199173932996786,36.31666666666667,"(115.09876152744405, 35.76708427390756)","(115.03810968747631, 35.75191080346815)",河南省,濮阳市,207,6,2038,medium,0.1519999999999999,21,10.215264302891232
410900010156,4路(水电--盟城),4,水电,盟城,2025-01-20 15:07:00,2025-01-20 15:43:19,9805.0,16.199173932996786,36.31666666666667,"(115.09876152744405, 35.76708427390756)","(115.03810968747631, 35.75191080346815)",河南省,濮阳市,209,6,2038,medium,0.1519999999999999,21,10.215264302891232
410900010155,4路(盟城--水电),4,盟城,水电,2025-01-20 15:11:00,2025-01-20 15:52:02,9778.0,14.297644191714054,41.03333333333333,"(115.03808377065053, 35.75185788354626)","(115.09867750256754, 35.76719620839328)",河南省,濮阳市,210,6,2432,medium,-0.038,21,9.87480295434606
410900010156,4路(水电--盟城),4,水电,盟城,2025-01-20 15:18:00,2025-01-20 15:54:19,9805.0,16.199173932996786,36.31666666666667,"(115.09876152744405, 35.76708427390756)","(115.03810968747631, 35.75191080346815)",河南省,濮阳市,205,7,2038,medium,0.1519999999999999,21,10.215264302891232
410900010155,4路(盟城--水电),4,盟城,水电,2025-01-20 15:22:00,2025-01-20 16:03:02,9778.0,14.297644191714054,41.03333333333333,"(115.03808377065053, 35.75185788354626)","(115.09867750256754, 35.76719620839328)",河南省,濮阳市,204,7,2432,medium,-0.038,21,9.87480295434606
410900010156,4路(水电--盟城),4,水电,盟城,2025-01-20 15:29:00,2025-01-20 16:05:19,9805.0,16.199173932996786,36.31666666666667,"(115.09876152744405, 35.76708427390756)","(115.03810968747631, 35.75191080346815)",河南省,濮阳市,206,7,2038,medium,0.1519999999999999,21,10.215264302891232
410900010155,4路(盟城--水电),4,盟城,水电,2025-01-20 15:32:00,2025-01-20 16:13:02,9778.0,14.297644191714054,41.03333333333333,"(115.03808377065053, 35.75185788354626)","(115.09867750256754, 35.76719620839328)",河南省,濮阳市,207,7,2432,medium,-0.038,21,9.87480295434606
410900010156,4路(水电--盟城),4,水电,盟城,2025-01-20 15:39:00,2025-01-20 16:15:19,9805.0,16.199173932996786,36.31666666666667,"(115.09876152744405, 35.76708427390756)","(115.03810968747631, 35.75191080346815)",河南省,濮阳市,208,7,2038,medium,0.1519999999999999,21,10.215264302891232
410900010155,4路(盟城--水电),4,盟城,水电,2025-01-20 15:54:00,2025-01-20 16:35:02,9778.0,14.297644191714054,41.03333333333333,"(115.03808377065053, 35.75185788354626)","(115.09867750256754, 35.76719620839328)",河南省,濮阳市,209,7,2432,medium,-0.038,21,9.87480295434606
410900010156,4路(水电--盟城),4,水电,盟城,2025-01-20 16:02:00,2025-01-20 16:38:19,9805.0,16.199173932996786,36.31666666666667,"(115.09876152744405, 35.76708427390756)","(115.03810968747631, 35.75191080346815)",河南省,濮阳市,210,7,2038,medium,0.1519999999999999,21,10.215264302891232
410900010155,4路(盟城--水电),4,盟城,水电,2025-01-20 16:05:00,2025-01-20 16:46:02,9778.0,14.297644191714054,41.03333333333333,"(115.03808377065053, 35.75185788354626)","(115.09867750256754, 35.76719620839328)",河南省,濮阳市,205,8,2432,medium,-0.038,21,9.87480295434606
410900010156,4路(水电--盟城),4,水电,盟城,2025-01-20 16:13:00,2025-01-20 16:49:19,9805.0,16.199173932996786,36.31666666666667,"(115.09876152744405, 35.76708427390756)","(115.03810968747631, 35.75191080346815)",河南省,濮阳市,204,8,2038,medium,0.1519999999999999,21,10.215264302891232
410900010155,4路(盟城--水电),4,盟城,水电,2025-01-20 16:18:00,2025-01-20 16:59:02,9778.0,14.297644191714054,41.03333333333333,"(115.03808377065053, 35.75185788354626)","(115.09867750256754, 35.76719620839328)",河南省,濮阳市,206,8,2432,medium,-0.038,21,9.87480295434606
410900010156,4路(水电--盟城),4,水电,盟城,2025-01-20 16:23:00,2025-01-20 16:59:19,9805.0,16.199173932996786,36.31666666666667,"(115.09876152744405, 35.76708427390756)","(115.03810968747631, 35.75191080346815)",河南省,濮阳市,207,8,2038,medium,0.1519999999999999,21,10.215264302891232
410900010155,4路(盟城--水电),4,盟城,水电,2025-01-20 16:29:00,2025-01-20 17:10:02,9778.0,14.297644191714054,41.03333333333333,"(115.03808377065053, 35.75185788354626)","(115.09867750256754, 35.76719620839328)",河南省,濮阳市,208,8,2432,medium,-0.038,21,9.87480295434606
410900010156,4路(水电--盟城),4,水电,盟城,2025-01-20 16:45:00,2025-01-20 17:21:19,9805.0,16.199173932996786,36.31666666666667,"(115.09876152744405, 35.76708427390756)","(115.03810968747631, 35.75191080346815)",河南省,濮阳市,209,8,2038,medium,0.1519999999999999,21,10.215264302891232
410900010155,4路(盟城--水电),4,盟城,水电,2025-01-20 16:53:00,2025-01-20 17:34:02,9778.0,14.297644191714054,41.03333333333333,"(115.03808377065053, 35.75185788354626)","(115.09867750256754, 35.76719620839328)",河南省,濮阳市,210,8,2432,medium,-0.038,21,9.87480295434606
410900010156,4路(水电--盟城),4,水电,盟城,2025-01-20 16:58:00,2025-01-20 17:34:19,9805.0,16.199173932996786,36.31666666666667,"(115.09876152744405, 35.76708427390756)","(115.03810968747631, 35.75191080346815)",河南省,濮阳市,205,9,2038,medium,0.1519999999999999,21,10.215264302891232
410900010155,4路(盟城--水电),4,盟城,水电,2025-01-20 17:06:00,2025-01-20 17:47:05,9778.0,14.28024340770791,41.083333333333336,"(115.03808377065053, 35.75185788354626)","(115.09867750256754, 35.76719620839328)",河南省,濮阳市,207,9,2432,medium,-0.038,21,9.873611940283975
410900010156,4路(水电--盟城),4,水电,盟城,2025-01-20 17:10:00,2025-01-20 17:51:10,9805.0,14.290688259109311,41.16666666666666,"(115.09876152744405, 35.76708427390756)","(115.03810968747631, 35.75191080346815)",河南省,濮阳市,206,9,2038,medium,0.1519999999999999,21,10.084275388663968
410900010156,4路(水电--盟城),4,水电,盟城,2025-01-20 17:23:00,2025-01-20 18:04:10,9805.0,14.290688259109311,41.16666666666666,"(115.09876152744405, 35.76708427390756)","(115.03810968747631, 35.75191080346815)",河南省,濮阳市,208,9,2038,medium,0.1519999999999999,21,10.084275388663968
410900010155,4路(盟城--水电),4,盟城,水电,2025-01-20 17:29:00,2025-01-20 18:10:05,9778.0,14.28024340770791,41.083333333333336,"(115.03808377065053, 35.75185788354626)","(115.09867750256754, 35.76719620839328)",河南省,濮阳市,209,9,2432,medium,-0.038,21,9.873611940283975
410900010156,4路(水电--盟城),4,水电,盟城,2025-01-20 14:59:00,2025-01-20 18:15:10,39166.0,14.728674396740834,159.54999999999998,"(115.03808377065053, 35.75185788354626)","(115.03810968747631, 35.75191080346815)",河南省,濮阳市,211,1,2038,medium,0.1519999999999999,21,40.049145600247314
410900010155,4路(盟城--水电),4,盟城,水电,2025-01-20 17:41:00,2025-01-20 18:22:05,9778.0,14.28024340770791,41.083333333333336,"(115.03808377065053, 35.75185788354626)","(115.09867750256754, 35.76719620839328)",河南省,濮阳市,205,10,2432,medium,-0.038,21,9.873611940283975
410900010156,4路(水电--盟城),4,水电,盟城,2025-01-20 17:46:00,2025-01-20 18:27:10,9805.0,14.290688259109311,41.16666666666666,"(115.09876152744405, 35.76708427390756)","(115.03810968747631, 35.75191080346815)",河南省,濮阳市,210,9,2038,medium,0.1519999999999999,21,10.084275388663968
410900010155,4路(盟城--水电),4,盟城,水电,2025-01-20 17:52:00,2025-01-20 18:33:05,9778.0,14.280243407707909,41.08333333333334,"(115.03808377065053, 35.75185788354626)","(115.09867750256754, 35.76719620839328)",河南省,濮阳市,213,1,2432,medium,-0.038,21,9.873611940283975
410900010156,4路(水电--盟城),4,水电,盟城,2025-01-20 17:57:00,2025-01-20 18:38:10,9805.0,14.290688259109311,41.16666666666666,"(115.09876152744405, 35.76708427390756)","(115.03810968747631, 35.75191080346815)",河南省,濮阳市,207,10,2038,medium,0.1519999999999999,21,10.084275388663968
410900010155,4路(盟城--水电),4,盟城,水电,2025-01-20 18:03:00,2025-01-20 18:44:05,9778.0,14.28024340770791,41.083333333333336,"(115.03808377065053, 35.75185788354626)","(115.09867750256754, 35.76719620839328)",河南省,濮阳市,206,10,2432,medium,-0.038,21,9.873611940283975
410900010156,4路(水电--盟城),4,水电,盟城,2025-01-20 15:43:00,2025-01-20 18:51:10,39166.0,14.724060150375939,159.6,"(115.03808377065053, 35.75185788354626)","(115.03810968747631, 35.75191080346815)",河南省,濮阳市,212,1,2038,medium,0.1519999999999999,21,40.04795458618524
410900010155,4路(盟城--水电),4,盟城,水电,2025-01-20 18:15:00,2025-01-20 18:56:05,9778.0,14.28024340770791,41.083333333333336,"(115.03808377065053, 35.75185788354626)","(115.09867750256754, 35.76719620839328)",河南省,濮阳市,208,10,2432,medium,-0.038,21,9.873611940283975
410900010156,4路(水电--盟城),4,水电,盟城,2025-01-20 18:22:00,2025-01-20 19:03:10,9805.0,14.290688259109311,41.16666666666666,"(115.09876152744405, 35.76708427390756)","(115.03810968747631, 35.75191080346815)",河南省,濮阳市,209,10,2038,medium,0.1519999999999999,21,10.084275388663968
410900010155,4路(盟城--水电),4,盟城,水电,2025-01-20 18:24:00,2025-01-20 19:05:05,9778.0,14.28024340770791,41.083333333333336,"(115.03808377065053, 35.75185788354626)","(115.09867750256754, 35.76719620839328)",河南省,濮阳市,211,2,2432,medium,-0.038,21,9.873611940283975
410900010156,4路(水电--盟城),4,水电,盟城,2025-01-20 18:34:00,2025-01-20 19:15:10,9805.0,14.290688259109311,41.16666666666666,"(115.09876152744405, 35.76708427390756)","(115.03810968747631, 35.75191080346815)",河南省,濮阳市,205,11,2038,medium,0.1519999999999999,21,10.084275388663968
410900010155,4路(盟城--水电),4,盟城,水电,2025-01-20 18:36:00,2025-01-20 19:17:05,9778.0,14.28024340770791,41.083333333333336,"(115.03808377065053, 35.75185788354626)","(115.09867750256754, 35.76719620839328)",河南省,濮阳市,210,10,2432,medium,-0.038,21,9.873611940283975
410900010155,4路(盟城--水电),4,盟城,水电,2025-01-20 18:47:00,2025-01-20 19:28:05,9778.0,14.28024340770791,41.083333333333336,"(115.03808377065053, 35.75185788354626)","(115.09867750256754, 35.76719620839328)",河南省,濮阳市,207,11,2432,medium,-0.038,21,9.873611940283975
410900010156,4路(水电--盟城),4,水电,盟城,2025-01-20 18:47:00,2025-01-20 19:28:10,9805.0,14.290688259109311,41.16666666666666,"(115.09876152744405, 35.76708427390756)","(115.03810968747631, 35.75191080346815)",河南省,濮阳市,213,2,2038,medium,0.1519999999999999,21,10.084275388663968
410900010156,4路(水电--盟城),4,水电,盟城,2025-01-20 19:00:00,2025-01-20 19:36:19,9805.0,16.199173932996786,36.31666666666667,"(115.09876152744405, 35.76708427390756)","(115.03810968747631, 35.75191080346815)",河南省,濮阳市,206,11,2038,medium,0.1519999999999999,21,10.215264302891232
410900010155,4路(盟城--水电),4,盟城,水电,2025-01-20 19:00:00,2025-01-20 19:41:02,9778.0,14.297644191714054,41.03333333333333,"(115.03808377065053, 35.75185788354626)","(115.09867750256754, 35.76719620839328)",河南省,濮阳市,212,2,2432,medium,-0.038,21,9.87480295434606
410900010157,5路内环(班家小镇--班家小镇),5,班家小镇,班家小镇,2025-01-20 07:10:00,2025-01-20 08:50:18,28185.0,16.860418743768694,100.3,"(114.9631366292741, 35.80311994413409)","(114.96314061444103, 35.80313092975024)",河南省,濮阳市,214,1,11756,large,1.3877787807814457e-17,52,27.987054316051843
410900010007,5路外环(班家小镇--班家小镇),5,班家小镇,班家小镇,2025-01-20 07:10:00,2025-01-20 08:40:19,28748.0,19.098136187488468,90.31666666666666,"(114.9631366292741, 35.80311994413409)","(114.96063216821919, 35.8027516393895)",河南省,濮阳市,215,1,11750,large,0.038,54,29.157454933825434
410900010157,5路内环(班家小镇--班家小镇),5,班家小镇,班家小镇,2025-01-20 07:47:00,2025-01-20 09:27:18,28185.0,16.860418743768694,100.3,"(114.9631366292741, 35.80311994413409)","(114.96314061444103, 35.80313092975024)",河南省,濮阳市,216,1,11756,large,1.3877787807814457e-17,52,27.987054316051843
410900010007,5路外环(班家小镇--班家小镇),5,班家小镇,班家小镇,2025-01-20 07:47:00,2025-01-20 09:17:19,28748.0,19.098136187488468,90.31666666666666,"(114.9631366292741, 35.80311994413409)","(114.96063216821919, 35.8027516393895)",河南省,濮阳市,217,1,11750,large,0.038,54,29.15745493382543
410900010157,5路内环(班家小镇--班家小镇),5,班家小镇,班家小镇,2025-01-20 08:24:00,2025-01-20 10:04:18,28185.0,16.860418743768694,100.3,"(114.9631366292741, 35.80311994413409)","(114.96314061444103, 35.80313092975024)",河南省,濮阳市,218,1,11756,large,1.3877787807814457e-17,52,27.987054316051843
410900010007,5路外环(班家小镇--班家小镇),5,班家小镇,班家小镇,2025-01-20 08:24:00,2025-01-20 09:54:19,28748.0,19.098136187488468,90.31666666666666,"(114.9631366292741, 35.80311994413409)","(114.96063216821919, 35.8027516393895)",河南省,濮阳市,219,1,11750,large,0.038,54,29.15745493382543
410900010157,5路内环(班家小镇--班家小镇),5,班家小镇,班家小镇,2025-01-20 09:03:00,2025-01-20 10:38:09,28185.0,17.77299001576458,95.15,"(114.9631366292741, 35.80311994413409)","(114.96314061444103, 35.80313092975024)",河南省,濮阳市,215,2,11756,large,1.3877787807814457e-17,52,28.16710006516027
410900010007,5路外环(班家小镇--班家小镇),5,班家小镇,班家小镇,2025-01-20 09:03:00,2025-01-20 10:26:45,28748.0,20.595582089552238,83.75,"(114.9631366292741, 35.80311994413409)","(114.96063216821919, 35.8027516393895)",河南省,濮阳市,220,1,11750,large,0.038,54,29.45879495737313
410900010007,5路外环(班家小镇--班家小镇),5,班家小镇,班家小镇,2025-01-20 09:40:00,2025-01-20 11:03:45,28748.0,20.59558208955224,83.75,"(114.9631366292741, 35.80311994413409)","(114.96063216821919, 35.8027516393895)",河南省,濮阳市,217,2,11750,large,0.038,54,29.458794957373133
410900010157,5路内环(班家小镇--班家小镇),5,班家小镇,班家小镇,2025-01-20 09:40:00,2025-01-20 11:15:09,28185.0,17.77299001576458,95.15,"(114.9631366292741, 35.80311994413409)","(114.96314061444103, 35.80313092975024)",河南省,濮阳市,221,1,11756,large,1.3877787807814457e-17,52,28.16710006516027
410900010007,5路外环(班家小镇--班家小镇),5,班家小镇,班家小镇,2025-01-20 10:18:00,2025-01-20 11:41:45,28748.0,20.59558208955224,83.75,"(114.9631366292741, 35.80311994413409)","(114.96063216821919, 35.8027516393895)",河南省,濮阳市,219,2,11750,large,0.038,54,29.458794957373133
410900010157,5路内环(班家小镇--班家小镇),5,班家小镇,班家小镇,2025-01-20 10:18:00,2025-01-20 11:53:09,28185.0,17.77299001576458,95.15,"(114.9631366292741, 35.80311994413409)","(114.96314061444103, 35.80313092975024)",河南省,濮阳市,222,1,11756,large,1.3877787807814457e-17,52,28.167100065160266
410900010157,5路内环(班家小镇--班家小镇),5,班家小镇,班家小镇,2025-01-20 10:55:00,2025-01-20 12:30:09,28185.0,17.77299001576458,95.15,"(114.9631366292741, 35.80311994413409)","(114.96314061444103, 35.80313092975024)",河南省,濮阳市,220,2,11756,large,1.3877787807814457e-17,52,28.16710006516027
410900010007,5路外环(班家小镇--班家小镇),5,班家小镇,班家小镇,2025-01-20 10:56:00,2025-01-20 12:19:45,28748.0,20.595582089552238,83.75,"(114.9631366292741, 35.80311994413409)","(114.96063216821919, 35.8027516393895)",河南省,濮阳市,223,1,11750,large,0.038,54,29.458794957373133
410900010157,5路内环(班家小镇--班家小镇),5,班家小镇,班家小镇,2025-01-20 11:35:00,2025-01-20 13:10:09,28185.0,17.77299001576458,95.15,"(114.9631366292741, 35.80311994413409)","(114.96314061444103, 35.80313092975024)",河南省,濮阳市,221,2,11756,large,1.3877787807814457e-17,52,28.16710006516027
410900010007,5路外环(班家小镇--班家小镇),5,班家小镇,班家小镇,2025-01-20 11:35:00,2025-01-20 12:58:45,28748.0,20.595582089552238,83.75,"(114.9631366292741, 35.80311994413409)","(114.96063216821919, 35.8027516393895)",河南省,濮阳市,224,1,11750,large,0.038,54,29.45879495737313
410900010007,5路外环(班家小镇--班家小镇),5,班家小镇,班家小镇,2025-01-20 12:12:00,2025-01-20 13:35:45,28748.0,20.59558208955224,83.75,"(114.9631366292741, 35.80311994413409)","(114.96063216821919, 35.8027516393895)",河南省,濮阳市,222,2,11750,large,0.038,54,29.458794957373133
410900010157,5路内环(班家小镇--班家小镇),5,班家小镇,班家小镇,2025-01-20 12:12:00,2025-01-20 13:47:09,28185.0,17.77299001576458,95.15,"(114.9631366292741, 35.80311994413409)","(114.96314061444103, 35.80313092975024)",河南省,濮阳市,225,1,11756,large,1.3877787807814457e-17,52,28.16710006516027
410900010007,5路外环(班家小镇--班家小镇),5,班家小镇,班家小镇,2025-01-20 12:50:00,2025-01-20 14:13:45,28748.0,20.59558208955224,83.75,"(114.9631366292741, 35.80311994413409)","(114.96063216821919, 35.8027516393895)",河南省,濮阳市,223,2,11750,large,0.038,54,29.458794957373133
410900010157,5路内环(班家小镇--班家小镇),5,班家小镇,班家小镇,2025-01-20 12:51:00,2025-01-20 14:26:09,28185.0,17.77299001576458,95.15,"(114.9631366292741, 35.80311994413409)","(114.96314061444103, 35.80313092975024)",河南省,濮阳市,226,1,11756,large,1.3877787807814457e-17,52,28.167100065160266
410900010157,5路内环(班家小镇--班家小镇),5,班家小镇,班家小镇,2025-01-20 13:28:00,2025-01-20 15:03:09,28185.0,17.77299001576458,95.15,"(114.9631366292741, 35.80311994413409)","(114.96314061444103, 35.80313092975024)",河南省,濮阳市,224,2,11756,large,1.3877787807814457e-17,52,28.16710006516027
410900010007,5路外环(班家小镇--班家小镇),5,班家小镇,班家小镇,2025-01-20 13:28:00,2025-01-20 14:51:45,28748.0,20.595582089552238,83.75,"(114.9631366292741, 35.80311994413409)","(114.96063216821919, 35.8027516393895)",河南省,濮阳市,227,1,11750,large,0.038,54,29.458794957373133
410900010157,5路内环(班家小镇--班家小镇),5,班家小镇,班家小镇,2025-01-20 14:06:00,2025-01-20 15:41:09,28185.0,17.77299001576458,95.15,"(114.9631366292741, 35.80311994413409)","(114.96314061444103, 35.80313092975024)",河南省,濮阳市,225,2,11756,large,1.3877787807814457e-17,52,28.16710006516027
410900010007,5路外环(班家小镇--班家小镇),5,班家小镇,班家小镇,2025-01-20 14:07:00,2025-01-20 15:30:45,28748.0,20.595582089552238,83.75,"(114.9631366292741, 35.80311994413409)","(114.96063216821919, 35.8027516393895)",河南省,濮阳市,228,1,11750,large,0.038,54,29.45879495737313
410900010007,5路外环(班家小镇--班家小镇),5,班家小镇,班家小镇,2025-01-20 14:44:00,2025-01-20 16:07:45,28748.0,20.59558208955224,83.75,"(114.9631366292741, 35.80311994413409)","(114.96063216821919, 35.8027516393895)",河南省,濮阳市,226,2,11750,large,0.038,54,29.458794957373133
410900010157,5路内环(班家小镇--班家小镇),5,班家小镇,班家小镇,2025-01-20 14:45:00,2025-01-20 16:20:09,28185.0,17.77299001576458,95.15,"(114.9631366292741, 35.80311994413409)","(114.96314061444103, 35.80313092975024)",河南省,濮阳市,229,1,11756,large,1.3877787807814457e-17,52,28.167100065160266
410900010007,5路外环(班家小镇--班家小镇),5,班家小镇,班家小镇,2025-01-20 15:24:00,2025-01-20 16:47:45,28748.0,20.59558208955224,83.75,"(114.9631366292741, 35.80311994413409)","(114.96063216821919, 35.8027516393895)",河南省,濮阳市,227,2,11750,large,0.038,54,29.458794957373133
410900010157,5路内环(班家小镇--班家小镇),5,班家小镇,班家小镇,2025-01-20 15:24:00,2025-01-20 16:59:09,28185.0,17.772990015764584,95.14999999999999,"(114.9631366292741, 35.80311994413409)","(114.96314061444103, 35.80313092975024)",河南省,濮阳市,230,1,11756,large,1.3877787807814457e-17,52,28.167100065160266
410900010157,5路内环(班家小镇--班家小镇),5,班家小镇,班家小镇,2025-01-20 16:02:00,2025-01-20 17:37:09,28185.0,17.77299001576458,95.15,"(114.9631366292741, 35.80311994413409)","(114.96314061444103, 35.80313092975024)",河南省,濮阳市,228,2,11756,large,1.3877787807814457e-17,52,28.16710006516027
410900010007,5路外环(班家小镇--班家小镇),5,班家小镇,班家小镇,2025-01-20 16:03:00,2025-01-20 17:26:45,28748.0,20.595582089552234,83.75000000000001,"(114.9631366292741, 35.80311994413409)","(114.96063216821919, 35.8027516393895)",河南省,濮阳市,231,1,11750,large,0.038,54,29.458794957373133
410900010007,5路外环(班家小镇--班家小镇),5,班家小镇,班家小镇,2025-01-20 16:41:00,2025-01-20 18:04:45,28748.0,20.59558208955224,83.75,"(114.9631366292741, 35.80311994413409)","(114.96063216821919, 35.8027516393895)",河南省,濮阳市,229,2,11750,large,0.038,54,29.458794957373133
410900010157,5路内环(班家小镇--班家小镇),5,班家小镇,班家小镇,2025-01-20 16:41:00,2025-01-20 18:16:09,28185.0,17.77299001576458,95.15,"(114.9631366292741, 35.80311994413409)","(114.96314061444103, 35.80313092975024)",河南省,濮阳市,232,1,11756,large,1.3877787807814457e-17,52,28.16710006516027
410900010157,5路内环(班家小镇--班家小镇),5,班家小镇,班家小镇,2025-01-20 17:20:00,2025-01-20 19:00:18,28185.0,16.860418743768694,100.3,"(114.9631366292741, 35.80311994413409)","(114.96314061444103, 35.80313092975024)",河南省,濮阳市,230,2,11756,large,1.3877787807814457e-17,52,27.987054316051843
410900010007,5路外环(班家小镇--班家小镇),5,班家小镇,班家小镇,2025-01-20 17:21:00,2025-01-20 18:51:19,28748.0,19.098136187488468,90.31666666666666,"(114.9631366292741, 35.80311994413409)","(114.96063216821919, 35.8027516393895)",河南省,濮阳市,233,1,11750,large,0.038,54,29.15745493382543
410900010157,5路内环(班家小镇--班家小镇),5,班家小镇,班家小镇,2025-01-20 17:58:00,2025-01-20 19:38:18,28185.0,16.860418743768694,100.3,"(114.9631366292741, 35.80311994413409)","(114.96314061444103, 35.80313092975024)",河南省,濮阳市,231,2,11756,large,1.3877787807814457e-17,52,27.987054316051843
410900010007,5路外环(班家小镇--班家小镇),5,班家小镇,班家小镇,2025-01-20 17:59:00,2025-01-20 19:29:19,28748.0,19.098136187488468,90.31666666666666,"(114.9631366292741, 35.80311994413409)","(114.96063216821919, 35.8027516393895)",河南省,濮阳市,234,1,11750,large,0.038,54,29.15745493382543
410900010159,6路(濮阳石油化工职业技术学院--公交公司),6,濮阳石油化工职业技术学院,公交公司,2025-01-20 07:01:00,2025-01-20 08:02:37,17949.0,17.478063294563157,61.616666666666674,"(115.16441023073762, 35.77641245292205)","(115.06535312879537, 35.744890394173005)",河南省,濮阳市,239,1,3055,large,-0.114,32,17.643817506518797
410900010158,6路(公交公司--濮阳石油化工职业技术学院),6,公交公司,濮阳石油化工职业技术学院,2025-01-20 07:01:00,2025-01-20 08:02:58,17827.0,17.261215707369555,61.966666666666676,"(115.06543700011643, 35.7447853352607)","(115.16250817271008, 35.77633891686956)",河南省,濮阳市,240,1,16953,large,0.1139999999999999,33,17.879897446906938
410900010159,6路(濮阳石油化工职业技术学院--公交公司),6,濮阳石油化工职业技术学院,公交公司,2025-01-20 06:30:00,2025-01-20 08:35:37,35776.0,18.934666274625112,113.36666666666667,"(115.06543700011643, 35.7447853352607)","(115.06535312879537, 35.744890394173005)",河南省,濮阳市,236,1,3055,large,-0.114,32,35.94896713898257
410900010159,6路(濮阳石油化工职业技术学院--公交公司),6,濮阳石油化工职业技术学院,公交公司,2025-01-20 08:08:00,2025-01-20 09:09:37,17949.0,17.47806329456316,61.61666666666667,"(115.16441023073762, 35.77641245292205)","(115.06535312879537, 35.744890394173005)",河南省,濮阳市,240,2,3055,large,-0.114,32,17.6438175065188
410900010158,6路(公交公司--濮阳石油化工职业技术学院),6,公交公司,濮阳石油化工职业技术学院,2025-01-20 08:12:00,2025-01-20 09:13:58,17827.0,17.261215707369555,61.96666666666667,"(115.06543700011643, 35.7447853352607)","(115.16250817271008, 35.77633891686956)",河南省,濮阳市,239,2,16953,large,0.1139999999999999,33,17.87989744690694
410900010158,6路(公交公司--濮阳石油化工职业技术学院),6,公交公司,濮阳石油化工职业技术学院,2025-01-20 08:52:00,2025-01-20 09:53:58,17827.0,17.261215707369555,61.96666666666667,"(115.06543700011643, 35.7447853352607)","(115.16250817271008, 35.77633891686956)",河南省,濮阳市,236,2,16953,large,0.1139999999999999,33,17.87989744690694
410900010158,6路(公交公司--濮阳石油化工职业技术学院),6,公交公司,濮阳石油化工职业技术学院,2025-01-20 07:18:00,2025-01-20 10:24:45,53603.0,18.3432319391635,175.33333333333334,"(115.06543700011643, 35.7447853352607)","(115.16250817271008, 35.77633891686956)",河南省,濮阳市,241,1,16953,large,0.1139999999999999,33,53.8288645858895
410900010159,6路(濮阳石油化工职业技术学院--公交公司),6,濮阳石油化工职业技术学院,公交公司,2025-01-20 10:37:00,2025-01-20 11:38:25,17949.0,17.534979647218456,61.41666666666666,"(115.16441023073762, 35.77641245292205)","(115.06535312879537, 35.744890394173005)",河南省,濮阳市,241,2,3055,large,-0.114,32,17.650968647815468
410900010159,6路(濮阳石油化工职业技术学院--公交公司),6,濮阳石油化工职业技术学院,公交公司,2025-01-20 06:30:00,2025-01-20 12:20:25,89501.0,18.010262716601456,298.16666666666663,"(115.16441023073762, 35.77641245292205)","(115.06535312879537, 35.744890394173005)",河南省,濮阳市,235,1,3055,large,-0.114,32,89.13080188152045
410900010159,6路(濮阳石油化工职业技术学院--公交公司),6,濮阳石油化工职业技术学院,公交公司,2025-01-20 06:45:00,2025-01-20 12:42:25,89501.0,18.02235149345564,297.9666666666667,"(115.16441023073762, 35.77641245292205)","(115.06535312879537, 35.744890394173005)",河南省,濮阳市,237,1,3055,large,-0.114,32,89.13795302281713
410900010158,6路(公交公司--濮阳石油化工职业技术学院),6,公交公司,濮阳石油化工职业技术学院,2025-01-20 06:46:00,2025-01-20 12:34:45,89379.0,19.270791160088642,278.2833333333333,"(115.06543700011643, 35.7447853352607)","(115.16250817271008, 35.77633891686956)",河南省,濮阳市,238,1,16953,large,0.1139999999999999,33,90.21023505172558
410900010159,6路(濮阳石油化工职业技术学院--公交公司),6,濮阳石油化工职业技术学院,公交公司,2025-01-20 07:18:00,2025-01-20 13:04:25,89501.0,18.010262716601456,298.16666666666663,"(115.16441023073762, 35.77641245292205)","(115.06535312879537, 35.744890394173005)",河南省,濮阳市,242,1,3055,large,-0.114,32,89.13080188152045
410900010158,6路(公交公司--濮阳石油化工职业技术学院),6,公交公司,濮阳石油化工职业技术学院,2025-01-20 12:27:00,2025-01-20 13:18:45,17827.0,20.66898550724638,51.75,"(115.06543700011643, 35.7447853352607)","(115.16250817271008, 35.77633891686956)",河南省,濮阳市,235,2,16953,large,0.1139999999999999,33,18.30514963246377
410900010159,6路(濮阳石油化工职业技术学院--公交公司),6,濮阳石油化工职业技术学院,公交公司,2025-01-20 12:48:00,2025-01-20 13:49:25,17949.0,17.534979647218456,61.41666666666666,"(115.16441023073762, 35.77641245292205)","(115.06535312879537, 35.744890394173005)",河南省,濮阳市,238,2,3055,large,-0.114,32,17.650968647815468
410900010158,6路(公交公司--濮阳石油化工职业技术学院),6,公交公司,濮阳石油化工职业技术学院,2025-01-20 12:50:00,2025-01-20 13:41:45,17827.0,20.66898550724638,51.75,"(115.06543700011643, 35.7447853352607)","(115.16250817271008, 35.77633891686956)",河南省,濮阳市,237,2,16953,large,0.1139999999999999,33,18.30514963246377
410900010159,6路(濮阳石油化工职业技术学院--公交公司),6,濮阳石油化工职业技术学院,公交公司,2025-01-20 08:42:00,2025-01-20 14:10:25,89501.0,18.649279388782773,287.95000000000005,"(115.16441023073762, 35.77641245292205)","(115.06535312879537, 35.744890394173005)",河南省,濮阳市,243,1,3055,large,-0.114,32,89.55605406707727
410900010158,6路(公交公司--濮阳石油化工职业技术学院),6,公交公司,濮阳石油化工职业技术学院,2025-01-20 13:14:00,2025-01-20 14:05:45,17827.0,20.66898550724638,51.75,"(115.06543700011643, 35.7447853352607)","(115.16250817271008, 35.77633891686956)",河南省,濮阳市,242,2,16953,large,0.1139999999999999,33,18.30514963246377
410900010159,6路(濮阳石油化工职业技术学院--公交公司),6,濮阳石油化工职业技术学院,公交公司,2025-01-20 13:31:00,2025-01-20 14:32:25,17949.0,17.534979647218456,61.41666666666666,"(115.16441023073762, 35.77641245292205)","(115.06535312879537, 35.744890394173005)",河南省,濮阳市,235,3,3055,large,-0.114,32,17.650968647815468
410900010159,6路(濮阳石油化工职业技术学院--公交公司),6,濮阳石油化工职业技术学院,公交公司,2025-01-20 13:53:00,2025-01-20 14:54:25,17949.0,17.534979647218456,61.41666666666666,"(115.16441023073762, 35.77641245292205)","(115.06535312879537, 35.744890394173005)",河南省,濮阳市,237,3,3055,large,-0.114,32,17.650968647815468
410900010158,6路(公交公司--濮阳石油化工职业技术学院),6,公交公司,濮阳石油化工职业技术学院,2025-01-20 13:56:00,2025-01-20 14:47:45,17827.0,20.66898550724638,51.75,"(115.06543700011643, 35.7447853352607)","(115.16250817271008, 35.77633891686956)",河南省,濮阳市,238,3,16953,large,0.1139999999999999,33,18.30514963246377
410900010159,6路(濮阳石油化工职业技术学院--公交公司),6,濮阳石油化工职业技术学院,公交公司,2025-01-20 14:15:00,2025-01-20 15:16:25,17949.0,17.534979647218456,61.41666666666666,"(115.16441023073762, 35.77641245292205)","(115.06535312879537, 35.744890394173005)",河南省,濮阳市,242,3,3055,large,-0.114,32,17.650968647815468
410900010158,6路(公交公司--濮阳石油化工职业技术学院),6,公交公司,濮阳石油化工职业技术学院,2025-01-20 14:18:00,2025-01-20 15:09:45,17827.0,20.66898550724638,51.75,"(115.06543700011643, 35.7447853352607)","(115.16250817271008, 35.77633891686956)",河南省,濮阳市,243,2,16953,large,0.1139999999999999,33,18.30514963246377
410900010159,6路(濮阳石油化工职业技术学院--公交公司),6,濮阳石油化工职业技术学院,公交公司,2025-01-20 09:57:00,2025-01-20 15:38:25,89501.0,18.662241529105124,287.75,"(115.16441023073762, 35.77641245292205)","(115.06535312879537, 35.744890394173005)",河南省,濮阳市,244,1,3055,large,-0.114,32,89.56320520837394
410900010158,6路(公交公司--濮阳石油化工职业技术学院),6,公交公司,濮阳石油化工职业技术学院,2025-01-20 14:52:00,2025-01-20 15:43:45,17827.0,20.66898550724638,51.75,"(115.06543700011643, 35.7447853352607)","(115.16250817271008, 35.77633891686956)",河南省,濮阳市,235,4,16953,large,0.1139999999999999,33,18.30514963246377
410900010159,6路(濮阳石油化工职业技术学院--公交公司),6,濮阳石油化工职业技术学院,公交公司,2025-01-20 14:59:00,2025-01-20 16:00:25,17949.0,17.534979647218456,61.41666666666666,"(115.16441023073762, 35.77641245292205)","(115.06535312879537, 35.744890394173005)",河南省,濮阳市,238,4,3055,large,-0.114,32,17.650968647815468
410900010158,6路(公交公司--濮阳石油化工职业技术学院),6,公交公司,濮阳石油化工职业技术学院,2025-01-20 15:09:00,2025-01-20 16:00:45,17827.0,20.66898550724638,51.75,"(115.06543700011643, 35.7447853352607)","(115.16250817271008, 35.77633891686956)",河南省,濮阳市,237,4,16953,large,0.1139999999999999,33,18.30514963246377
410900010159,6路(濮阳石油化工职业技术学院--公交公司),6,濮阳石油化工职业技术学院,公交公司,2025-01-20 15:22:00,2025-01-20 16:23:25,17949.0,17.534979647218456,61.41666666666666,"(115.16441023073762, 35.77641245292205)","(115.06535312879537, 35.744890394173005)",河南省,濮阳市,243,3,3055,large,-0.114,32,17.650968647815468
410900010158,6路(公交公司--濮阳石油化工职业技术学院),6,公交公司,濮阳石油化工职业技术学院,2025-01-20 15:26:00,2025-01-20 16:17:45,17827.0,20.66898550724638,51.75,"(115.06543700011643, 35.7447853352607)","(115.16250817271008, 35.77633891686956)",河南省,濮阳市,242,4,16953,large,0.1139999999999999,33,18.30514963246377
410900010159,6路(濮阳石油化工职业技术学院--公交公司),6,濮阳石油化工职业技术学院,公交公司,2025-01-20 15:56:00,2025-01-20 16:57:25,17949.0,17.534979647218456,61.41666666666666,"(115.16441023073762, 35.77641245292205)","(115.06535312879537, 35.744890394173005)",河南省,濮阳市,235,5,3055,large,-0.114,32,17.650968647815468
410900010158,6路(公交公司--濮阳石油化工职业技术学院),6,公交公司,濮阳石油化工职业技术学院,2025-01-20 15:59:00,2025-01-20 16:50:45,17827.0,20.66898550724638,51.75,"(115.06543700011643, 35.7447853352607)","(115.16250817271008, 35.77633891686956)",河南省,濮阳市,244,2,16953,large,0.1139999999999999,33,18.30514963246377
410900010159,6路(濮阳石油化工职业技术学院--公交公司),6,濮阳石油化工职业技术学院,公交公司,2025-01-20 16:15:00,2025-01-20 17:16:25,17949.0,17.534979647218456,61.41666666666666,"(115.16441023073762, 35.77641245292205)","(115.06535312879537, 35.744890394173005)",河南省,濮阳市,237,5,3055,large,-0.114,32,17.650968647815468
410900010158,6路(公交公司--濮阳石油化工职业技术学院),6,公交公司,濮阳石油化工职业技术学院,2025-01-20 16:18:00,2025-01-20 17:09:45,17827.0,20.66898550724638,51.75,"(115.06543700011643, 35.7447853352607)","(115.16250817271008, 35.77633891686956)",河南省,濮阳市,238,5,16953,large,0.1139999999999999,33,18.30514963246377
410900010159,6路(濮阳石油化工职业技术学院--公交公司),6,濮阳石油化工职业技术学院,公交公司,2025-01-20 16:35:00,2025-01-20 17:36:25,17949.0,17.534979647218456,61.41666666666666,"(115.16441023073762, 35.77641245292205)","(115.06535312879537, 35.744890394173005)",河南省,濮阳市,242,5,3055,large,-0.114,32,17.650968647815468
410900010158,6路(公交公司--濮阳石油化工职业技术学院),6,公交公司,濮阳石油化工职业技术学院,2025-01-20 16:36:00,2025-01-20 17:27:45,17827.0,20.66898550724638,51.75,"(115.06543700011643, 35.7447853352607)","(115.16250817271008, 35.77633891686956)",河南省,濮阳市,243,4,16953,large,0.1139999999999999,33,18.30514963246377
410900010159,6路(濮阳石油化工职业技术学院--公交公司),6,濮阳石油化工职业技术学院,公交公司,2025-01-20 15:43:00,2025-01-20 17:56:25,35776.0,18.96812960235641,113.16666666666666,"(115.06543700011643, 35.7447853352607)","(115.06535312879537, 35.744890394173005)",河南省,濮阳市,246,1,3055,large,-0.114,32,35.95611828027924
410900010158,6路(公交公司--濮阳石油化工职业技术学院),6,公交公司,濮阳石油化工职业技术学院,2025-01-20 14:35:00,2025-01-20 17:47:45,53603.0,19.501849418898438,164.91666666666666,"(115.06543700011643, 35.7447853352607)","(115.16250817271008, 35.77633891686956)",河南省,濮阳市,245,1,16953,large,0.1139999999999999,33,54.26126791274301
410900010158,6路(公交公司--濮阳石油化工职业技术学院),6,公交公司,濮阳石油化工职业技术学院,2025-01-20 17:16:00,2025-01-20 18:17:58,17827.0,17.261215707369555,61.96666666666667,"(115.06543700011643, 35.7447853352607)","(115.16250817271008, 35.77633891686956)",河南省,濮阳市,235,6,16953,large,0.1139999999999999,33,17.87989744690694
410900010159,6路(濮阳石油化工职业技术学院--公交公司),6,濮阳石油化工职业技术学院,公交公司,2025-01-20 17:16:00,2025-01-20 18:17:37,17949.0,17.47806329456316,61.61666666666667,"(115.16441023073762, 35.77641245292205)","(115.06535312879537, 35.744890394173005)",河南省,濮阳市,244,3,3055,large,-0.114,32,17.6438175065188
410900010158,6路(公交公司--濮阳石油化工职业技术学院),6,公交公司,濮阳石油化工职业技术学院,2025-01-20 17:35:00,2025-01-20 18:36:58,17827.0,17.261215707369555,61.96666666666667,"(115.06543700011643, 35.7447853352607)","(115.16250817271008, 35.77633891686956)",河南省,濮阳市,237,6,16953,large,0.1139999999999999,33,17.87989744690694
410900010159,6路(濮阳石油化工职业技术学院--公交公司),6,濮阳石油化工职业技术学院,公交公司,2025-01-20 17:35:00,2025-01-20 18:36:37,17949.0,17.47806329456316,61.61666666666667,"(115.16441023073762, 35.77641245292205)","(115.06535312879537, 35.744890394173005)",河南省,濮阳市,243,5,3055,large,-0.114,32,17.6438175065188
410900010159,6路(濮阳石油化工职业技术学院--公交公司),6,濮阳石油化工职业技术学院,公交公司,2025-01-20 17:49:00,2025-01-20 18:50:37,17949.0,17.478063294563157,61.616666666666674,"(115.16441023073762, 35.77641245292205)","(115.06535312879537, 35.744890394173005)",河南省,濮阳市,247,1,3055,large,-0.114,32,17.643817506518797
410900010158,6路(公交公司--濮阳石油化工职业技术学院),6,公交公司,濮阳石油化工职业技术学院,2025-01-20 17:51:00,2025-01-20 18:52:58,17827.0,17.261215707369555,61.96666666666667,"(115.06543700011643, 35.7447853352607)","(115.16250817271008, 35.77633891686956)",河南省,濮阳市,242,6,16953,large,0.1139999999999999,33,17.87989744690694
410900010159,6路(濮阳石油化工职业技术学院--公交公司),6,濮阳石油化工职业技术学院,公交公司,2025-01-20 18:04:00,2025-01-20 19:05:37,17949.0,17.47806329456316,61.61666666666667,"(115.16441023073762, 35.77641245292205)","(115.06535312879537, 35.744890394173005)",河南省,濮阳市,245,2,3055,large,-0.114,32,17.6438175065188
410900010158,6路(公交公司--濮阳石油化工职业技术学院),6,公交公司,濮阳石油化工职业技术学院,2025-01-20 18:07:00,2025-01-20 19:08:58,17827.0,17.261215707369555,61.96666666666667,"(115.06543700011643, 35.7447853352607)","(115.16250817271008, 35.77633891686956)",河南省,濮阳市,246,2,16953,large,0.1139999999999999,33,17.87989744690694
410900010159,6路(濮阳石油化工职业技术学院--公交公司),6,濮阳石油化工职业技术学院,公交公司,2025-01-20 18:19:00,2025-01-20 19:20:37,17949.0,17.47806329456316,61.61666666666667,"(115.16441023073762, 35.77641245292205)","(115.06535312879537, 35.744890394173005)",河南省,濮阳市,248,1,3055,large,-0.114,32,17.6438175065188
410900010158,6路(公交公司--濮阳石油化工职业技术学院),6,公交公司,濮阳石油化工职业技术学院,2025-01-20 18:24:00,2025-01-20 19:25:58,17827.0,17.261215707369555,61.96666666666667,"(115.06543700011643, 35.7447853352607)","(115.16250817271008, 35.77633891686956)",河南省,濮阳市,244,4,16953,large,0.1139999999999999,33,17.87989744690694
410900010159,6路(濮阳石油化工职业技术学院--公交公司),6,濮阳石油化工职业技术学院,公交公司,2025-01-20 18:39:00,2025-01-20 19:40:37,17949.0,17.47806329456316,61.61666666666667,"(115.16441023073762, 35.77641245292205)","(115.06535312879537, 35.744890394173005)",河南省,濮阳市,235,7,3055,large,-0.114,32,17.6438175065188
410900010158,6路(公交公司--濮阳石油化工职业技术学院),6,公交公司,濮阳石油化工职业技术学院,2025-01-20 18:42:00,2025-01-20 19:43:58,17827.0,17.261215707369555,61.96666666666667,"(115.06543700011643, 35.7447853352607)","(115.16250817271008, 35.77633891686956)",河南省,濮阳市,243,6,16953,large,0.1139999999999999,33,17.87989744690694
410900010159,6路(濮阳石油化工职业技术学院--公交公司),6,濮阳石油化工职业技术学院,公交公司,2025-01-20 18:59:00,2025-01-20 20:00:37,17949.0,17.47806329456316,61.61666666666667,"(115.16441023073762, 35.77641245292205)","(115.06535312879537, 35.744890394173005)",河南省,濮阳市,242,7,3055,large,-0.114,32,17.6438175065188
410900010158,6路(公交公司--濮阳石油化工职业技术学院),6,公交公司,濮阳石油化工职业技术学院,2025-01-20 19:00:00,2025-01-20 19:51:45,17827.0,20.66898550724638,51.75,"(115.06543700011643, 35.7447853352607)","(115.16250817271008, 35.77633891686956)",河南省,濮阳市,247,2,16953,large,0.1139999999999999,33,18.30514963246377
900000144879,66路(公交公司--东城花园),66,公交公司,东城花园,2025-01-20 06:30:00,2025-01-20 09:10:41,30111.0,14.059610894941635,128.5,"(115.06543700011643, 35.7447853352607)","(115.10576994371274, 35.775465068428424)",河南省,濮阳市,250,1,2353,medium,0.038,23,31.120998072026374
900000144880,66路(东城花园--公交公司),66,东城花园,公交公司,2025-01-20 09:24:00,2025-01-20 09:56:07,10097.0,18.86310326933057,32.11666666666667,"(115.10724576057747, 35.7753289921196)","(115.06537106171513, 35.74523223482266)",河南省,濮阳市,250,2,3055,medium,-0.038,23,10.689188875973011
900000144879,66路(公交公司--东城花园),66,公交公司,东城花园,2025-01-20 06:30:00,2025-01-20 10:15:18,40208.0,15.020109992736327,160.61666666666667,"(115.10724576057747, 35.7753289921196)","(115.10576994371274, 35.775465068428424)",河南省,濮阳市,249,1,2353,medium,0.038,23,41.810186947999384
900000144879,66路(公交公司--东城花园),66,公交公司,东城花园,2025-01-20 06:54:00,2025-01-20 10:52:18,40208.0,15.344937983674335,157.21666666666667,"(115.10724576057747, 35.7753289921196)","(115.10576994371274, 35.775465068428424)",河南省,濮阳市,251,1,2353,medium,0.038,23,41.93781620951908
900000144880,66路(东城花园--公交公司),66,东城花园,公交公司,2025-01-20 10:49:00,2025-01-20 11:21:07,10097.0,18.86310326933057,32.11666666666667,"(115.10724576057747, 35.7753289921196)","(115.06537106171513, 35.74523223482266)",河南省,濮阳市,249,2,3055,medium,-0.038,23,10.689188875973011
900000144880,66路(东城花园--公交公司),66,东城花园,公交公司,2025-01-20 11:19:00,2025-01-20 11:51:07,10097.0,18.86310326933057,32.11666666666667,"(115.10724576057747, 35.7753289921196)","(115.06537106171513, 35.74523223482266)",河南省,濮阳市,251,2,3055,medium,-0.038,23,10.689188875973011
900000144879,66路(公交公司--东城花园),66,公交公司,东城花园,2025-01-20 07:55:00,2025-01-20 12:15:18,40208.0,15.020109992736327,160.61666666666667,"(115.10724576057747, 35.7753289921196)","(115.10576994371274, 35.775465068428424)",河南省,濮阳市,252,1,2353,medium,0.038,23,41.810186947999384
900000144879,66路(公交公司--东城花园),66,公交公司,东城花园,2025-01-20 12:15:00,2025-01-20 13:00:18,10007.0,13.254304635761589,45.3,"(115.06543700011643, 35.7447853352607)","(115.10576994371274, 35.775465068428424)",河南省,濮阳市,251,3,2353,medium,0.038,23,10.30292238543046
900000144880,66路(东城花园--公交公司),66,东城花园,公交公司,2025-01-20 12:58:00,2025-01-20 13:30:07,10097.0,18.86310326933057,32.11666666666667,"(115.10724576057747, 35.7753289921196)","(115.06537106171513, 35.74523223482266)",河南省,濮阳市,252,2,3055,medium,-0.038,23,10.689188875973011
900000144880,66路(东城花园--公交公司),66,东城花园,公交公司,2025-01-20 13:31:00,2025-01-20 14:03:07,10097.0,18.86310326933057,32.11666666666667,"(115.10724576057747, 35.7753289921196)","(115.06537106171513, 35.74523223482266)",河南省,濮阳市,251,4,3055,medium,-0.038,23,10.689188875973011
900000144879,66路(公交公司--东城花园),66,公交公司,东城花园,2025-01-20 14:25:00,2025-01-20 15:10:18,10007.0,13.254304635761589,45.3,"(115.06543700011643, 35.7447853352607)","(115.10576994371274, 35.775465068428424)",河南省,濮阳市,251,5,2353,medium,0.038,23,10.30292238543046
900000144880,66路(东城花园--公交公司),66,东城花园,公交公司,2025-01-20 10:36:00,2025-01-20 15:41:07,40208.0,15.58114101184069,154.83333333333331,"(115.06543700011643, 35.7447853352607)","(115.06537106171513, 35.74523223482266)",河南省,濮阳市,253,1,3055,medium,-0.038,23,41.984222522806945
900000144879,66路(公交公司--东城花园),66,公交公司,东城花园,2025-01-20 16:20:00,2025-01-20 17:05:18,10007.0,13.254304635761589,45.3,"(115.06543700011643, 35.7447853352607)","(115.10576994371274, 35.775465068428424)",河南省,濮阳市,253,2,2353,medium,0.038,23,10.30292238543046
900000144880,66路(东城花园--公交公司),66,东城花园,公交公司,2025-01-20 12:48:00,2025-01-20 17:05:07,40208.0,15.58114101184069,154.83333333333331,"(115.06543700011643, 35.7447853352607)","(115.06537106171513, 35.74523223482266)",河南省,濮阳市,254,1,3055,medium,-0.038,23,41.984222522806945
900000144879,66路(公交公司--东城花园),66,公交公司,东城花园,2025-01-20 14:50:00,2025-01-20 17:40:18,30111.0,14.722205622708138,122.71666666666665,"(115.06543700011643, 35.7447853352607)","(115.10576994371274, 35.775465068428424)",河南省,濮阳市,255,1,2353,medium,0.038,23,31.295033646833936
900000144879,66路(公交公司--东城花园),66,公交公司,东城花园,2025-01-20 17:31:00,2025-01-20 18:18:41,10007.0,12.591821041593848,47.68333333333333,"(115.06543700011643, 35.7447853352607)","(115.10576994371274, 35.775465068428424)",河南省,濮阳市,254,2,2353,medium,0.038,23,10.256516072142606
900000144880,66路(东城花园--公交公司),66,东城花园,公交公司,2025-01-20 17:39:00,2025-01-20 18:14:31,10097.0,17.05734396996715,35.516666666666666,"(115.10724576057747, 35.7753289921196)","(115.06537106171513, 35.74523223482266)",河南省,濮阳市,253,3,3055,medium,-0.038,23,10.561559614453309
900000144879,66路(公交公司--东城花园),66,公交公司,东城花园,2025-01-20 17:03:00,2025-01-20 18:47:41,20104.0,14.498076923076924,83.19999999999999,"(115.10724576057747, 35.7753289921196)","(115.10576994371274, 35.775465068428424)",河南省,濮阳市,256,1,2353,medium,0.038,23,20.818075686595915
900000144880,66路(东城花园--公交公司),66,东城花园,公交公司,2025-01-20 18:19:00,2025-01-20 18:54:31,10097.0,17.05734396996715,35.516666666666666,"(115.10724576057747, 35.7753289921196)","(115.06537106171513, 35.74523223482266)",河南省,濮阳市,255,2,3055,medium,-0.038,23,10.561559614453309
900000144879,66路(公交公司--东城花园),66,公交公司,东城花园,2025-01-20 18:30:00,2025-01-20 19:17:41,10007.0,12.591821041593848,47.68333333333333,"(115.06543700011643, 35.7447853352607)","(115.10576994371274, 35.775465068428424)",河南省,濮阳市,253,4,2353,medium,0.038,23,10.256516072142606
900000144880,66路(东城花园--公交公司),66,东城花园,公交公司,2025-01-20 18:59:00,2025-01-20 19:34:31,10097.0,17.05734396996715,35.516666666666666,"(115.10724576057747, 35.7753289921196)","(115.06537106171513, 35.74523223482266)",河南省,濮阳市,256,2,3055,medium,-0.038,23,10.561559614453309
900000144879,66路(公交公司--东城花园),66,公交公司,东城花园,2025-01-20 18:59:00,2025-01-20 19:46:41,10007.0,12.591821041593848,47.68333333333333,"(115.06543700011643, 35.7447853352607)","(115.10576994371274, 35.775465068428424)",河南省,濮阳市,257,1,2353,medium,0.038,23,10.256516072142606
410900010161,7路(火车站--高铁公交客运中心),7,火车站,高铁公交客运中心,2025-01-20 06:30:00,2025-01-20 07:33:16,16818.0,15.949631190727088,63.26666666666665,"(115.01865140874098, 35.74409481581915)","(115.14311558112037, 35.767673330706465)",河南省,濮阳市,258,1,15889,large,-0.0760000000000001,35,17.02502468155954
410900010160,7路(高铁公交客运中心--火车站),7,高铁公交客运中心,火车站,2025-01-20 06:30:00,2025-01-20 07:35:09,16800.0,15.471987720644663,65.15000000000002,"(115.14304645406683, 35.76764522575136)","(115.01855968601367, 35.744613863509436)",河南省,濮阳市,259,1,2903,large,0.152,34,17.055345755947812
410900010161,7路(火车站--高铁公交客运中心),7,火车站,高铁公交客运中心,2025-01-20 06:47:00,2025-01-20 07:50:16,16818.0,15.949631190727082,63.266666666666666,"(115.01865140874098, 35.74409481581915)","(115.14311558112037, 35.767673330706465)",河南省,濮阳市,262,1,15889,large,-0.0760000000000001,35,17.025024681559536
410900010160,7路(高铁公交客运中心--火车站),7,高铁公交客运中心,火车站,2025-01-20 07:42:00,2025-01-20 08:51:41,16800.0,14.465438890217651,69.68333333333334,"(115.14304645406683, 35.76764522575136)","(115.01855968601367, 35.744613863509436)",河南省,濮阳市,258,2,2903,large,0.152,34,16.936975613489597
410900010161,7路(火车站--高铁公交客运中心),7,火车站,高铁公交客运中心,2025-01-20 07:43:00,2025-01-20 08:46:16,16818.0,15.949631190727082,63.266666666666666,"(115.01865140874098, 35.74409481581915)","(115.14311558112037, 35.767673330706465)",河南省,濮阳市,259,2,15889,large,-0.0760000000000001,35,17.025024681559536
410900010161,7路(火车站--高铁公交客运中心),7,火车站,高铁公交客运中心,2025-01-20 06:39:00,2025-01-20 08:56:16,33618.0,15.707306943543152,128.41666666666669,"(115.14304645406683, 35.76764522575136)","(115.14311558112037, 35.767673330706465)",河南省,濮阳市,260,1,15889,large,-0.0760000000000001,35,34.08037043750735
410900010160,7路(高铁公交客运中心--火车站),7,高铁公交客运中心,火车站,2025-01-20 07:23:00,2025-01-20 09:50:41,33618.0,15.17171869123731,132.95,"(115.01865140874098, 35.74409481581915)","(115.01855968601367, 35.744613863509436)",河南省,濮阳市,270,1,2903,large,0.152,34,33.96200029504914
410900010160,7路(高铁公交客运中心--火车站),7,高铁公交客运中心,火车站,2025-01-20 09:04:00,2025-01-20 10:09:09,16800.0,15.471987720644666,65.15,"(115.14304645406683, 35.76764522575136)","(115.01855968601367, 35.744613863509436)",河南省,濮阳市,260,2,2903,large,0.152,34,17.055345755947812
410900010160,7路(高铁公交客运中心--火车站),7,高铁公交客运中心,火车站,2025-01-20 07:06:00,2025-01-20 10:49:09,50418.0,15.27046945986875,198.10000000000002,"(115.14304645406683, 35.76764522575136)","(115.01855968601367, 35.744613863509436)",河南省,濮阳市,266,1,2903,large,0.152,34,51.017346050996956
410900010161,7路(火车站--高铁公交客运中心),7,火车站,高铁公交客运中心,2025-01-20 09:59:00,2025-01-20 11:02:16,16818.0,15.949631190727082,63.266666666666666,"(115.01865140874098, 35.74409481581915)","(115.14311558112037, 35.767673330706465)",河南省,濮阳市,270,2,15889,large,-0.0760000000000001,35,17.025024681559536
410900010161,7路(火车站--高铁公交客运中心),7,火车站,高铁公交客运中心,2025-01-20 10:55:00,2025-01-20 11:58:16,16818.0,15.949631190727082,63.266666666666666,"(115.01865140874098, 35.74409481581915)","(115.14311558112037, 35.767673330706465)",河南省,濮阳市,266,2,15889,large,-0.0760000000000001,35,17.025024681559536
410900010161,7路(火车站--高铁公交客运中心),7,火车站,高铁公交客运中心,2025-01-20 06:39:00,2025-01-20 12:36:16,84054.0,15.535188417702026,324.63333333333327,"(115.01865140874098, 35.74409481581915)","(115.14311558112037, 35.767673330706465)",河南省,濮阳市,261,1,15889,large,-0.0760000000000001,35,85.06739541411602
410900010160,7路(高铁公交客运中心--火车站),7,高铁公交客运中心,火车站,2025-01-20 06:47:00,2025-01-20 12:42:09,84036.0,15.659692530669288,321.98333333333335,"(115.14304645406683, 35.76764522575136)","(115.01855968601367, 35.744613863509436)",河南省,濮阳市,263,1,2903,large,0.152,34,85.21608663096251
410900010160,7路(高铁公交客运中心--火车站),7,高铁公交客运中心,火车站,2025-01-20 06:56:00,2025-01-20 13:00:09,84036.0,15.659692530669291,321.9833333333333,"(115.14304645406683, 35.76764522575136)","(115.01855968601367, 35.744613863509436)",河南省,濮阳市,264,1,2903,large,0.152,34,85.21608663096251
410900010161,7路(火车站--高铁公交客运中心),7,火车站,高铁公交客运中心,2025-01-20 06:57:00,2025-01-20 12:59:16,84054.0,15.535188417702026,324.63333333333327,"(115.01865140874098, 35.74409481581915)","(115.14311558112037, 35.767673330706465)",河南省,濮阳市,265,1,15889,large,-0.0760000000000001,35,85.06739541411602
410900010161,7路(火车站--高铁公交客运中心),7,火车站,高铁公交客运中心,2025-01-20 07:06:00,2025-01-20 13:10:16,84054.0,15.535188417702026,324.63333333333327,"(115.01865140874098, 35.74409481581915)","(115.14311558112037, 35.767673330706465)",河南省,濮阳市,267,1,15889,large,-0.0760000000000001,35,85.06739541411602
410900010160,7路(高铁公交客运中心--火车站),7,高铁公交客运中心,火车站,2025-01-20 07:15:00,2025-01-20 13:19:09,84036.0,15.442274513807364,326.5166666666666,"(115.14304645406683, 35.76764522575136)","(115.01855968601367, 35.744613863509436)",河南省,濮阳市,269,1,2903,large,0.152,34,85.09771648850432
410900010161,7路(火车站--高铁公交客运中心),7,火车站,高铁公交客运中心,2025-01-20 07:15:00,2025-01-20 13:21:16,84054.0,15.535188417702026,324.63333333333327,"(115.01865140874098, 35.74409481581915)","(115.14311558112037, 35.767673330706465)",河南省,濮阳市,268,1,15889,large,-0.0760000000000001,35,85.06739541411602
410900010160,7路(高铁公交客运中心--火车站),7,高铁公交客运中心,火车站,2025-01-20 07:24:00,2025-01-20 13:27:09,84036.0,15.442274513807364,326.5166666666666,"(115.14304645406683, 35.76764522575136)","(115.01855968601367, 35.744613863509436)",河南省,濮阳市,271,1,2903,large,0.152,34,85.09771648850432
410900010160,7路(高铁公交客运中心--火车站),7,高铁公交客运中心,火车站,2025-01-20 07:33:00,2025-01-20 13:46:09,84036.0,15.442274513807364,326.5166666666666,"(115.14304645406683, 35.76764522575136)","(115.01855968601367, 35.744613863509436)",河南省,濮阳市,273,1,2903,large,0.152,34,85.09771648850432
410900010161,7路(火车站--高铁公交客运中心),7,火车站,高铁公交客运中心,2025-01-20 07:33:00,2025-01-20 13:46:16,84054.0,15.535188417702026,324.63333333333327,"(115.01865140874098, 35.74409481581915)","(115.14311558112037, 35.767673330706465)",河南省,濮阳市,272,1,15889,large,-0.0760000000000001,35,85.06739541411602
410900010161,7路(火车站--高铁公交客运中心),7,火车站,高铁公交客运中心,2025-01-20 12:51:00,2025-01-20 13:54:16,16818.0,15.949631190727082,63.266666666666666,"(115.01865140874098, 35.74409481581915)","(115.14311558112037, 35.767673330706465)",河南省,濮阳市,263,2,15889,large,-0.0760000000000001,35,17.025024681559536
410900010160,7路(高铁公交客运中心--火车站),7,高铁公交客运中心,火车站,2025-01-20 12:52:00,2025-01-20 13:57:09,16800.0,15.471987720644666,65.15,"(115.14304645406683, 35.76764522575136)","(115.01855968601367, 35.744613863509436)",河南省,濮阳市,261,2,2903,large,0.152,34,17.055345755947812
410900010161,7路(火车站--高铁公交客运中心),7,火车站,高铁公交客运中心,2025-01-20 13:10:00,2025-01-20 14:13:16,16818.0,15.949631190727082,63.266666666666666,"(115.01865140874098, 35.74409481581915)","(115.14311558112037, 35.767673330706465)",河南省,濮阳市,264,2,15889,large,-0.0760000000000001,35,17.025024681559536
410900010160,7路(高铁公交客运中心--火车站),7,高铁公交客运中心,火车站,2025-01-20 13:14:00,2025-01-20 14:19:09,16800.0,15.471987720644666,65.15,"(115.14304645406683, 35.76764522575136)","(115.01855968601367, 35.744613863509436)",河南省,濮阳市,265,2,2903,large,0.152,34,17.055345755947812
410900010161,7路(火车站--高铁公交客运中心),7,火车站,高铁公交客运中心,2025-01-20 08:20:00,2025-01-20 14:22:16,84054.0,15.755201499531397,320.09999999999997,"(115.01865140874098, 35.74409481581915)","(115.14311558112037, 35.767673330706465)",河南省,濮阳市,274,1,15889,large,-0.0760000000000001,35,85.18576555657424
410900010160,7路(高铁公交客运中心--火车站),7,高铁公交客运中心,火车站,2025-01-20 13:24:00,2025-01-20 14:29:09,16800.0,15.471987720644666,65.15,"(115.14304645406683, 35.76764522575136)","(115.01855968601367, 35.744613863509436)",河南省,濮阳市,267,2,2903,large,0.152,34,17.055345755947812
410900010161,7路(火车站--高铁公交客运中心),7,火车站,高铁公交客运中心,2025-01-20 13:28:00,2025-01-20 14:31:16,16818.0,15.949631190727082,63.266666666666666,"(115.01865140874098, 35.74409481581915)","(115.14311558112037, 35.767673330706465)",河南省,濮阳市,269,2,15889,large,-0.0760000000000001,35,17.025024681559536
410900010160,7路(高铁公交客运中心--火车站),7,高铁公交客运中心,火车站,2025-01-20 13:36:00,2025-01-20 14:41:09,16800.0,15.471987720644666,65.15,"(115.14304645406683, 35.76764522575136)","(115.01855968601367, 35.744613863509436)",河南省,濮阳市,268,2,2903,large,0.152,34,17.055345755947812
410900010161,7路(火车站--高铁公交客运中心),7,火车站,高铁公交客运中心,2025-01-20 13:37:00,2025-01-20 14:40:16,16818.0,15.949631190727082,63.266666666666666,"(115.01865140874098, 35.74409481581915)","(115.14311558112037, 35.767673330706465)",河南省,濮阳市,271,2,15889,large,-0.0760000000000001,35,17.025024681559536
410900010161,7路(火车站--高铁公交客运中心),7,火车站,高铁公交客运中心,2025-01-20 13:56:00,2025-01-20 14:59:16,16818.0,15.949631190727082,63.266666666666666,"(115.01865140874098, 35.74409481581915)","(115.14311558112037, 35.767673330706465)",河南省,濮阳市,273,2,15889,large,-0.0760000000000001,35,17.025024681559536
410900010160,7路(高铁公交客运中心--火车站),7,高铁公交客运中心,火车站,2025-01-20 13:58:00,2025-01-20 15:03:09,16800.0,15.471987720644666,65.15,"(115.14304645406683, 35.76764522575136)","(115.01855968601367, 35.744613863509436)",河南省,濮阳市,272,2,2903,large,0.152,34,17.055345755947812
410900010161,7路(火车站--高铁公交客运中心),7,火车站,高铁公交客运中心,2025-01-20 14:08:00,2025-01-20 15:11:16,16818.0,15.949631190727082,63.266666666666666,"(115.01865140874098, 35.74409481581915)","(115.14311558112037, 35.767673330706465)",河南省,濮阳市,261,3,15889,large,-0.0760000000000001,35,17.025024681559536
410900010160,7路(高铁公交客运中心--火车站),7,高铁公交客运中心,火车站,2025-01-20 09:19:00,2025-01-20 15:15:09,84036.0,15.659692530669291,321.9833333333333,"(115.14304645406683, 35.76764522575136)","(115.01855968601367, 35.744613863509436)",河南省,濮阳市,276,1,2903,large,0.152,34,85.21608663096251
410900010161,7路(火车站--高铁公交客运中心),7,火车站,高铁公交客运中心,2025-01-20 09:17:00,2025-01-20 15:21:16,84054.0,15.755201499531397,320.09999999999997,"(115.01865140874098, 35.74409481581915)","(115.14311558112037, 35.767673330706465)",河南省,濮阳市,275,1,15889,large,-0.0760000000000001,35,85.18576555657424
410900010160,7路(高铁公交客运中心--火车站),7,高铁公交客运中心,火车站,2025-01-20 14:20:00,2025-01-20 15:25:09,16800.0,15.471987720644666,65.15,"(115.14304645406683, 35.76764522575136)","(115.01855968601367, 35.744613863509436)",河南省,濮阳市,264,3,2903,large,0.152,34,17.055345755947812
410900010160,7路(高铁公交客运中心--火车站),7,高铁公交客运中心,火车站,2025-01-20 14:29:00,2025-01-20 15:34:09,16800.0,15.471987720644666,65.15,"(115.14304645406683, 35.76764522575136)","(115.01855968601367, 35.744613863509436)",河南省,濮阳市,274,2,2903,large,0.152,34,17.055345755947812
410900010161,7路(火车站--高铁公交客运中心),7,火车站,高铁公交客运中心,2025-01-20 14:29:00,2025-01-20 15:32:16,16818.0,15.949631190727082,63.266666666666666,"(115.01865140874098, 35.74409481581915)","(115.14311558112037, 35.767673330706465)",河南省,濮阳市,265,3,15889,large,-0.0760000000000001,35,17.025024681559536
410900010160,7路(高铁公交客运中心--火车站),7,高铁公交客运中心,火车站,2025-01-20 14:38:00,2025-01-20 15:43:09,16800.0,15.471987720644666,65.15,"(115.14304645406683, 35.76764522575136)","(115.01855968601367, 35.744613863509436)",河南省,濮阳市,269,3,2903,large,0.152,34,17.055345755947812
410900010161,7路(火车站--高铁公交客运中心),7,火车站,高铁公交客运中心,2025-01-20 14:40:00,2025-01-20 15:43:16,16818.0,15.949631190727082,63.266666666666666,"(115.01865140874098, 35.74409481581915)","(115.14311558112037, 35.767673330706465)",河南省,濮阳市,267,3,15889,large,-0.0760000000000001,35,17.025024681559536
410900010160,7路(高铁公交客运中心--火车站),7,高铁公交客运中心,火车站,2025-01-20 14:46:00,2025-01-20 15:51:09,16800.0,15.471987720644666,65.15,"(115.14304645406683, 35.76764522575136)","(115.01855968601367, 35.744613863509436)",河南省,濮阳市,271,3,2903,large,0.152,34,17.055345755947812
410900010161,7路(火车站--高铁公交客运中心),7,火车站,高铁公交客运中心,2025-01-20 14:51:00,2025-01-20 15:54:16,16818.0,15.949631190727082,63.266666666666666,"(115.01865140874098, 35.74409481581915)","(115.14311558112037, 35.767673330706465)",河南省,濮阳市,268,3,15889,large,-0.0760000000000001,35,17.025024681559536
410900010161,7路(火车站--高铁公交客运中心),7,火车站,高铁公交客运中心,2025-01-20 10:07:00,2025-01-20 16:05:16,84054.0,15.755201499531397,320.09999999999997,"(115.01865140874098, 35.74409481581915)","(115.14311558112037, 35.767673330706465)",河南省,濮阳市,277,1,15889,large,-0.0760000000000001,35,85.18576555657424
410900010160,7路(高铁公交客运中心--火车站),7,高铁公交客运中心,火车站,2025-01-20 15:14:00,2025-01-20 16:19:09,16800.0,15.471987720644666,65.15,"(115.14304645406683, 35.76764522575136)","(115.01855968601367, 35.744613863509436)",河南省,濮阳市,273,3,2903,large,0.152,34,17.055345755947812
410900010161,7路(火车站--高铁公交客运中心),7,火车站,高铁公交客运中心,2025-01-20 15:15:00,2025-01-20 16:18:16,16818.0,15.949631190727082,63.266666666666666,"(115.01865140874098, 35.74409481581915)","(115.14311558112037, 35.767673330706465)",河南省,濮阳市,272,3,15889,large,-0.0760000000000001,35,17.025024681559536
410900010160,7路(高铁公交客运中心--火车站),7,高铁公交客运中心,火车站,2025-01-20 15:23:00,2025-01-20 16:28:09,16800.0,15.471987720644666,65.15,"(115.14304645406683, 35.76764522575136)","(115.01855968601367, 35.744613863509436)",河南省,濮阳市,261,4,2903,large,0.152,34,17.055345755947812
410900010161,7路(火车站--高铁公交客运中心),7,火车站,高铁公交客运中心,2025-01-20 15:25:00,2025-01-20 16:28:16,16818.0,15.949631190727082,63.266666666666666,"(115.01865140874098, 35.74409481581915)","(115.14311558112037, 35.767673330706465)",河南省,濮阳市,276,2,15889,large,-0.0760000000000001,35,17.025024681559536
410900010160,7路(高铁公交客运中心--火车站),7,高铁公交客运中心,火车站,2025-01-20 15:31:00,2025-01-20 16:36:09,16800.0,15.471987720644666,65.15,"(115.14304645406683, 35.76764522575136)","(115.01855968601367, 35.744613863509436)",河南省,濮阳市,275,2,2903,large,0.152,34,17.055345755947812
410900010161,7路(火车站--高铁公交客运中心),7,火车站,高铁公交客运中心,2025-01-20 15:35:00,2025-01-20 16:38:16,16818.0,15.949631190727082,63.266666666666666,"(115.01865140874098, 35.74409481581915)","(115.14311558112037, 35.767673330706465)",河南省,濮阳市,264,4,15889,large,-0.0760000000000001,35,17.025024681559536
410900010160,7路(高铁公交客运中心--火车站),7,高铁公交客运中心,火车站,2025-01-20 15:41:00,2025-01-20 16:46:09,16800.0,15.471987720644666,65.15,"(115.14304645406683, 35.76764522575136)","(115.01855968601367, 35.744613863509436)",河南省,濮阳市,265,4,2903,large,0.152,34,17.055345755947812
410900010161,7路(火车站--高铁公交客运中心),7,火车站,高铁公交客运中心,2025-01-20 15:45:00,2025-01-20 16:48:16,16818.0,15.949631190727082,63.266666666666666,"(115.01865140874098, 35.74409481581915)","(115.14311558112037, 35.767673330706465)",河南省,濮阳市,274,3,15889,large,-0.0760000000000001,35,17.025024681559536
410900010160,7路(高铁公交客运中心--火车站),7,高铁公交客运中心,火车站,2025-01-20 15:49:00,2025-01-20 16:54:09,16800.0,15.471987720644666,65.15,"(115.14304645406683, 35.76764522575136)","(115.01855968601367, 35.744613863509436)",河南省,濮阳市,267,4,2903,large,0.152,34,17.055345755947812
410900010161,7路(火车站--高铁公交客运中心),7,火车站,高铁公交客运中心,2025-01-20 15:54:00,2025-01-20 16:57:16,16818.0,15.949631190727082,63.266666666666666,"(115.01865140874098, 35.74409481581915)","(115.14311558112037, 35.767673330706465)",河南省,濮阳市,269,4,15889,large,-0.0760000000000001,35,17.025024681559536
410900010161,7路(火车站--高铁公交客运中心),7,火车站,高铁公交客运中心,2025-01-20 16:03:00,2025-01-20 17:06:16,16818.0,15.949631190727082,63.266666666666666,"(115.01865140874098, 35.74409481581915)","(115.14311558112037, 35.767673330706465)",河南省,濮阳市,271,4,15889,large,-0.0760000000000001,35,17.025024681559536
410900010160,7路(高铁公交客运中心--火车站),7,高铁公交客运中心,火车站,2025-01-20 16:08:00,2025-01-20 17:13:09,16800.0,15.471987720644666,65.15,"(115.14304645406683, 35.76764522575136)","(115.01855968601367, 35.744613863509436)",河南省,濮阳市,268,4,2903,large,0.152,34,17.055345755947812
410900010160,7路(高铁公交客运中心--火车站),7,高铁公交客运中心,火车站,2025-01-20 16:17:00,2025-01-20 17:22:09,16800.0,15.471987720644666,65.15,"(115.14304645406683, 35.76764522575136)","(115.01855968601367, 35.744613863509436)",河南省,濮阳市,277,2,2903,large,0.152,34,17.055345755947812
410900010160,7路(高铁公交客运中心--火车站),7,高铁公交客运中心,火车站,2025-01-20 16:25:00,2025-01-20 17:30:09,16800.0,15.471987720644666,65.15,"(115.14304645406683, 35.76764522575136)","(115.01855968601367, 35.744613863509436)",河南省,濮阳市,272,4,2903,large,0.152,34,17.055345755947812
410900010161,7路(火车站--高铁公交客运中心),7,火车站,高铁公交客运中心,2025-01-20 16:30:00,2025-01-20 17:33:16,16818.0,15.949631190727082,63.266666666666666,"(115.01865140874098, 35.74409481581915)","(115.14311558112037, 35.767673330706465)",河南省,濮阳市,273,4,15889,large,-0.0760000000000001,35,17.025024681559536
410900010160,7路(高铁公交客运中心--火车站),7,高铁公交客运中心,火车站,2025-01-20 16:34:00,2025-01-20 17:39:09,16800.0,15.471987720644666,65.15,"(115.14304645406683, 35.76764522575136)","(115.01855968601367, 35.744613863509436)",河南省,濮阳市,276,3,2903,large,0.152,34,17.055345755947812
410900010161,7路(火车站--高铁公交客运中心),7,火车站,高铁公交客运中心,2025-01-20 16:40:00,2025-01-20 17:43:16,16818.0,15.949631190727082,63.266666666666666,"(115.01865140874098, 35.74409481581915)","(115.14311558112037, 35.767673330706465)",河南省,濮阳市,261,5,15889,large,-0.0760000000000001,35,17.025024681559536
410900010161,7路(火车站--高铁公交客运中心),7,火车站,高铁公交客运中心,2025-01-20 16:50:00,2025-01-20 17:53:16,16818.0,15.949631190727082,63.266666666666666,"(115.01865140874098, 35.74409481581915)","(115.14311558112037, 35.767673330706465)",河南省,濮阳市,275,3,15889,large,-0.0760000000000001,35,17.025024681559536
410900010160,7路(高铁公交客运中心--火车站),7,高铁公交客运中心,火车站,2025-01-20 16:53:00,2025-01-20 17:58:09,16800.0,15.471987720644666,65.15,"(115.14304645406683, 35.76764522575136)","(115.01855968601367, 35.744613863509436)",河南省,濮阳市,264,5,2903,large,0.152,34,17.055345755947812
410900010161,7路(火车站--高铁公交客运中心),7,火车站,高铁公交客运中心,2025-01-20 17:00:00,2025-01-20 18:03:16,16818.0,15.949631190727082,63.266666666666666,"(115.01865140874098, 35.74409481581915)","(115.14311558112037, 35.767673330706465)",河南省,濮阳市,267,5,15889,large,-0.0760000000000001,35,17.025024681559536
410900010160,7路(高铁公交客运中心--火车站),7,高铁公交客运中心,火车站,2025-01-20 17:02:00,2025-01-20 18:11:41,16800.0,14.465438890217651,69.68333333333334,"(115.14304645406683, 35.76764522575136)","(115.01855968601367, 35.744613863509436)",河南省,濮阳市,274,4,2903,large,0.152,34,16.936975613489597
410900010160,7路(高铁公交客运中心--火车站),7,高铁公交客运中心,火车站,2025-01-20 17:10:00,2025-01-20 18:19:41,16800.0,14.465438890217651,69.68333333333334,"(115.14304645406683, 35.76764522575136)","(115.01855968601367, 35.744613863509436)",河南省,濮阳市,269,5,2903,large,0.152,34,16.936975613489597
410900010161,7路(火车站--高铁公交客运中心),7,火车站,高铁公交客运中心,2025-01-20 15:58:00,2025-01-20 18:13:16,33618.0,15.707306943543152,128.41666666666669,"(115.14304645406683, 35.76764522575136)","(115.14311558112037, 35.767673330706465)",河南省,濮阳市,280,1,15889,large,-0.0760000000000001,35,34.080370437507355
410900010160,7路(高铁公交客运中心--火车站),7,高铁公交客运中心,火车站,2025-01-20 17:12:00,2025-01-20 18:21:41,16800.0,14.465438890217651,69.68333333333334,"(115.14304645406683, 35.76764522575136)","(115.01855968601367, 35.744613863509436)",河南省,濮阳市,271,5,2903,large,0.152,34,16.936975613489597
410900010161,7路(火车站--高铁公交客运中心),7,火车站,高铁公交客运中心,2025-01-20 17:20:00,2025-01-20 18:23:16,16818.0,15.949631190727082,63.266666666666666,"(115.01865140874098, 35.74409481581915)","(115.14311558112037, 35.767673330706465)",河南省,濮阳市,268,5,15889,large,-0.0760000000000001,35,17.025024681559536
410900010160,7路(高铁公交客运中心--火车站),7,高铁公交客运中心,火车站,2025-01-20 12:31:00,2025-01-20 18:32:41,84036.0,15.44227451380736,326.5166666666667,"(115.14304645406683, 35.76764522575136)","(115.01855968601367, 35.744613863509436)",河南省,濮阳市,278,1,2903,large,0.152,34,85.09771648850429
410900010161,7路(火车站--高铁公交客运中心),7,火车站,高铁公交客运中心,2025-01-20 17:31:00,2025-01-20 18:34:16,16818.0,15.949631190727082,63.266666666666666,"(115.01865140874098, 35.74409481581915)","(115.14311558112037, 35.767673330706465)",河南省,濮阳市,277,3,15889,large,-0.0760000000000001,35,17.025024681559536
410900010160,7路(高铁公交客运中心--火车站),7,高铁公交客运中心,火车站,2025-01-20 15:04:00,2025-01-20 18:41:41,50418.0,15.27046945986875,198.10000000000002,"(115.14304645406683, 35.76764522575136)","(115.01855968601367, 35.744613863509436)",河南省,濮阳市,279,1,2903,large,0.152,34,51.017346050996956
410900010161,7路(火车站--高铁公交客运中心),7,火车站,高铁公交客运中心,2025-01-20 17:40:00,2025-01-20 18:43:16,16818.0,15.949631190727082,63.266666666666666,"(115.01865140874098, 35.74409481581915)","(115.14311558112037, 35.767673330706465)",河南省,濮阳市,272,5,15889,large,-0.0760000000000001,35,17.025024681559536
410900010160,7路(高铁公交客运中心--火车站),7,高铁公交客运中心,火车站,2025-01-20 17:41:00,2025-01-20 18:50:41,16800.0,14.465438890217651,69.68333333333334,"(115.14304645406683, 35.76764522575136)","(115.01855968601367, 35.744613863509436)",河南省,濮阳市,273,5,2903,large,0.152,34,16.936975613489597
410900010160,7路(高铁公交客运中心--火车站),7,高铁公交客运中心,火车站,2025-01-20 17:49:00,2025-01-20 18:58:41,16800.0,14.465438890217651,69.68333333333334,"(115.14304645406683, 35.76764522575136)","(115.01855968601367, 35.744613863509436)",河南省,濮阳市,261,6,2903,large,0.152,34,16.936975613489597
410900010161,7路(火车站--高铁公交客运中心),7,火车站,高铁公交客运中心,2025-01-20 17:51:00,2025-01-20 18:54:16,16818.0,15.949631190727082,63.266666666666666,"(115.01865140874098, 35.74409481581915)","(115.14311558112037, 35.767673330706465)",河南省,濮阳市,276,4,15889,large,-0.0760000000000001,35,17.025024681559536
410900010160,7路(高铁公交客运中心--火车站),7,高铁公交客运中心,火车站,2025-01-20 18:00:00,2025-01-20 19:09:41,16800.0,14.465438890217651,69.68333333333334,"(115.14304645406683, 35.76764522575136)","(115.01855968601367, 35.744613863509436)",河南省,濮阳市,275,4,2903,large,0.152,34,16.936975613489597
410900010161,7路(火车站--高铁公交客运中心),7,火车站,高铁公交客运中心,2025-01-20 16:43:00,2025-01-20 19:04:16,33618.0,15.707306943543152,128.41666666666669,"(115.14304645406683, 35.76764522575136)","(115.14311558112037, 35.767673330706465)",河南省,濮阳市,281,1,15889,large,-0.0760000000000001,35,34.08037043750735
410900010160,7路(高铁公交客运中心--火车站),7,高铁公交客运中心,火车站,2025-01-20 18:11:00,2025-01-20 19:20:41,16800.0,14.465438890217651,69.68333333333334,"(115.14304645406683, 35.76764522575136)","(115.01855968601367, 35.744613863509436)",河南省,濮阳市,267,6,2903,large,0.152,34,16.936975613489597
410900010161,7路(火车站--高铁公交客运中心),7,火车站,高铁公交客运中心,2025-01-20 18:11:00,2025-01-20 19:14:16,16818.0,15.949631190727082,63.266666666666666,"(115.01865140874098, 35.74409481581915)","(115.14311558112037, 35.767673330706465)",河南省,濮阳市,264,6,15889,large,-0.0760000000000001,35,17.025024681559536
410900010160,7路(高铁公交客运中心--火车站),7,高铁公交客运中心,火车站,2025-01-20 18:20:00,2025-01-20 19:29:41,16800.0,14.465438890217651,69.68333333333334,"(115.14304645406683, 35.76764522575136)","(115.01855968601367, 35.744613863509436)",河南省,濮阳市,280,2,2903,large,0.152,34,16.936975613489597
410900010161,7路(火车站--高铁公交客运中心),7,火车站,高铁公交客运中心,2025-01-20 18:21:00,2025-01-20 19:24:16,16818.0,15.949631190727082,63.266666666666666,"(115.01865140874098, 35.74409481581915)","(115.14311558112037, 35.767673330706465)",河南省,濮阳市,274,5,15889,large,-0.0760000000000001,35,17.025024681559536
410900010161,7路(火车站--高铁公交客运中心),7,火车站,高铁公交客运中心,2025-01-20 18:31:00,2025-01-20 19:34:16,16818.0,15.949631190727082,63.266666666666666,"(115.01865140874098, 35.74409481581915)","(115.14311558112037, 35.767673330706465)",河南省,濮阳市,271,6,15889,large,-0.0760000000000001,35,17.025024681559536
410900010160,7路(高铁公交客运中心--火车站),7,高铁公交客运中心,火车站,2025-01-20 18:31:00,2025-01-20 19:40:41,16800.0,14.465438890217651,69.68333333333334,"(115.14304645406683, 35.76764522575136)","(115.01855968601367, 35.744613863509436)",河南省,濮阳市,268,6,2903,large,0.152,34,16.936975613489597
410900010161,7路(火车站--高铁公交客运中心),7,火车站,高铁公交客运中心,2025-01-20 18:40:00,2025-01-20 19:43:16,16818.0,15.949631190727082,63.266666666666666,"(115.01865140874098, 35.74409481581915)","(115.14311558112037, 35.767673330706465)",河南省,濮阳市,278,2,15889,large,-0.0760000000000001,35,17.025024681559536
410900010160,7路(高铁公交客运中心--火车站),7,高铁公交客运中心,火车站,2025-01-20 18:41:00,2025-01-20 19:50:41,16800.0,14.465438890217651,69.68333333333334,"(115.14304645406683, 35.76764522575136)","(115.01855968601367, 35.744613863509436)",河南省,濮阳市,277,4,2903,large,0.152,34,16.936975613489597
410900010161,7路(火车站--高铁公交客运中心),7,火车站,高铁公交客运中心,2025-01-20 18:48:00,2025-01-20 19:51:16,16818.0,15.949631190727082,63.266666666666666,"(115.01865140874098, 35.74409481581915)","(115.14311558112037, 35.767673330706465)",河南省,濮阳市,279,2,15889,large,-0.0760000000000001,35,17.025024681559536
410900010161,7路(火车站--高铁公交客运中心),7,火车站,高铁公交客运中心,2025-01-20 18:50:00,2025-01-20 19:53:16,16818.0,15.949631190727082,63.266666666666666,"(115.01865140874098, 35.74409481581915)","(115.14311558112037, 35.767673330706465)",河南省,濮阳市,282,1,15889,large,-0.0760000000000001,35,17.025024681559536
410900010160,7路(高铁公交客运中心--火车站),7,高铁公交客运中心,火车站,2025-01-20 18:51:00,2025-01-20 20:00:41,16800.0,14.465438890217651,69.68333333333334,"(115.14304645406683, 35.76764522575136)","(115.01855968601367, 35.744613863509436)",河南省,濮阳市,272,6,2903,large,0.152,34,16.936975613489597
410900010160,7路(高铁公交客运中心--火车站),7,高铁公交客运中心,火车站,2025-01-20 18:59:00,2025-01-20 20:08:41,16800.0,14.465438890217651,69.68333333333334,"(115.14304645406683, 35.76764522575136)","(115.01855968601367, 35.744613863509436)",河南省,濮阳市,283,1,2903,large,0.152,34,16.936975613489597
410900010161,7路(火车站--高铁公交客运中心),7,火车站,高铁公交客运中心,2025-01-20 19:00:00,2025-01-20 20:03:16,16818.0,15.949631190727082,63.266666666666666,"(115.01865140874098, 35.74409481581915)","(115.14311558112037, 35.767673330706465)",河南省,濮阳市,273,6,15889,large,-0.0760000000000001,35,17.025024681559536
410900010161,7路(火车站--高铁公交客运中心),7,火车站,高铁公交客运中心,2025-01-20 19:20:00,2025-01-20 20:23:16,16818.0,15.949631190727082,63.266666666666666,"(115.01865140874098, 35.74409481581915)","(115.14311558112037, 35.767673330706465)",河南省,濮阳市,275,5,15889,large,-0.0760000000000001,35,17.025024681559536
410900010160,7路(高铁公交客运中心--火车站),7,高铁公交客运中心,火车站,2025-01-20 19:44:00,2025-01-20 20:49:09,16800.0,15.471987720644666,65.15,"(115.14304645406683, 35.76764522575136)","(115.01855968601367, 35.744613863509436)",河南省,濮阳市,281,2,2903,large,0.152,34,17.055345755947812
900000164097,80路(班家小镇--濮范高速管理处),80,班家小镇,濮范高速管理处,2025-01-20 07:00:00,2025-01-20 08:13:34,25469.0,20.773271272980367,73.5628,"(114.96112252170526, 35.80273337264279)","(115.11472855651611, 35.810766110940534)",河南省,濮阳市,284,1,1525,large,-0.1519999999999999,43,25.324923665156316
900000164096,80路(濮范高速管理处--班家小镇),80,濮范高速管理处,班家小镇,2025-01-20 08:08:00,2025-01-20 09:27:08,26137.0,19.81743892165122,79.13333333333334,"(115.11455642327945, 35.81053203580468)","(114.96452087601347, 35.8028423427292)",河南省,濮阳市,287,1,1295,large,0.076,39,25.390094407666382
900000164096,80路(濮范高速管理处--班家小镇),80,濮范高速管理处,班家小镇,2025-01-20 08:44:00,2025-01-20 10:03:08,26137.0,19.81743892165122,79.13333333333334,"(115.11455642327945, 35.81053203580468)","(114.96452087601347, 35.8028423427292)",河南省,濮阳市,284,2,1295,large,0.076,39,25.390094407666385
900000164097,80路(班家小镇--濮范高速管理处),80,班家小镇,濮范高速管理处,2025-01-20 09:05:00,2025-01-20 10:18:34,25469.0,20.773271272980367,73.5628,"(114.96112252170526, 35.80273337264279)","(115.11472855651611, 35.810766110940534)",河南省,濮阳市,289,1,1525,large,-0.1519999999999999,43,25.324923665156316
900000164097,80路(班家小镇--濮范高速管理处),80,班家小镇,濮范高速管理处,2025-01-20 09:37:00,2025-01-20 10:50:34,25469.0,20.772179429089263,73.5628,"(114.96112252170526, 35.80273337264279)","(115.11472855651611, 35.810766110940534)",河南省,濮阳市,287,2,1525,large,-0.1519999999999999,43,25.32492366515632
900000164097,80路(班家小镇--濮范高速管理处),80,班家小镇,濮范高速管理处,2025-01-20 07:31:00,2025-01-20 11:55:34,77075.0,20.43897198607849,226.25893333333335,"(114.96112252170526, 35.80273337264279)","(115.11472855651611, 35.810766110940534)",河南省,濮阳市,285,1,1525,large,-0.1519999999999999,43,76.03994173797902
900000164096,80路(濮范高速管理处--班家小镇),80,濮范高速管理处,班家小镇,2025-01-20 10:42:00,2025-01-20 12:01:08,26137.0,19.81743892165122,79.13333333333334,"(115.11455642327945, 35.81053203580468)","(114.96452087601347, 35.8028423427292)",河南省,濮阳市,289,2,1295,large,0.076,39,25.390094407666385
900000164097,80路(班家小镇--濮范高速管理处),80,班家小镇,濮范高速管理处,2025-01-20 08:02:00,2025-01-20 12:28:34,77075.0,20.43897198607849,226.25893333333335,"(114.96112252170526, 35.80273337264279)","(115.11472855651611, 35.810766110940534)",河南省,濮阳市,286,1,1525,large,-0.1519999999999999,43,76.03994173797902
900000164096,80路(濮范高速管理处--班家小镇),80,濮范高速管理处,班家小镇,2025-01-20 10:09:00,2025-01-20 13:03:08,51606.0,20.277920156895476,152.69613333333336,"(114.96112252170526, 35.80273337264279)","(114.96452087601347, 35.8028423427292)",河南省,濮阳市,291,1,1295,large,0.076,39,50.7150180728227
900000164097,80路(班家小镇--濮范高速管理处),80,班家小镇,濮范高速管理处,2025-01-20 08:33:00,2025-01-20 13:02:34,77075.0,20.43897198607849,226.25893333333332,"(114.96112252170526, 35.80273337264279)","(115.11472855651611, 35.810766110940534)",河南省,濮阳市,288,1,1525,large,-0.1519999999999999,43,76.03994173797902
900000164096,80路(濮范高速管理处--班家小镇),80,濮范高速管理处,班家小镇,2025-01-20 12:16:00,2025-01-20 13:35:08,26137.0,19.81743892165122,79.13333333333334,"(115.11455642327945, 35.81053203580468)","(114.96452087601347, 35.8028423427292)",河南省,濮阳市,285,2,1295,large,0.076,39,25.390094407666385
900000164096,80路(濮范高速管理处--班家小镇),80,濮范高速管理处,班家小镇,2025-01-20 12:48:00,2025-01-20 14:07:08,26137.0,19.81743892165122,79.13333333333334,"(115.11455642327945, 35.81053203580468)","(114.96452087601347, 35.8028423427292)",河南省,濮阳市,286,2,1295,large,0.076,39,25.390094407666385
900000164097,80路(班家小镇--濮范高速管理处),80,班家小镇,濮范高速管理处,2025-01-20 09:49:00,2025-01-20 14:13:34,77075.0,20.43897198607849,226.25893333333332,"(114.96112252170526, 35.80273337264279)","(115.11472855651611, 35.810766110940534)",河南省,濮阳市,290,1,1525,large,-0.1519999999999999,43,76.03994173797902
900000164096,80路(濮范高速管理处--班家小镇),80,濮范高速管理处,班家小镇,2025-01-20 13:26:00,2025-01-20 14:45:08,26137.0,19.81743892165122,79.13333333333334,"(115.11455642327945, 35.81053203580468)","(114.96452087601347, 35.8028423427292)",河南省,濮阳市,288,2,1295,large,0.076,39,25.390094407666385
900000164097,80路(班家小镇--濮范高速管理处),80,班家小镇,濮范高速管理处,2025-01-20 13:36:00,2025-01-20 14:49:34,25469.0,20.772179429089263,73.5628,"(114.96112252170526, 35.80273337264279)","(115.11472855651611, 35.810766110940534)",河南省,濮阳市,291,2,1525,large,-0.1519999999999999,43,25.32492366515632
900000164096,80路(濮范高速管理处--班家小镇),80,濮范高速管理处,班家小镇,2025-01-20 10:54:00,2025-01-20 15:20:08,77743.0,20.120738174784798,231.82946666666666,"(115.11455642327945, 35.81053203580468)","(114.96452087601347, 35.8028423427292)",河南省,濮阳市,292,1,1295,large,0.076,39,76.10511248048908
900000164096,80路(濮范高速管理处--班家小镇),80,濮范高速管理处,班家小镇,2025-01-20 14:38:00,2025-01-20 15:57:08,26137.0,19.81743892165122,79.13333333333334,"(115.11455642327945, 35.81053203580468)","(114.96452087601347, 35.8028423427292)",河南省,濮阳市,290,2,1295,large,0.076,39,25.390094407666385
900000164097,80路(班家小镇--濮范高速管理处),80,班家小镇,濮范高速管理处,2025-01-20 14:53:00,2025-01-20 16:06:34,25469.0,20.772179429089263,73.5628,"(114.96112252170526, 35.80273337264279)","(115.11472855651611, 35.810766110940534)",河南省,濮阳市,288,3,1525,large,-0.1519999999999999,43,25.32492366515632
900000164097,80路(班家小镇--濮范高速管理处),80,班家小镇,濮范高速管理处,2025-01-20 15:07:00,2025-01-20 16:20:34,25469.0,20.773271272980367,73.5628,"(114.96112252170526, 35.80273337264279)","(115.11472855651611, 35.810766110940534)",河南省,濮阳市,293,1,1525,large,-0.1519999999999999,43,25.324923665156316
900000164097,80路(班家小镇--濮范高速管理处),80,班家小镇,濮范高速管理处,2025-01-20 15:28:00,2025-01-20 16:41:34,25469.0,20.772179429089263,73.5628,"(114.96112252170526, 35.80273337264279)","(115.11472855651611, 35.810766110940534)",河南省,濮阳市,292,2,1525,large,-0.1519999999999999,43,25.32492366515632
900000164097,80路(班家小镇--濮范高速管理处),80,班家小镇,濮范高速管理处,2025-01-20 15:42:00,2025-01-20 16:55:34,25469.0,20.772179429089263,73.5628,"(114.96112252170526, 35.80273337264279)","(115.11472855651611, 35.810766110940534)",河南省,濮阳市,294,1,1525,large,-0.1519999999999999,43,25.32492366515632
900000164096,80路(濮范高速管理处--班家小镇),80,濮范高速管理处,班家小镇,2025-01-20 15:54:00,2025-01-20 17:13:08,26137.0,19.81743892165122,79.13333333333334,"(115.11455642327945, 35.81053203580468)","(114.96452087601347, 35.8028423427292)",河南省,濮阳市,291,3,1295,large,0.076,39,25.390094407666385
900000164097,80路(班家小镇--濮范高速管理处),80,班家小镇,濮范高速管理处,2025-01-20 15:56:00,2025-01-20 17:09:34,25469.0,20.773271272980367,73.5628,"(114.96112252170526, 35.80273337264279)","(115.11472855651611, 35.810766110940534)",河南省,濮阳市,295,1,1525,large,-0.1519999999999999,43,25.324923665156316
900000164096,80路(濮范高速管理处--班家小镇),80,濮范高速管理处,班家小镇,2025-01-20 16:06:00,2025-01-20 17:25:08,26137.0,19.81743892165122,79.13333333333334,"(115.11455642327945, 35.81053203580468)","(114.96452087601347, 35.8028423427292)",河南省,濮阳市,296,1,1295,large,0.076,39,25.390094407666385
900000164097,80路(班家小镇--濮范高速管理处),80,班家小镇,濮范高速管理处,2025-01-20 16:24:00,2025-01-20 17:37:34,25469.0,20.772179429089263,73.5628,"(114.96112252170526, 35.80273337264279)","(115.11472855651611, 35.810766110940534)",河南省,濮阳市,290,3,1525,large,-0.1519999999999999,43,25.32492366515632
900000164096,80路(濮范高速管理处--班家小镇),80,濮范高速管理处,班家小镇,2025-01-20 16:30:00,2025-01-20 17:49:08,26137.0,19.81743892165122,79.13333333333334,"(115.11455642327945, 35.81053203580468)","(114.96452087601347, 35.8028423427292)",河南省,濮阳市,293,2,1295,large,0.076,39,25.390094407666385
900000164096,80路(濮范高速管理处--班家小镇),80,濮范高速管理处,班家小镇,2025-01-20 16:45:00,2025-01-20 18:04:08,26137.0,19.81743892165122,79.13333333333334,"(115.11455642327945, 35.81053203580468)","(114.96452087601347, 35.8028423427292)",河南省,濮阳市,297,1,1295,large,0.076,39,25.390094407666385
900000164097,80路(班家小镇--濮范高速管理处),80,班家小镇,濮范高速管理处,2025-01-20 16:56:00,2025-01-20 18:09:34,25469.0,20.773271272980367,73.5628,"(114.96112252170526, 35.80273337264279)","(115.11472855651611, 35.810766110940534)",河南省,濮阳市,298,1,1525,large,-0.1519999999999999,43,25.324923665156316
900000164096,80路(濮范高速管理处--班家小镇),80,濮范高速管理处,班家小镇,2025-01-20 17:00:00,2025-01-20 18:19:08,26137.0,19.81743892165122,79.13333333333334,"(115.11455642327945, 35.81053203580468)","(114.96452087601347, 35.8028423427292)",河南省,濮阳市,292,3,1295,large,0.076,39,25.390094407666385
900000164097,80路(班家小镇--濮范高速管理处),80,班家小镇,濮范高速管理处,2025-01-20 17:20:00,2025-01-20 18:33:34,25469.0,20.772179429089263,73.5628,"(114.96112252170526, 35.80273337264279)","(115.11472855651611, 35.810766110940534)",河南省,濮阳市,291,4,1525,large,-0.1519999999999999,43,25.32492366515632
900000164096,80路(濮范高速管理处--班家小镇),80,濮范高速管理处,班家小镇,2025-01-20 17:30:00,2025-01-20 18:49:08,26137.0,19.81743892165122,79.13333333333334,"(115.11455642327945, 35.81053203580468)","(114.96452087601347, 35.8028423427292)",河南省,濮阳市,295,2,1295,large,0.076,39,25.390094407666385
900000164096,80路(濮范高速管理处--班家小镇),80,濮范高速管理处,班家小镇,2025-01-20 17:59:00,2025-01-20 19:18:08,26137.0,19.81743892165122,79.13333333333334,"(115.11455642327945, 35.81053203580468)","(114.96452087601347, 35.8028423427292)",河南省,濮阳市,290,4,1295,large,0.076,39,25.390094407666385
900000164096,80路(濮范高速管理处--班家小镇),80,濮范高速管理处,班家小镇,2025-01-20 18:30:00,2025-01-20 19:49:08,26137.0,19.81743892165122,79.13333333333334,"(115.11455642327945, 35.81053203580468)","(114.96452087601347, 35.8028423427292)",河南省,濮阳市,298,2,1295,large,0.076,39,25.390094407666385
900000201994,91路(高铁公交客运中心--班家小镇),91,高铁公交客运中心,班家小镇,2025-01-20 06:30:00,2025-01-20 07:37:25,20925.0,18.622991347342396,67.41666666666667,"(115.14304445029791, 35.76764522240244)","(114.96098299069617, 35.80274173264781)",河南省,濮阳市,299,1,11748,large,0.152,35,20.726692657601976
900000201994,91路(高铁公交客运中心--班家小镇),91,高铁公交客运中心,班家小镇,2025-01-20 06:30:00,2025-01-20 09:04:07,41455.0,17.153793103448276,145.0,"(114.96098299069617, 35.80274173264781)","(114.96098299069617, 35.80274173264781)",河南省,濮阳市,300,1,11748,large,0.152,35,40.675232657994066
900000201993,91路(班家小镇--高铁公交客运中心),91,班家小镇,高铁公交客运中心,2025-01-20 07:52:00,2025-01-20 09:04:31,20530.0,16.986439898873822,72.51666666666667,"(114.96098299069617, 35.80274173264781)","(115.14304445029791, 35.76764522240244)",河南省,濮阳市,299,2,15889,large,-0.152,37,20.139685277867155
900000201993,91路(班家小镇--高铁公交客运中心),91,班家小镇,高铁公交客运中心,2025-01-20 09:17:00,2025-01-20 10:28:53,20530.0,17.13610016230002,71.88333333333334,"(114.96098299069617, 35.80274173264781)","(115.14304445029791, 35.76764522240244)",河南省,濮阳市,300,2,15889,large,-0.152,37,20.16119295432413
900000201993,91路(班家小镇--高铁公交客运中心),91,班家小镇,高铁公交客运中心,2025-01-20 06:45:00,2025-01-20 12:09:53,82910.0,17.81520830846365,279.23333333333335,"(115.14304445029791, 35.76764522240244)","(115.14304445029791, 35.76764522240244)",河南省,濮阳市,301,1,15889,large,-0.152,37,81.75426354739524
900000201994,91路(高铁公交客运中心--班家小镇),91,高铁公交客运中心,班家小镇,2025-01-20 06:45:00,2025-01-20 12:06:25,82910.0,17.497713682729508,284.3,"(114.96098299069617, 35.80274173264781)","(114.96098299069617, 35.80274173264781)",河南省,濮阳市,302,1,11748,large,0.152,35,81.56311826992017
900000201993,91路(班家小镇--高铁公交客运中心),91,班家小镇,高铁公交客运中心,2025-01-20 07:01:00,2025-01-20 12:30:53,82910.0,17.458820776789892,284.93333333333334,"(115.14304445029791, 35.76764522240244)","(115.14304445029791, 35.76764522240244)",河南省,濮阳市,303,1,15889,large,-0.152,37,81.5416105934632
900000201994,91路(高铁公交客运中心--班家小镇),91,高铁公交客运中心,班家小镇,2025-01-20 07:02:00,2025-01-20 12:28:25,82910.0,17.458820776789892,284.93333333333334,"(114.96098299069617, 35.80274173264781)","(114.96098299069617, 35.80274173264781)",河南省,濮阳市,304,1,11748,large,0.152,35,81.5416105934632
900000201993,91路(班家小镇--高铁公交客运中心),91,班家小镇,高铁公交客运中心,2025-01-20 07:17:00,2025-01-20 12:52:53,82910.0,17.458820776789892,284.93333333333334,"(115.14304445029791, 35.76764522240244)","(115.14304445029791, 35.76764522240244)",河南省,濮阳市,305,1,15889,large,-0.152,37,81.5416105934632
900000201994,91路(高铁公交客运中心--班家小镇),91,高铁公交客运中心,班家小镇,2025-01-20 07:17:00,2025-01-20 12:51:25,82910.0,17.458820776789892,284.93333333333334,"(114.96098299069617, 35.80274173264781)","(114.96098299069617, 35.80274173264781)",河南省,濮阳市,306,1,11748,large,0.152,35,81.5416105934632
900000201993,91路(班家小镇--高铁公交客运中心),91,班家小镇,高铁公交客运中心,2025-01-20 07:33:00,2025-01-20 13:14:53,82910.0,17.497713682729508,284.3,"(115.14304445029791, 35.76764522240244)","(115.14304445029791, 35.76764522240244)",河南省,濮阳市,307,1,15889,large,-0.152,37,81.56311826992017
900000201994,91路(高铁公交客运中心--班家小镇),91,高铁公交客运中心,班家小镇,2025-01-20 07:36:00,2025-01-20 13:13:25,82910.0,17.81520830846365,279.23333333333335,"(114.96098299069617, 35.80274173264781)","(114.96098299069617, 35.80274173264781)",河南省,濮阳市,308,1,11748,large,0.152,35,81.75426354739524
900000201993,91路(班家小镇--高铁公交客运中心),91,班家小镇,高铁公交客运中心,2025-01-20 12:26:00,2025-01-20 13:37:53,20530.0,17.13610016230002,71.88333333333334,"(114.96098299069617, 35.80274173264781)","(115.14304445029791, 35.76764522240244)",河南省,濮阳市,302,2,15889,large,-0.152,37,20.16119295432413
900000201994,91路(高铁公交客运中心--班家小镇),91,高铁公交客运中心,班家小镇,2025-01-20 12:28:00,2025-01-20 13:35:25,20925.0,18.6229913473424,67.41666666666667,"(115.14304445029791, 35.76764522240244)","(114.96098299069617, 35.80274173264781)",河南省,濮阳市,301,2,11748,large,0.152,35,20.72669265760198
900000201993,91路(班家小镇--高铁公交客运中心),91,班家小镇,高铁公交客运中心,2025-01-20 12:48:00,2025-01-20 13:59:53,20530.0,17.13610016230002,71.88333333333334,"(114.96098299069617, 35.80274173264781)","(115.14304445029791, 35.76764522240244)",河南省,濮阳市,304,2,15889,large,-0.152,37,20.16119295432413
900000201994,91路(高铁公交客运中心--班家小镇),91,高铁公交客运中心,班家小镇,2025-01-20 12:49:00,2025-01-20 13:56:25,20925.0,18.6229913473424,67.41666666666667,"(115.14304445029791, 35.76764522240244)","(114.96098299069617, 35.80274173264781)",河南省,濮阳市,303,2,11748,large,0.152,35,20.72669265760198
900000201993,91路(班家小镇--高铁公交客运中心),91,班家小镇,高铁公交客运中心,2025-01-20 13:10:00,2025-01-20 14:21:53,20530.0,17.13610016230002,71.88333333333334,"(114.96098299069617, 35.80274173264781)","(115.14304445029791, 35.76764522240244)",河南省,濮阳市,306,2,15889,large,-0.152,37,20.16119295432413
900000201994,91路(高铁公交客运中心--班家小镇),91,高铁公交客运中心,班家小镇,2025-01-20 13:11:00,2025-01-20 14:18:25,20925.0,18.6229913473424,67.41666666666667,"(115.14304445029791, 35.76764522240244)","(114.96098299069617, 35.80274173264781)",河南省,濮阳市,305,2,11748,large,0.152,35,20.72669265760198
900000201993,91路(班家小镇--高铁公交客运中心),91,班家小镇,高铁公交客运中心,2025-01-20 13:32:00,2025-01-20 14:43:53,20530.0,17.13610016230002,71.88333333333334,"(114.96098299069617, 35.80274173264781)","(115.14304445029791, 35.76764522240244)",河南省,濮阳市,308,2,15889,large,-0.152,37,20.16119295432413
900000201994,91路(高铁公交客运中心--班家小镇),91,高铁公交客运中心,班家小镇,2025-01-20 13:33:00,2025-01-20 14:40:25,20925.0,18.6229913473424,67.41666666666667,"(115.14304445029791, 35.76764522240244)","(114.96098299069617, 35.80274173264781)",河南省,濮阳市,307,2,11748,large,0.152,35,20.72669265760198
900000201993,91路(班家小镇--高铁公交客运中心),91,班家小镇,高铁公交客运中心,2025-01-20 13:54:00,2025-01-20 15:05:53,20530.0,17.13610016230002,71.88333333333334,"(114.96098299069617, 35.80274173264781)","(115.14304445029791, 35.76764522240244)",河南省,濮阳市,301,3,15889,large,-0.152,37,20.16119295432413
900000201994,91路(高铁公交客运中心--班家小镇),91,高铁公交客运中心,班家小镇,2025-01-20 13:55:00,2025-01-20 15:02:25,20925.0,18.6229913473424,67.41666666666667,"(115.14304445029791, 35.76764522240244)","(114.96098299069617, 35.80274173264781)",河南省,濮阳市,302,3,11748,large,0.152,35,20.72669265760198
900000201993,91路(班家小镇--高铁公交客运中心),91,班家小镇,高铁公交客运中心,2025-01-20 14:16:00,2025-01-20 15:27:53,20530.0,17.13610016230002,71.88333333333334,"(114.96098299069617, 35.80274173264781)","(115.14304445029791, 35.76764522240244)",河南省,濮阳市,303,3,15889,large,-0.152,37,20.16119295432413
900000201994,91路(高铁公交客运中心--班家小镇),91,高铁公交客运中心,班家小镇,2025-01-20 14:17:00,2025-01-20 15:24:25,20925.0,18.6229913473424,67.41666666666667,"(115.14304445029791, 35.76764522240244)","(114.96098299069617, 35.80274173264781)",河南省,濮阳市,304,3,11748,large,0.152,35,20.72669265760198
900000201994,91路(高铁公交客运中心--班家小镇),91,高铁公交客运中心,班家小镇,2025-01-20 14:34:00,2025-01-20 15:41:25,20925.0,18.6229913473424,67.41666666666667,"(115.14304445029791, 35.76764522240244)","(114.96098299069617, 35.80274173264781)",河南省,濮阳市,306,3,11748,large,0.152,35,20.72669265760198
900000201993,91路(班家小镇--高铁公交客运中心),91,班家小镇,高铁公交客运中心,2025-01-20 14:37:00,2025-01-20 15:48:53,20530.0,17.13610016230002,71.88333333333334,"(114.96098299069617, 35.80274173264781)","(115.14304445029791, 35.76764522240244)",河南省,濮阳市,305,3,15889,large,-0.152,37,20.16119295432413
900000201994,91路(高铁公交客运中心--班家小镇),91,高铁公交客运中心,班家小镇,2025-01-20 14:52:00,2025-01-20 15:59:25,20925.0,18.6229913473424,67.41666666666667,"(115.14304445029791, 35.76764522240244)","(114.96098299069617, 35.80274173264781)",河南省,濮阳市,308,3,11748,large,0.152,35,20.72669265760198
900000201993,91路(班家小镇--高铁公交客运中心),91,班家小镇,高铁公交客运中心,2025-01-20 14:59:00,2025-01-20 16:10:53,20530.0,17.13610016230002,71.88333333333334,"(114.96098299069617, 35.80274173264781)","(115.14304445029791, 35.76764522240244)",河南省,濮阳市,307,3,15889,large,-0.152,37,20.16119295432413
900000201993,91路(班家小镇--高铁公交客运中心),91,班家小镇,高铁公交客运中心,2025-01-20 15:21:00,2025-01-20 16:32:53,20530.0,17.13610016230002,71.88333333333334,"(114.96098299069617, 35.80274173264781)","(115.14304445029791, 35.76764522240244)",河南省,濮阳市,302,4,15889,large,-0.152,37,20.16119295432413
900000201994,91路(高铁公交客运中心--班家小镇),91,高铁公交客运中心,班家小镇,2025-01-20 15:25:00,2025-01-20 16:32:25,20925.0,18.6229913473424,67.41666666666667,"(115.14304445029791, 35.76764522240244)","(114.96098299069617, 35.80274173264781)",河南省,濮阳市,301,4,11748,large,0.152,35,20.72669265760198
900000201993,91路(班家小镇--高铁公交客运中心),91,班家小镇,高铁公交客运中心,2025-01-20 15:39:00,2025-01-20 16:50:53,20530.0,17.13610016230002,71.88333333333334,"(114.96098299069617, 35.80274173264781)","(115.14304445029791, 35.76764522240244)",河南省,濮阳市,304,4,15889,large,-0.152,37,20.16119295432413
900000201994,91路(高铁公交客运中心--班家小镇),91,高铁公交客运中心,班家小镇,2025-01-20 15:42:00,2025-01-20 16:49:25,20925.0,18.6229913473424,67.41666666666667,"(115.14304445029791, 35.76764522240244)","(114.96098299069617, 35.80274173264781)",河南省,濮阳市,303,4,11748,large,0.152,35,20.72669265760198
900000201993,91路(班家小镇--高铁公交客运中心),91,班家小镇,高铁公交客运中心,2025-01-20 15:56:00,2025-01-20 17:07:53,20530.0,17.13610016230002,71.88333333333334,"(114.96098299069617, 35.80274173264781)","(115.14304445029791, 35.76764522240244)",河南省,濮阳市,306,4,15889,large,-0.152,37,20.16119295432413
900000201994,91路(高铁公交客运中心--班家小镇),91,高铁公交客运中心,班家小镇,2025-01-20 15:59:00,2025-01-20 17:06:25,20925.0,18.6229913473424,67.41666666666667,"(115.14304445029791, 35.76764522240244)","(114.96098299069617, 35.80274173264781)",河南省,濮阳市,305,4,11748,large,0.152,35,20.72669265760198
900000201993,91路(班家小镇--高铁公交客运中心),91,班家小镇,高铁公交客运中心,2025-01-20 16:16:00,2025-01-20 17:27:53,20530.0,17.13610016230002,71.88333333333334,"(114.96098299069617, 35.80274173264781)","(115.14304445029791, 35.76764522240244)",河南省,濮阳市,308,4,15889,large,-0.152,37,20.16119295432413
900000201994,91路(高铁公交客运中心--班家小镇),91,高铁公交客运中心,班家小镇,2025-01-20 16:17:00,2025-01-20 17:24:25,20925.0,18.6229913473424,67.41666666666667,"(115.14304445029791, 35.76764522240244)","(114.96098299069617, 35.80274173264781)",河南省,濮阳市,307,4,11748,large,0.152,35,20.72669265760198
900000201993,91路(班家小镇--高铁公交客运中心),91,班家小镇,高铁公交客运中心,2025-01-20 15:09:00,2025-01-20 17:46:53,41455.0,17.855707106963386,139.3,"(115.14304445029791, 35.76764522240244)","(115.14304445029791, 35.76764522240244)",河南省,濮阳市,309,1,15889,large,-0.152,37,40.88788561192611
900000201994,91路(高铁公交客运中心--班家小镇),91,高铁公交客运中心,班家小镇,2025-01-20 16:35:00,2025-01-20 17:42:25,20925.0,18.622991347342396,67.41666666666667,"(115.14304445029791, 35.76764522240244)","(114.96098299069617, 35.80274173264781)",河南省,濮阳市,310,1,11748,large,0.152,35,20.726692657601976
900000201993,91路(班家小镇--高铁公交客运中心),91,班家小镇,高铁公交客运中心,2025-01-20 16:55:00,2025-01-20 18:06:53,20530.0,17.13610016230002,71.88333333333334,"(114.96098299069617, 35.80274173264781)","(115.14304445029791, 35.76764522240244)",河南省,濮阳市,303,5,15889,large,-0.152,37,20.16119295432413
900000201994,91路(高铁公交客运中心--班家小镇),91,高铁公交客运中心,班家小镇,2025-01-20 16:56:00,2025-01-20 18:03:25,20925.0,18.6229913473424,67.41666666666667,"(115.14304445029791, 35.76764522240244)","(114.96098299069617, 35.80274173264781)",河南省,濮阳市,304,5,11748,large,0.152,35,20.72669265760198
900000201993,91路(班家小镇--高铁公交客运中心),91,班家小镇,高铁公交客运中心,2025-01-20 17:15:00,2025-01-20 18:27:31,20530.0,16.986439898873822,72.51666666666667,"(114.96098299069617, 35.80274173264781)","(115.14304445029791, 35.76764522240244)",河南省,濮阳市,305,5,15889,large,-0.152,37,20.139685277867155
900000201994,91路(高铁公交客运中心--班家小镇),91,高铁公交客运中心,班家小镇,2025-01-20 17:16:00,2025-01-20 18:29:07,20925.0,17.171187599726466,73.11666666666666,"(115.14304445029791, 35.76764522240244)","(114.96098299069617, 35.80274173264781)",河南省,濮阳市,306,5,11748,large,0.152,35,20.514039703669937
900000201993,91路(班家小镇--高铁公交客运中心),91,班家小镇,高铁公交客运中心,2025-01-20 17:35:00,2025-01-20 18:47:31,20530.0,16.986439898873822,72.51666666666667,"(114.96098299069617, 35.80274173264781)","(115.14304445029791, 35.76764522240244)",河南省,濮阳市,307,5,15889,large,-0.152,37,20.139685277867155
900000201994,91路(高铁公交客运中心--班家小镇),91,高铁公交客运中心,班家小镇,2025-01-20 17:36:00,2025-01-20 18:49:07,20925.0,17.171187599726466,73.11666666666666,"(115.14304445029791, 35.76764522240244)","(114.96098299069617, 35.80274173264781)",河南省,濮阳市,308,5,11748,large,0.152,35,20.514039703669937
900000201993,91路(班家小镇--高铁公交客运中心),91,班家小镇,高铁公交客运中心,2025-01-20 17:49:00,2025-01-20 19:01:31,20530.0,16.986439898873822,72.51666666666667,"(114.96098299069617, 35.80274173264781)","(115.14304445029791, 35.76764522240244)",河南省,濮阳市,310,2,15889,large,-0.152,37,20.139685277867155
900000201994,91路(高铁公交客运中心--班家小镇),91,高铁公交客运中心,班家小镇,2025-01-20 17:51:00,2025-01-20 19:04:07,20925.0,17.171187599726466,73.11666666666666,"(115.14304445029791, 35.76764522240244)","(114.96098299069617, 35.80274173264781)",河南省,濮阳市,311,1,11748,large,0.152,35,20.514039703669937
900000201993,91路(班家小镇--高铁公交客运中心),91,班家小镇,高铁公交客运中心,2025-01-20 18:04:00,2025-01-20 19:16:31,20530.0,16.986439898873822,72.51666666666667,"(114.96098299069617, 35.80274173264781)","(115.14304445029791, 35.76764522240244)",河南省,濮阳市,312,1,15889,large,-0.152,37,20.139685277867155
900000201994,91路(高铁公交客运中心--班家小镇),91,高铁公交客运中心,班家小镇,2025-01-20 18:07:00,2025-01-20 19:20:07,20925.0,17.171187599726466,73.11666666666666,"(115.14304445029791, 35.76764522240244)","(114.96098299069617, 35.80274173264781)",河南省,濮阳市,309,2,11748,large,0.152,35,20.514039703669937
900000201993,91路(班家小镇--高铁公交客运中心),91,班家小镇,高铁公交客运中心,2025-01-20 18:21:00,2025-01-20 19:33:31,20530.0,16.986439898873822,72.51666666666667,"(114.96098299069617, 35.80274173264781)","(115.14304445029791, 35.76764522240244)",河南省,濮阳市,304,6,15889,large,-0.152,37,20.139685277867155
900000201994,91路(高铁公交客运中心--班家小镇),91,高铁公交客运中心,班家小镇,2025-01-20 18:23:00,2025-01-20 19:36:07,20925.0,17.171187599726466,73.11666666666666,"(115.14304445029791, 35.76764522240244)","(114.96098299069617, 35.80274173264781)",河南省,濮阳市,303,6,11748,large,0.152,35,20.514039703669937
900000201993,91路(班家小镇--高铁公交客运中心),91,班家小镇,高铁公交客运中心,2025-01-20 18:40:00,2025-01-20 19:52:31,20530.0,16.986439898873822,72.51666666666667,"(114.96098299069617, 35.80274173264781)","(115.14304445029791, 35.76764522240244)",河南省,濮阳市,306,6,15889,large,-0.152,37,20.139685277867155
900000201994,91路(高铁公交客运中心--班家小镇),91,高铁公交客运中心,班家小镇,2025-01-20 18:41:00,2025-01-20 19:54:07,20925.0,17.171187599726466,73.11666666666666,"(115.14304445029791, 35.76764522240244)","(114.96098299069617, 35.80274173264781)",河南省,濮阳市,305,6,11748,large,0.152,35,20.514039703669937
900000201994,91路(高铁公交客运中心--班家小镇),91,高铁公交客运中心,班家小镇,2025-01-20 18:59:00,2025-01-20 20:12:07,20925.0,17.171187599726466,73.11666666666666,"(115.14304445029791, 35.76764522240244)","(114.96098299069617, 35.80274173264781)",河南省,濮阳市,307,6,11748,large,0.152,35,20.514039703669937
900000201993,91路(班家小镇--高铁公交客运中心),91,班家小镇,高铁公交客运中心,2025-01-20 18:59:00,2025-01-20 20:11:31,20530.0,16.986439898873822,72.51666666666667,"(114.96098299069617, 35.80274173264781)","(115.14304445029791, 35.76764522240244)",河南省,濮阳市,308,6,15889,large,-0.152,37,20.139685277867155
900000198344,K1路(皇甫--高铁公交客运中心),K1,皇甫,高铁公交客运中心,2025-01-20 06:56:00,2025-01-20 08:03:03,22007.0,19.693064876957497,67.05,"(114.92168207146369, 35.780020773981924)","(115.14304445029791, 35.76764522240244)",河南省,濮阳市,317,1,15889,large,-0.3039999999999999,18,19.091768551230427
900000198345,K1路(高铁公交客运中心--皇甫),K1,高铁公交客运中心,皇甫,2025-01-20 07:10:00,2025-01-20 08:16:09,21964.0,19.92199546485261,66.14999999999999,"(115.14304445029791, 35.76764522240244)","(114.92173800454383, 35.779819783699104)",河南省,濮阳市,320,1,13073,large,0.3039999999999998,18,19.701570158730156
900000198344,K1路(皇甫--高铁公交客运中心),K1,皇甫,高铁公交客运中心,2025-01-20 06:30:00,2025-01-20 08:42:40,43971.0,21.04434990693964,125.36666666666667,"(115.14304445029791, 35.76764522240244)","(115.14304445029791, 35.76764522240244)",河南省,濮阳市,313,1,15889,large,-0.3039999999999999,18,39.21425447022888
900000198344,K1路(皇甫--高铁公交客运中心),K1,皇甫,高铁公交客运中心,2025-01-20 08:17:00,2025-01-20 09:24:40,22007.0,19.5135960591133,67.66666666666667,"(114.92168207146369, 35.780020773981924)","(115.14304445029791, 35.76764522240244)",河南省,濮阳市,324,1,15889,large,-0.3039999999999999,18,19.064121559310344
900000198344,K1路(皇甫--高铁公交客运中心),K1,皇甫,高铁公交客运中心,2025-01-20 08:24:00,2025-01-20 09:31:40,22007.0,19.5135960591133,67.66666666666667,"(114.92168207146369, 35.780020773981924)","(115.14304445029791, 35.76764522240244)",河南省,濮阳市,320,2,15889,large,-0.3039999999999999,18,19.064121559310344
900000198345,K1路(高铁公交客运中心--皇甫),K1,高铁公交客运中心,皇甫,2025-01-20 07:21:00,2025-01-20 09:45:09,43971.0,19.715481379997506,133.81666666666666,"(114.92168207146369, 35.780020773981924)","(114.92173800454383, 35.779819783699104)",河南省,濮阳市,321,1,13073,large,0.3039999999999998,18,38.7656917180405
900000198345,K1路(高铁公交客运中心--皇甫),K1,高铁公交客运中心,皇甫,2025-01-20 08:55:00,2025-01-20 10:01:09,21964.0,19.921995464852607,66.15,"(115.14304445029791, 35.76764522240244)","(114.92173800454383, 35.779819783699104)",河南省,濮阳市,313,2,13073,large,0.3039999999999998,18,19.701570158730156
900000198344,K1路(皇甫--高铁公交客运中心),K1,皇甫,高铁公交客运中心,2025-01-20 10:01:00,2025-01-20 11:08:03,22007.0,19.693064876957497,67.05,"(114.92168207146369, 35.780020773981924)","(115.14304445029791, 35.76764522240244)",河南省,濮阳市,321,2,15889,large,-0.3039999999999999,18,19.091768551230427
900000198344,K1路(皇甫--高铁公交客运中心),K1,皇甫,高铁公交客运中心,2025-01-20 06:43:00,2025-01-20 11:23:03,87942.0,21.096235090291195,250.11666666666667,"(115.14304445029791, 35.76764522240244)","(115.14304445029791, 35.76764522240244)",河南省,濮阳市,316,1,15889,large,-0.3039999999999999,18,78.45615593237787
900000198345,K1路(高铁公交客运中心--皇甫),K1,高铁公交客运中心,皇甫,2025-01-20 06:30:00,2025-01-20 11:28:42,87942.0,20.455592169025003,257.95,"(114.92168207146369, 35.780020773981924)","(114.92173800454383, 35.779819783699104)",河南省,濮阳市,314,1,13073,large,0.3039999999999998,18,78.03524017210955
900000198344,K1路(皇甫--高铁公交客运中心),K1,皇甫,高铁公交客运中心,2025-01-20 06:57:00,2025-01-20 11:39:03,87942.0,21.096235090291195,250.11666666666667,"(115.14304445029791, 35.76764522240244)","(115.14304445029791, 35.76764522240244)",河南省,濮阳市,318,1,15889,large,-0.3039999999999999,18,78.45615593237787
900000198345,K1路(高铁公交客运中心--皇甫),K1,高铁公交客运中心,皇甫,2025-01-20 06:43:00,2025-01-20 11:44:42,87942.0,20.455592169025003,257.95,"(114.92168207146369, 35.780020773981924)","(114.92173800454383, 35.779819783699104)",河南省,濮阳市,315,1,13073,large,0.3039999999999998,18,78.03524017210955
900000198345,K1路(高铁公交客运中心--皇甫),K1,高铁公交客运中心,皇甫,2025-01-20 07:08:00,2025-01-20 11:59:42,87942.0,20.40680675518886,258.56666666666666,"(114.92168207146369, 35.780020773981924)","(114.92173800454383, 35.779819783699104)",河南省,濮阳市,319,1,13073,large,0.3039999999999998,18,78.00759318018947
900000198344,K1路(皇甫--高铁公交客运中心),K1,皇甫,高铁公交客运中心,2025-01-20 07:25:00,2025-01-20 12:12:03,87942.0,20.40680675518886,258.56666666666666,"(115.14304445029791, 35.76764522240244)","(115.14304445029791, 35.76764522240244)",河南省,濮阳市,322,1,15889,large,-0.3039999999999999,18,78.00759318018947
900000198344,K1路(皇甫--高铁公交客运中心),K1,皇甫,高铁公交客运中心,2025-01-20 07:39:00,2025-01-20 12:28:03,87942.0,20.455592169025003,257.95,"(115.14304445029791, 35.76764522240244)","(115.14304445029791, 35.76764522240244)",河南省,濮阳市,323,1,15889,large,-0.3039999999999999,18,78.03524017210955
900000198345,K1路(高铁公交客运中心--皇甫),K1,高铁公交客运中心,皇甫,2025-01-20 11:35:00,2025-01-20 12:32:42,21964.0,22.83951473136915,57.7,"(115.14304445029791, 35.76764522240244)","(114.92173800454383, 35.779819783699104)",河南省,濮阳市,316,2,13073,large,0.3039999999999998,18,20.15013291091854
900000198344,K1路(皇甫--高铁公交客运中心),K1,皇甫,高铁公交客运中心,2025-01-20 11:37:00,2025-01-20 12:44:03,22007.0,19.693064876957497,67.05,"(114.92168207146369, 35.780020773981924)","(115.14304445029791, 35.76764522240244)",河南省,濮阳市,314,2,15889,large,-0.3039999999999999,18,19.091768551230427
900000198345,K1路(高铁公交客运中心--皇甫),K1,高铁公交客运中心,皇甫,2025-01-20 11:52:00,2025-01-20 12:49:42,21964.0,22.83951473136915,57.7,"(115.14304445029791, 35.76764522240244)","(114.92173800454383, 35.779819783699104)",河南省,濮阳市,318,2,13073,large,0.3039999999999998,18,20.15013291091854
900000198344,K1路(皇甫--高铁公交客运中心),K1,皇甫,高铁公交客运中心,2025-01-20 11:55:00,2025-01-20 13:02:03,22007.0,19.693064876957497,67.05,"(114.92168207146369, 35.780020773981924)","(115.14304445029791, 35.76764522240244)",河南省,濮阳市,315,2,15889,large,-0.3039999999999999,18,19.091768551230427
900000198345,K1路(高铁公交客运中心--皇甫),K1,高铁公交客运中心,皇甫,2025-01-20 08:30:00,2025-01-20 13:05:42,87942.0,21.096235090291195,250.11666666666667,"(114.92168207146369, 35.780020773981924)","(114.92173800454383, 35.779819783699104)",河南省,濮阳市,325,1,13073,large,0.3039999999999998,18,78.45615593237787
900000198344,K1路(皇甫--高铁公交客运中心),K1,皇甫,高铁公交客运中心,2025-01-20 12:11:00,2025-01-20 13:18:03,22007.0,19.693064876957497,67.05,"(114.92168207146369, 35.780020773981924)","(115.14304445029791, 35.76764522240244)",河南省,濮阳市,319,2,15889,large,-0.3039999999999999,18,19.091768551230427
900000198345,K1路(高铁公交客运中心--皇甫),K1,高铁公交客运中心,皇甫,2025-01-20 12:26:00,2025-01-20 13:23:42,21964.0,22.83951473136915,57.7,"(115.14304445029791, 35.76764522240244)","(114.92173800454383, 35.779819783699104)",河南省,濮阳市,322,2,13073,large,0.3039999999999998,18,20.15013291091854
900000198345,K1路(高铁公交客运中心--皇甫),K1,高铁公交客运中心,皇甫,2025-01-20 12:42:00,2025-01-20 13:39:42,21964.0,22.83951473136915,57.7,"(115.14304445029791, 35.76764522240244)","(114.92173800454383, 35.779819783699104)",河南省,濮阳市,323,2,13073,large,0.3039999999999998,18,20.15013291091854
900000198344,K1路(皇甫--高铁公交客运中心),K1,皇甫,高铁公交客运中心,2025-01-20 12:46:00,2025-01-20 13:53:03,22007.0,19.693064876957497,67.05,"(114.92168207146369, 35.780020773981924)","(115.14304445029791, 35.76764522240244)",河南省,濮阳市,316,3,15889,large,-0.3039999999999999,18,19.091768551230427
900000198345,K1路(高铁公交客运中心--皇甫),K1,高铁公交客运中心,皇甫,2025-01-20 13:00:00,2025-01-20 13:57:42,21964.0,22.83951473136915,57.7,"(115.14304445029791, 35.76764522240244)","(114.92173800454383, 35.779819783699104)",河南省,濮阳市,314,3,13073,large,0.3039999999999998,18,20.15013291091854
900000198344,K1路(皇甫--高铁公交客运中心),K1,皇甫,高铁公交客运中心,2025-01-20 13:03:00,2025-01-20 14:10:03,22007.0,19.693064876957497,67.05,"(114.92168207146369, 35.780020773981924)","(115.14304445029791, 35.76764522240244)",河南省,濮阳市,318,3,15889,large,-0.3039999999999999,18,19.091768551230427
900000198345,K1路(高铁公交客运中心--皇甫),K1,高铁公交客运中心,皇甫,2025-01-20 13:17:00,2025-01-20 14:14:42,21964.0,22.83951473136915,57.7,"(115.14304445029791, 35.76764522240244)","(114.92173800454383, 35.779819783699104)",河南省,濮阳市,315,3,13073,large,0.3039999999999998,18,20.15013291091854
900000198344,K1路(皇甫--高铁公交客运中心),K1,皇甫,高铁公交客运中心,2025-01-20 13:19:00,2025-01-20 14:26:03,22007.0,19.693064876957497,67.05,"(114.92168207146369, 35.780020773981924)","(115.14304445029791, 35.76764522240244)",河南省,濮阳市,325,2,15889,large,-0.3039999999999999,18,19.091768551230427
900000198345,K1路(高铁公交客运中心--皇甫),K1,高铁公交客运中心,皇甫,2025-01-20 13:34:00,2025-01-20 14:31:42,21964.0,22.83951473136915,57.7,"(115.14304445029791, 35.76764522240244)","(114.92173800454383, 35.779819783699104)",河南省,濮阳市,319,3,13073,large,0.3039999999999998,18,20.15013291091854
900000198344,K1路(皇甫--高铁公交客运中心),K1,皇甫,高铁公交客运中心,2025-01-20 13:37:00,2025-01-20 14:44:03,22007.0,19.693064876957497,67.05,"(114.92168207146369, 35.780020773981924)","(115.14304445029791, 35.76764522240244)",河南省,濮阳市,322,3,15889,large,-0.3039999999999999,18,19.091768551230427
900000198345,K1路(高铁公交客运中心--皇甫),K1,高铁公交客运中心,皇甫,2025-01-20 09:50:00,2025-01-20 14:47:42,87942.0,21.148376753507012,249.5,"(114.92168207146369, 35.780020773981924)","(114.92173800454383, 35.779819783699104)",河南省,濮阳市,326,1,13073,large,0.3039999999999998,18,78.48380292429795
900000198344,K1路(皇甫--高铁公交客运中心),K1,皇甫,高铁公交客运中心,2025-01-20 13:53:00,2025-01-20 15:00:03,22007.0,19.693064876957497,67.05,"(114.92168207146369, 35.780020773981924)","(115.14304445029791, 35.76764522240244)",河南省,濮阳市,323,3,15889,large,-0.3039999999999999,18,19.091768551230427
900000198345,K1路(高铁公交客运中心--皇甫),K1,高铁公交客运中心,皇甫,2025-01-20 14:08:00,2025-01-20 15:05:42,21964.0,22.83951473136915,57.7,"(115.14304445029791, 35.76764522240244)","(114.92173800454383, 35.779819783699104)",河南省,濮阳市,316,4,13073,large,0.3039999999999998,18,20.15013291091854
900000198344,K1路(皇甫--高铁公交客运中心),K1,皇甫,高铁公交客运中心,2025-01-20 14:11:00,2025-01-20 15:18:03,22007.0,19.693064876957497,67.05,"(114.92168207146369, 35.780020773981924)","(115.14304445029791, 35.76764522240244)",河南省,濮阳市,314,4,15889,large,-0.3039999999999999,18,19.091768551230427
900000198345,K1路(高铁公交客运中心--皇甫),K1,高铁公交客运中心,皇甫,2025-01-20 14:23:00,2025-01-20 15:20:42,21964.0,22.83951473136915,57.7,"(115.14304445029791, 35.76764522240244)","(114.92173800454383, 35.779819783699104)",河南省,濮阳市,318,4,13073,large,0.3039999999999998,18,20.15013291091854
900000198344,K1路(皇甫--高铁公交客运中心),K1,皇甫,高铁公交客运中心,2025-01-20 14:27:00,2025-01-20 15:34:03,22007.0,19.693064876957497,67.05,"(114.92168207146369, 35.780020773981924)","(115.14304445029791, 35.76764522240244)",河南省,濮阳市,315,4,15889,large,-0.3039999999999999,18,19.091768551230427
900000198345,K1路(高铁公交客运中心--皇甫),K1,高铁公交客运中心,皇甫,2025-01-20 14:37:00,2025-01-20 15:34:42,21964.0,22.83951473136915,57.7,"(115.14304445029791, 35.76764522240244)","(114.92173800454383, 35.779819783699104)",河南省,濮阳市,325,3,13073,large,0.3039999999999998,18,20.15013291091854
900000198344,K1路(皇甫--高铁公交客运中心),K1,皇甫,高铁公交客运中心,2025-01-20 14:42:00,2025-01-20 15:49:03,22007.0,19.693064876957497,67.05,"(114.92168207146369, 35.780020773981924)","(115.14304445029791, 35.76764522240244)",河南省,濮阳市,319,4,15889,large,-0.3039999999999999,18,19.091768551230427
900000198345,K1路(高铁公交客运中心--皇甫),K1,高铁公交客运中心,皇甫,2025-01-20 14:53:00,2025-01-20 15:50:42,21964.0,22.83951473136915,57.7,"(115.14304445029791, 35.76764522240244)","(114.92173800454383, 35.779819783699104)",河南省,濮阳市,322,4,13073,large,0.3039999999999998,18,20.15013291091854
900000198344,K1路(皇甫--高铁公交客运中心),K1,皇甫,高铁公交客运中心,2025-01-20 14:58:00,2025-01-20 16:05:03,22007.0,19.693064876957497,67.05,"(114.92168207146369, 35.780020773981924)","(115.14304445029791, 35.76764522240244)",河南省,濮阳市,326,2,15889,large,-0.3039999999999999,18,19.091768551230427
900000198345,K1路(高铁公交客运中心--皇甫),K1,高铁公交客运中心,皇甫,2025-01-20 15:08:00,2025-01-20 16:05:42,21964.0,22.83951473136915,57.7,"(115.14304445029791, 35.76764522240244)","(114.92173800454383, 35.779819783699104)",河南省,濮阳市,323,4,13073,large,0.3039999999999998,18,20.15013291091854
900000198344,K1路(皇甫--高铁公交客运中心),K1,皇甫,高铁公交客运中心,2025-01-20 15:14:00,2025-01-20 16:21:03,22007.0,19.693064876957497,67.05,"(114.92168207146369, 35.780020773981924)","(115.14304445029791, 35.76764522240244)",河南省,濮阳市,316,5,15889,large,-0.3039999999999999,18,19.091768551230427
900000198344,K1路(皇甫--高铁公交客运中心),K1,皇甫,高铁公交客运中心,2025-01-20 15:30:00,2025-01-20 16:37:03,22007.0,19.693064876957497,67.05,"(114.92168207146369, 35.780020773981924)","(115.14304445029791, 35.76764522240244)",河南省,濮阳市,318,5,15889,large,-0.3039999999999999,18,19.091768551230427
900000198345,K1路(高铁公交客运中心--皇甫),K1,高铁公交客运中心,皇甫,2025-01-20 15:38:00,2025-01-20 16:35:42,21964.0,22.83951473136915,57.7,"(115.14304445029791, 35.76764522240244)","(114.92173800454383, 35.779819783699104)",河南省,濮阳市,314,5,13073,large,0.3039999999999998,18,20.15013291091854
900000198344,K1路(皇甫--高铁公交客运中心),K1,皇甫,高铁公交客运中心,2025-01-20 15:47:00,2025-01-20 16:54:03,22007.0,19.693064876957497,67.05,"(114.92168207146369, 35.780020773981924)","(115.14304445029791, 35.76764522240244)",河南省,濮阳市,325,4,15889,large,-0.3039999999999999,18,19.091768551230427
900000198345,K1路(高铁公交客运中心--皇甫),K1,高铁公交客运中心,皇甫,2025-01-20 15:53:00,2025-01-20 16:50:42,21964.0,22.83951473136915,57.7,"(115.14304445029791, 35.76764522240244)","(114.92173800454383, 35.779819783699104)",河南省,濮阳市,315,5,13073,large,0.3039999999999998,18,20.15013291091854
900000198344,K1路(皇甫--高铁公交客运中心),K1,皇甫,高铁公交客运中心,2025-01-20 16:02:00,2025-01-20 17:09:03,22007.0,19.693064876957497,67.05,"(114.92168207146369, 35.780020773981924)","(115.14304445029791, 35.76764522240244)",河南省,濮阳市,322,5,15889,large,-0.3039999999999999,18,19.091768551230427
900000198345,K1路(高铁公交客运中心--皇甫),K1,高铁公交客运中心,皇甫,2025-01-20 16:08:00,2025-01-20 17:05:42,21964.0,22.83951473136915,57.7,"(115.14304445029791, 35.76764522240244)","(114.92173800454383, 35.779819783699104)",河南省,濮阳市,319,5,13073,large,0.3039999999999998,18,20.15013291091854
900000198344,K1路(皇甫--高铁公交客运中心),K1,皇甫,高铁公交客运中心,2025-01-20 16:19:00,2025-01-20 17:26:03,22007.0,19.693064876957497,67.05,"(114.92168207146369, 35.780020773981924)","(115.14304445029791, 35.76764522240244)",河南省,濮阳市,323,5,15889,large,-0.3039999999999999,18,19.091768551230427
900000198345,K1路(高铁公交客运中心--皇甫),K1,高铁公交客运中心,皇甫,2025-01-20 16:22:00,2025-01-20 17:19:42,21964.0,22.83951473136915,57.7,"(115.14304445029791, 35.76764522240244)","(114.92173800454383, 35.779819783699104)",河南省,濮阳市,326,3,13073,large,0.3039999999999998,18,20.15013291091854
900000198344,K1路(皇甫--高铁公交客运中心),K1,皇甫,高铁公交客运中心,2025-01-20 15:22:00,2025-01-20 17:42:03,43971.0,21.148376753507012,124.75,"(115.14304445029791, 35.76764522240244)","(115.14304445029791, 35.76764522240244)",河南省,濮阳市,327,1,15889,large,-0.3039999999999999,18,39.24190146214897
900000198345,K1路(高铁公交客运中心--皇甫),K1,高铁公交客运中心,皇甫,2025-01-20 16:38:00,2025-01-20 17:35:42,21964.0,22.83951473136915,57.7,"(115.14304445029791, 35.76764522240244)","(114.92173800454383, 35.779819783699104)",河南省,濮阳市,316,6,13073,large,0.3039999999999998,18,20.15013291091854
900000198344,K1路(皇甫--高铁公交客运中心),K1,皇甫,高铁公交客运中心,2025-01-20 16:50:00,2025-01-20 17:57:03,22007.0,19.693064876957497,67.05,"(114.92168207146369, 35.780020773981924)","(115.14304445029791, 35.76764522240244)",河南省,濮阳市,314,6,15889,large,-0.3039999999999999,18,19.091768551230427
900000198345,K1路(高铁公交客运中心--皇甫),K1,高铁公交客运中心,皇甫,2025-01-20 16:53:00,2025-01-20 17:50:42,21964.0,22.83951473136915,57.7,"(115.14304445029791, 35.76764522240244)","(114.92173800454383, 35.779819783699104)",河南省,濮阳市,318,6,13073,large,0.3039999999999998,18,20.15013291091854
900000198344,K1路(皇甫--高铁公交客运中心),K1,皇甫,高铁公交客运中心,2025-01-20 17:05:00,2025-01-20 18:12:40,22007.0,19.5135960591133,67.66666666666667,"(114.92168207146369, 35.780020773981924)","(115.14304445029791, 35.76764522240244)",河南省,濮阳市,315,6,15889,large,-0.3039999999999999,18,19.064121559310344
900000198345,K1路(高铁公交客运中心--皇甫),K1,高铁公交客运中心,皇甫,2025-01-20 17:07:00,2025-01-20 18:13:09,21964.0,19.921995464852607,66.15,"(115.14304445029791, 35.76764522240244)","(114.92173800454383, 35.779819783699104)",河南省,濮阳市,325,5,13073,large,0.3039999999999998,18,19.701570158730156
900000198344,K1路(皇甫--高铁公交客运中心),K1,皇甫,高铁公交客运中心,2025-01-20 17:19:00,2025-01-20 18:26:40,22007.0,19.5135960591133,67.66666666666667,"(114.92168207146369, 35.780020773981924)","(115.14304445029791, 35.76764522240244)",河南省,濮阳市,319,6,15889,large,-0.3039999999999999,18,19.064121559310344
900000198345,K1路(高铁公交客运中心--皇甫),K1,高铁公交客运中心,皇甫,2025-01-20 17:20:00,2025-01-20 18:26:09,21964.0,19.921995464852607,66.15,"(115.14304445029791, 35.76764522240244)","(114.92173800454383, 35.779819783699104)",河南省,濮阳市,322,6,13073,large,0.3039999999999998,18,19.701570158730156
900000198344,K1路(皇甫--高铁公交客运中心),K1,皇甫,高铁公交客运中心,2025-01-20 17:32:00,2025-01-20 18:39:40,22007.0,19.5135960591133,67.66666666666667,"(114.92168207146369, 35.780020773981924)","(115.14304445029791, 35.76764522240244)",河南省,濮阳市,326,4,15889,large,-0.3039999999999999,18,19.064121559310344
900000198345,K1路(高铁公交客运中心--皇甫),K1,高铁公交客运中心,皇甫,2025-01-20 17:34:00,2025-01-20 18:40:09,21964.0,19.921995464852607,66.15,"(115.14304445029791, 35.76764522240244)","(114.92173800454383, 35.779819783699104)",河南省,濮阳市,323,6,13073,large,0.3039999999999998,18,19.701570158730156
900000198344,K1路(皇甫--高铁公交客运中心),K1,皇甫,高铁公交客运中心,2025-01-20 17:46:00,2025-01-20 18:53:40,22007.0,19.5135960591133,67.66666666666667,"(114.92168207146369, 35.780020773981924)","(115.14304445029791, 35.76764522240244)",河南省,濮阳市,316,7,15889,large,-0.3039999999999999,18,19.064121559310344
900000198345,K1路(高铁公交客运中心--皇甫),K1,高铁公交客运中心,皇甫,2025-01-20 17:49:00,2025-01-20 18:55:09,21964.0,19.921995464852607,66.15,"(115.14304445029791, 35.76764522240244)","(114.92173800454383, 35.779819783699104)",河南省,濮阳市,327,2,13073,large,0.3039999999999998,18,19.701570158730156
900000198344,K1路(皇甫--高铁公交客运中心),K1,皇甫,高铁公交客运中心,2025-01-20 18:00:00,2025-01-20 19:07:40,22007.0,19.5135960591133,67.66666666666667,"(114.92168207146369, 35.780020773981924)","(115.14304445029791, 35.76764522240244)",河南省,濮阳市,318,7,15889,large,-0.3039999999999999,18,19.064121559310344
900000198345,K1路(高铁公交客运中心--皇甫),K1,高铁公交客运中心,皇甫,2025-01-20 18:03:00,2025-01-20 19:09:09,21964.0,19.921995464852607,66.15,"(115.14304445029791, 35.76764522240244)","(114.92173800454383, 35.779819783699104)",河南省,濮阳市,314,7,13073,large,0.3039999999999998,18,19.701570158730156
900000198344,K1路(皇甫--高铁公交客运中心),K1,皇甫,高铁公交客运中心,2025-01-20 18:14:00,2025-01-20 19:21:40,22007.0,19.5135960591133,67.66666666666667,"(114.92168207146369, 35.780020773981924)","(115.14304445029791, 35.76764522240244)",河南省,濮阳市,328,1,15889,large,-0.3039999999999999,18,19.064121559310344
900000198345,K1路(高铁公交客运中心--皇甫),K1,高铁公交客运中心,皇甫,2025-01-20 18:17:00,2025-01-20 19:23:09,21964.0,19.921995464852607,66.15,"(115.14304445029791, 35.76764522240244)","(114.92173800454383, 35.779819783699104)",河南省,濮阳市,329,1,13073,large,0.3039999999999998,18,19.701570158730156
900000198344,K1路(皇甫--高铁公交客运中心),K1,皇甫,高铁公交客运中心,2025-01-20 18:29:00,2025-01-20 19:36:40,22007.0,19.5135960591133,67.66666666666667,"(114.92168207146369, 35.780020773981924)","(115.14304445029791, 35.76764522240244)",河南省,濮阳市,325,6,15889,large,-0.3039999999999999,18,19.064121559310344
900000198345,K1路(高铁公交客运中心--皇甫),K1,高铁公交客运中心,皇甫,2025-01-20 18:31:00,2025-01-20 19:37:09,21964.0,19.921995464852607,66.15,"(115.14304445029791, 35.76764522240244)","(114.92173800454383, 35.779819783699104)",河南省,濮阳市,315,7,13073,large,0.3039999999999998,18,19.701570158730156
900000198344,K1路(皇甫--高铁公交客运中心),K1,皇甫,高铁公交客运中心,2025-01-20 18:45:00,2025-01-20 19:52:40,22007.0,19.5135960591133,67.66666666666667,"(114.92168207146369, 35.780020773981924)","(115.14304445029791, 35.76764522240244)",河南省,濮阳市,322,7,15889,large,-0.3039999999999999,18,19.064121559310344
900000198345,K1路(高铁公交客运中心--皇甫),K1,高铁公交客运中心,皇甫,2025-01-20 18:45:00,2025-01-20 19:51:09,21964.0,19.921995464852607,66.15,"(115.14304445029791, 35.76764522240244)","(114.92173800454383, 35.779819783699104)",河南省,濮阳市,326,5,13073,large,0.3039999999999998,18,19.701570158730156
900000198345,K1路(高铁公交客运中心--皇甫),K1,高铁公交客运中心,皇甫,2025-01-20 18:59:00,2025-01-20 20:05:09,21964.0,19.921995464852607,66.15,"(115.14304445029791, 35.76764522240244)","(114.92173800454383, 35.779819783699104)",河南省,濮阳市,316,8,13073,large,0.3039999999999998,18,19.701570158730156
900000198344,K1路(皇甫--高铁公交客运中心),K1,皇甫,高铁公交客运中心,2025-01-20 19:00:00,2025-01-20 20:07:03,22007.0,19.693064876957497,67.05,"(114.92168207146369, 35.780020773981924)","(115.14304445029791, 35.76764522240244)",河南省,濮阳市,323,7,15889,large,-0.3039999999999999,18,19.091768551230427
900000209909,高铁快巴(图书馆--高铁公交客运中心),高铁快巴,图书馆,高铁公交客运中心,2025-01-20 09:45:00,2025-01-20 10:11:29,17906.0,40.56740088105727,26.4872,"(114.98629310133188, 35.80926225601412)","(115.14304645406683, 35.76764522575136)",河南省,濮阳市,330,1,15889,large,-0.114,5,17.049151961233473
900000209909,高铁快巴(图书馆--高铁公交客运中心),高铁快巴,图书馆,高铁公交客运中心,2025-01-20 12:45:00,2025-01-20 13:11:29,17906.0,40.56740088105727,26.4872,"(114.98629310133188, 35.80926225601412)","(115.14304645406683, 35.76764522575136)",河南省,濮阳市,330,2,15889,large,-0.114,5,17.049151961233473
900000209909,高铁快巴(图书馆--高铁公交客运中心),高铁快巴,图书馆,高铁公交客运中心,2025-01-20 13:45:00,2025-01-20 14:11:29,17906.0,40.56740088105727,26.4872,"(114.98629310133188, 35.80926225601412)","(115.14304645406683, 35.76764522575136)",河南省,濮阳市,330,3,15889,large,-0.114,5,17.049151961233473
900000209909,高铁快巴(图书馆--高铁公交客运中心),高铁快巴,图书馆,高铁公交客运中心,2025-01-20 15:45:00,2025-01-20 16:11:29,17906.0,40.56740088105727,26.4872,"(114.98629310133188, 35.80926225601412)","(115.14304645406683, 35.76764522575136)",河南省,濮阳市,330,4,15889,large,-0.114,5,17.049151961233473
900000209909,高铁快巴(图书馆--高铁公交客运中心),高铁快巴,图书馆,高铁公交客运中心,2025-01-20 16:45:00,2025-01-20 17:11:29,17906.0,40.56740088105727,26.4872,"(114.98629310133188, 35.80926225601412)","(115.14304645406683, 35.76764522575136)",河南省,濮阳市,330,5,15889,large,-0.114,5,17.049151961233473
900000209909,高铁快巴(图书馆--高铁公交客运中心),高铁快巴,图书馆,高铁公交客运中心,2025-01-20 17:45:00,2025-01-20 18:11:29,17906.0,40.56740088105727,26.4872,"(114.98629310133188, 35.80926225601412)","(115.14304645406683, 35.76764522575136)",河南省,濮阳市,330,6,15889,large,-0.114,5,17.049151961233473
